fromPointKind,toPointKind,containsBoundaryPoint,anyGapActive,doglegActive,airwayPrefix,awyLocation,rowCount,airwayCount,airwayPathCount,sampleAirwayKeys,sampleFromPointKeys,sampleToPointKeys,sampleSourceRowIds
BOUNDARY_POINT,BOUNDARY_POINT,true,false,false,J,A,1,1,1,AIRWAY:J507,POINT:BOUNDARY:U.S._CANADIAN_BORDER-2,POINT:BOUNDARY:U.S._CANADIAN_BORDER-3,2066
BOUNDARY_POINT,BOUNDARY_POINT,true,false,false,J,C,6,6,6,AIRWAY:J126|AIRWAY:J5|AIRWAY:J501|AIRWAY:J523|AIRWAY:J554|AIRWAY:J70,POINT:BOUNDARY:U.S._CANADIAN_BORDER-2|POINT:BOUNDARY:U.S._CANADIAN_BORDER-2|POINT:BOUNDARY:U.S._CANADIAN_BORDER-2|POINT:BOUNDARY:U.S._CANADIAN_BORDER-2|POINT:BOUNDARY:U.S._CANADIAN_BORDER-2|POINT:BOUNDARY:U.S._CANADIAN_BORDER-2,POINT:BOUNDARY:U.S._CANADIAN_BORDER-3|POINT:BOUNDARY:U.S._CANADIAN_BORDER-3|POINT:BOUNDARY:U.S._CANADIAN_BORDER-3|POINT:BOUNDARY:U.S._CANADIAN_BORDER-3|POINT:BOUNDARY:U.S._CANADIAN_BORDER-3|POINT:BOUNDARY:U.S._CANADIAN_BORDER-3,1058|1983|2029|2124|2183|2441
BOUNDARY_POINT,BOUNDARY_POINT,true,false,false,Q,A,3,2,2,AIRWAY:Q801|AIRWAY:Q902,POINT:BOUNDARY:U.S._CANADIAN_BORDER-1|POINT:BOUNDARY:U.S._CANADIAN_BORDER-4|POINT:BOUNDARY:U.S._CANADIAN_BORDER-1,POINT:BOUNDARY:U.S._CANADIAN_BORDER-2|POINT:BOUNDARY:U.S._CANADIAN_BORDER-5|POINT:BOUNDARY:U.S._CANADIAN_BORDER-2,4793|5054|5044
BOUNDARY_POINT,BOUNDARY_POINT,true,false,false,Q,C,16,14,14,AIRWAY:Q140|AIRWAY:Q186|AIRWAY:Q190|AIRWAY:Q436|AIRWAY:Q438|AIRWAY:Q440|AIRWAY:Q812|AIRWAY:Q816|AIRWAY:Q818|AIRWAY:Q822,POINT:BOUNDARY:U.S._CANADIAN_BORDER-1|POINT:BOUNDARY:U.S._CANADIAN_BORDER-1|POINT:BOUNDARY:U.S._CANADIAN_BORDER-1|POINT:BOUNDARY:U.S._CANADIAN_BORDER-1|POINT:BOUNDARY:U.S._CANADIAN_BORDER-1|POINT:BOUNDARY:U.S._CANADIAN_BORDER-1|POINT:BOUNDARY:U.S._CANADIAN_BORDER-2|POINT:BOUNDARY:U.S._CANADIAN_BORDER-1|POINT:BOUNDARY:U.S._CANADIAN_BORDER-2|POINT:BOUNDARY:U.S._CANADIAN_BORDER-2,POINT:BOUNDARY:U.S._CANADIAN_BORDER-2|POINT:BOUNDARY:U.S._CANADIAN_BORDER-2|POINT:BOUNDARY:U.S._CANADIAN_BORDER-2|POINT:BOUNDARY:U.S._CANADIAN_BORDER-2|POINT:BOUNDARY:U.S._CANADIAN_BORDER-2|POINT:BOUNDARY:U.S._CANADIAN_BORDER-2|POINT:BOUNDARY:U.S._CANADIAN_BORDER-1|POINT:BOUNDARY:U.S._CANADIAN_BORDER-2|POINT:BOUNDARY:U.S._CANADIAN_BORDER-4|POINT:BOUNDARY:U.S._CANADIAN_BORDER-1,3730|4009|4041|4360|4386|4425|4837|4852|4862|4885
BOUNDARY_POINT,BOUNDARY_POINT,true,false,false,T,C,9,7,7,AIRWAY:T608|AIRWAY:T675|AIRWAY:T739|AIRWAY:T765|AIRWAY:T776|AIRWAY:T781|AIRWAY:T810,POINT:BOUNDARY:U.S._CANADIAN_BORDER-2|POINT:BOUNDARY:U.S._CANADIAN_BORDER-1|POINT:BOUNDARY:U.S._CANADIAN_BORDER-2|POINT:BOUNDARY:U.S._CANADIAN_BORDER-1|POINT:BOUNDARY:U.S._CANADIAN_BORDER-3|POINT:BOUNDARY:U.S._CANADIAN_BORDER-2|POINT:BOUNDARY:U.S._CANADIAN_BORDER-4|POINT:BOUNDARY:U.S._CANADIAN_BORDER-1|POINT:BOUNDARY:U.S._CANADIAN_BORDER-1,POINT:BOUNDARY:U.S._CANADIAN_BORDER-3|POINT:BOUNDARY:U.S._CANADIAN_BORDER-2|POINT:BOUNDARY:U.S._CANADIAN_BORDER-4|POINT:BOUNDARY:U.S._CANADIAN_BORDER-2|POINT:BOUNDARY:U.S._CANADIAN_BORDER-5|POINT:BOUNDARY:U.S._CANADIAN_BORDER-3|POINT:BOUNDARY:U.S._CANADIAN_BORDER-5|POINT:BOUNDARY:U.S._CANADIAN_BORDER-2|POINT:BOUNDARY:U.S._CANADIAN_BORDER-3,9334|9408|9464|9483|9489|9502|9507|9518|9530
BOUNDARY_POINT,BOUNDARY_POINT,true,false,false,V,C,1,1,1,AIRWAY:V300,POINT:BOUNDARY:U.S._CANADIAN_BORDER-3,POINT:BOUNDARY:U.S._CANADIAN_BORDER-12,14212
BOUNDARY_POINT,FIX,true,false,false,J,A,1,1,1,AIRWAY:J507,POINT:BOUNDARY:U.S._CANADIAN_BORDER-3,POINT:FIX:CFZMR:PA,2067
BOUNDARY_POINT,FIX,true,false,false,J,C,17,17,17,AIRWAY:J1|AIRWAY:J126|AIRWAY:J13|AIRWAY:J21|AIRWAY:J22|AIRWAY:J25|AIRWAY:J26|AIRWAY:J29|AIRWAY:J42|AIRWAY:J5,POINT:BOUNDARY:U.S._MEXICAN_BORDER-2|POINT:BOUNDARY:U.S._CANADIAN_BORDER-3|POINT:BOUNDARY:U.S._MEXICAN_BORDER-2|POINT:BOUNDARY:U.S._MEXICAN_BORDER-2|POINT:BOUNDARY:U.S._MEXICAN_BORDER-3|POINT:BOUNDARY:U.S._MEXICAN_BORDER-1|POINT:BOUNDARY:U.S._MEXICAN_BORDER-3|POINT:BOUNDARY:U.S._MEXICAN_BORDER-2|POINT:BOUNDARY:U.S._MEXICAN_BORDER-3|POINT:BOUNDARY:U.S._CANADIAN_BORDER-3,POINT:FIX:TEYON:K2|POINT:FIX:CFQLS:K1|POINT:FIX:BECON:K2|POINT:FIX:TTXOX:K4|POINT:FIX:CFDNC:K4|POINT:FIX:GROSZ:K4|POINT:FIX:FARCY:K4|POINT:FIX:DEVOE:K4|POINT:FIX:AMUKI:MM|POINT:FIX:CFJCC:K1,790|1059|1086|1570|1606|1690|1710|1738|1892|1984
BOUNDARY_POINT,FIX,true,false,false,Q,A,3,2,2,AIRWAY:Q801|AIRWAY:Q902,POINT:BOUNDARY:U.S._CANADIAN_BORDER-2|POINT:BOUNDARY:U.S._CANADIAN_BORDER-5|POINT:BOUNDARY:U.S._CANADIAN_BORDER-2,POINT:FIX:EEVER:PA|POINT:FIX:DISCO:K1|POINT:FIX:WOGUS:PA,4794|5055|5045
BOUNDARY_POINT,FIX,true,false,false,Q,C,22,20,20,AIRWAY:Q140|AIRWAY:Q186|AIRWAY:Q190|AIRWAY:Q436|AIRWAY:Q438|AIRWAY:Q440|AIRWAY:Q806|AIRWAY:Q812|AIRWAY:Q816|AIRWAY:Q818,POINT:BOUNDARY:U.S._CANADIAN_BORDER-2|POINT:BOUNDARY:U.S._CANADIAN_BORDER-2|POINT:BOUNDARY:U.S._CANADIAN_BORDER-2|POINT:BOUNDARY:U.S._CANADIAN_BORDER-2|POINT:BOUNDARY:U.S._CANADIAN_BORDER-2|POINT:BOUNDARY:U.S._CANADIAN_BORDER-2|POINT:BOUNDARY:U.S._CANADIAN_BORDER-1|POINT:BOUNDARY:U.S._CANADIAN_BORDER-1|POINT:BOUNDARY:U.S._CANADIAN_BORDER-2|POINT:BOUNDARY:U.S._CANADIAN_BORDER-4,POINT:FIX:RAGIX:K6|POINT:FIX:FOODO:K5|POINT:FIX:PRANI:K5|POINT:FIX:CFHHD:K6|POINT:FIX:CFKHS:K6|POINT:FIX:CFKHS:K6|POINT:FIX:VINDI:K6|POINT:FIX:CFQHD:K6|POINT:FIX:CFQHD:K6|POINT:FIX:CFTBR:K6,3731|4010|4042|4361|4387|4426|4801|4838|4853|4863
BOUNDARY_POINT,FIX,true,false,false,T,A,2,2,2,AIRWAY:T266|AIRWAY:T719,POINT:BOUNDARY:U.S._CANADIAN_BORDER-1|POINT:BOUNDARY:U.S._CANADIAN_BORDER-3,POINT:FIX:SPUTA:PA|POINT:FIX:EEVER:PA,6421|9454
BOUNDARY_POINT,FIX,true,false,false,T,C,15,10,10,AIRWAY:T634|AIRWAY:T645|AIRWAY:T662|AIRWAY:T675|AIRWAY:T698|AIRWAY:T739|AIRWAY:T765|AIRWAY:T776|AIRWAY:T781|AIRWAY:T810,POINT:BOUNDARY:U.S.CANADIAN_BORDER-2|POINT:BOUNDARY:U.S._CANADIAN_BORDER-1|POINT:BOUNDARY:U.S._CANADIAN_BORDER-1|POINT:BOUNDARY:U.S._CANADIAN_BORDER-2|POINT:BOUNDARY:U.S._CANADIAN_BORDER-1|POINT:BOUNDARY:U.S._CANADIAN_BORDER-1|POINT:BOUNDARY:U.S._CANADIAN_BORDER-4|POINT:BOUNDARY:U.S._CANADIAN_BORDER-2|POINT:BOUNDARY:U.S._CANADIAN_BORDER-5|POINT:BOUNDARY:U.S._CANADIAN_BORDER-1,POINT:FIX:VIBRU:K6|POINT:FIX:EPSOP:K1|POINT:FIX:DEPRI:K6|POINT:FIX:NOJJE:K5|POINT:FIX:EBGIX:K6|POINT:FIX:KATEK:K6|POINT:FIX:KERVO:K6|POINT:FIX:ASIXX:K3|POINT:FIX:LCROS:K3|POINT:FIX:KAYCY:K5,9367|9396|9402|9409|9413|9459|9465|9484|9490|9499
BOUNDARY_POINT,FIX,true,false,false,V,A,3,3,3,AIRWAY:V309|AIRWAY:V317|AIRWAY:V440,POINT:BOUNDARY:U.S._CANADIAN_BORDER-4|POINT:BOUNDARY:U.S._CANADIAN_BORDER-3|POINT:BOUNDARY:U.S._CANADIAN_BORDER-1,POINT:FIX:WAZUR:PA|POINT:FIX:CFTBX:PA|POINT:FIX:MOCKA:CY,14291|14369|15872
BOUNDARY_POINT,FIX,true,false,false,V,C,7,7,7,AIRWAY:V163|AIRWAY:V280|AIRWAY:V300|AIRWAY:V359|AIRWAY:V625|AIRWAY:V70|AIRWAY:V81,POINT:BOUNDARY:U.S._MEXICAN_BORDER-2|POINT:BOUNDARY:U.S._MEXICAN_BORDER-3|POINT:BOUNDARY:U.S._CANADIAN_BORDER-12|POINT:BOUNDARY:U.S._MEXICAN_BORDER-3|POINT:BOUNDARY:U.S._MEXICAN_BORDER-1|POINT:BOUNDARY:U.S._MEXICAN_BORDER-4|POINT:BOUNDARY:U.S._MEXICAN_BORDER-2,POINT:FIX:GROSZ:K4|POINT:FIX:FARCY:K4|POINT:FIX:IILND:K5|POINT:FIX:CFDNC:K4|POINT:FIX:BITVE:K2|POINT:FIX:CFGFF:K4|POINT:FIX:CFHBX:K4,11238|13804|14213|14820|17819|18087|18455
BOUNDARY_POINT,NAVAID,true,false,false,V,C,2,2,2,AIRWAY:V21|AIRWAY:V387,POINT:BOUNDARY:U.S._CANADIAN_BORDER-2|POINT:BOUNDARY:U.S._MEXICAN_BORDER-1,POINT:NAVAID:YQL:VOR/DME:CA::LETHBRIDGE|POINT:NAVAID:REX:VOR/DME:MX::REYNOSA,12431|15100
FIX,BOUNDARY_POINT,true,false,false,J,A,2,2,2,AIRWAY:J167|AIRWAY:J536,POINT:FIX:POTAT:PA|POINT:FIX:CFCLG:PA,POINT:BOUNDARY:U.S._CANADIAN_BORDER-2|POINT:BOUNDARY:U.S._CANADIAN_BORDER-2,1368|2132
FIX,BOUNDARY_POINT,true,false,false,J,C,17,17,17,AIRWAY:J126|AIRWAY:J13|AIRWAY:J141|AIRWAY:J177|AIRWAY:J478|AIRWAY:J5|AIRWAY:J503|AIRWAY:J505|AIRWAY:J516|AIRWAY:J530,POINT:FIX:CFGFX:K1|POINT:FIX:CFNGJ:K1|POINT:FIX:WIPPO:K4|POINT:FIX:KANNA:K4|POINT:FIX:CFCKK:K1|POINT:FIX:CFDCT:K1|POINT:FIX:CFKNF:K1|POINT:FIX:CFRCR:K1|POINT:FIX:CFNGJ:K1|POINT:FIX:GGRBI:K1,POINT:BOUNDARY:U.S._CANADIAN_BORDER-4|POINT:BOUNDARY:U.S._CANADIAN_BORDER-3|POINT:BOUNDARY:U.S._MEXICAN_BORDER-1|POINT:BOUNDARY:U.S._MEXICAN_BORDER-1|POINT:BOUNDARY:U.S._CANADIAN_BORDER-2|POINT:BOUNDARY:U.S._CANADIAN_BORDER-4|POINT:BOUNDARY:U.S._CANADIAN_BORDER-2|POINT:BOUNDARY:U.S._CANADIAN_BORDER-2|POINT:BOUNDARY:U.S._CANADIAN_BORDER-2|POINT:BOUNDARY:U.S._CANADIAN_BORDER-2,1061|1100|1179|1405|1943|1986|2053|2059|2091|2129
FIX,BOUNDARY_POINT,true,false,false,Q,C,6,6,6,AIRWAY:Q824|AIRWAY:Q842|AIRWAY:Q844|AIRWAY:Q848|AIRWAY:Q905|AIRWAY:Q923,POINT:FIX:CFWBG:K5|POINT:FIX:CFXHJ:K1|POINT:FIX:VIBRU:K6|POINT:FIX:CFZJP:K5|POINT:FIX:CFJBZ:K5|POINT:FIX:CFNBB:K5,POINT:BOUNDARY:U.S._CANADIAN_BORDER-1|POINT:BOUNDARY:U.S._CANADIAN_BORDER-1|POINT:BOUNDARY:U.S._CANADIAN_BORDER-1|POINT:BOUNDARY:U.S._CANADIAN_BORDER-1|POINT:BOUNDARY:U.S._CANADIAN_BORDER-1|POINT:BOUNDARY:U.S._CANADIAN_BORDER-1,4899|4932|4935|4939|5060|5093
FIX,BOUNDARY_POINT,true,false,false,T,C,1,1,1,AIRWAY:T616,POINT:FIX:CFTCS:K5,POINT:BOUNDARY:U.S._CANADIAN_BORDER-1,9365
FIX,BOUNDARY_POINT,true,false,false,V,A,1,1,1,AIRWAY:V444,POINT:FIX:OLARU:PA,POINT:BOUNDARY:U.S._CANADIAN_BORDER-1,15936
FIX,BOUNDARY_POINT,true,false,false,V,C,6,6,6,AIRWAY:V133|AIRWAY:V300|AIRWAY:V367|AIRWAY:V39|AIRWAY:V393|AIRWAY:V395,POINT:FIX:JGKPL:K3|POINT:FIX:MRUCI:K5|POINT:FIX:JGRLN:K3|POINT:FIX:GRINS:K6|POINT:FIX:CFSMG:K2|POINT:FIX:CFWHS:K2,POINT:BOUNDARY:U.S._CANADIAN_BORDER-6|POINT:BOUNDARY:U.S._CANADIAN_BORDER-8|POINT:BOUNDARY:U.S._CANADIAN_BORDER-2|POINT:BOUNDARY:U.S._CANADIAN_BORDER-2|POINT:BOUNDARY:U.S._MEXICAN_BORDER-1|POINT:BOUNDARY:U.S._MEXICAN_BORDER-1,10426|14216|14896|15174|15207|15232
FIX,BOUNDARY_POINT,true,false,true,J,C,1,1,1,AIRWAY:J540,POINT:FIX:STIGS:K1,POINT:BOUNDARY:U.S._CANADIAN_BORDER-3,2156
FIX,BOUNDARY_POINT,true,false,true,Q,A,1,1,1,AIRWAY:Q811,POINT:FIX:OYELI:PA,POINT:BOUNDARY:U.S._CANADIAN_BORDER-1,4830
FIX,BOUNDARY_POINT,true,false,true,Q,C,12,12,12,AIRWAY:Q1|AIRWAY:Q151|AIRWAY:Q29|AIRWAY:Q475|AIRWAY:Q806|AIRWAY:Q822|AIRWAY:Q864|AIRWAY:Q907|AIRWAY:Q924|AIRWAY:Q945,POINT:FIX:SQUIM:K1|POINT:FIX:EDGES:K1|POINT:FIX:DUNOM:K6|POINT:FIX:TUSKY:K|POINT:FIX:VIGDU:K6|POINT:FIX:ALLEX:K|POINT:FIX:TUGUB:K6|POINT:FIX:IMAMA:K6|POINT:FIX:BEKRR:K3|POINT:FIX:OSMEE:K3,POINT:BOUNDARY:U.S._CANADIAN_BORDER-1|POINT:BOUNDARY:U.S._CANADIAN_BORDER-1|POINT:BOUNDARY:U.S._CANADIAN_BORDER-1|POINT:BOUNDARY:U.S._CANADIAN_BORDER-1|POINT:BOUNDARY:U.S._CANADIAN_BORDER-2|POINT:BOUNDARY:U.S._CANADIAN_BORDER-3|POINT:BOUNDARY:U.S._CANADIAN_BORDER-2|POINT:BOUNDARY:U.S._CANADIAN_BORDER-4|POINT:BOUNDARY:U.S._CANADIAN_BORDER-1|POINT:BOUNDARY:U.S._CANADIAN_BORDER-1,3367|3834|4175|4460|4805|4895|4962|5069|5103|5150
FIX,BOUNDARY_POINT,true,false,true,T,A,1,1,1,AIRWAY:T372,POINT:FIX:OLARU:PA,POINT:BOUNDARY:U.S._CANADIAN_BORDER-1,8055
FIX,BOUNDARY_POINT,true,false,true,T,C,11,11,11,AIRWAY:T331|AIRWAY:T407|AIRWAY:T487|AIRWAY:T645|AIRWAY:T675|AIRWAY:T698|AIRWAY:T705|AIRWAY:T739|AIRWAY:T765|AIRWAY:T768,POINT:FIX:BEKRR:K3|POINT:FIX:ZOMTA:K3|POINT:FIX:DISCO:K1|POINT:FIX:IKLIT:K1|POINT:FIX:RUXDU:K5|POINT:FIX:ACTON:K6|POINT:FIX:MUTNA:K6|POINT:FIX:DANOL:K6|POINT:FIX:CALDU:K3|POINT:FIX:ARBBY:K3,POINT:BOUNDARY:U.S._CANADIAN_BORDER-1|POINT:BOUNDARY:U.S._CANADIAN_BORDER-1|POINT:BOUNDARY:U.S._CANADIAN_BORDER-1|POINT:BOUNDARY:U.S.CANADIAN_BORDER-2|POINT:BOUNDARY:U.S._CANADIAN_BORDER-3|POINT:BOUNDARY:U.S._CANADIAN_BORDER-2|POINT:BOUNDARY:U.S._CANADIAN_BORDER-1|POINT:BOUNDARY:U.S._CANADIAN_BORDER-3|POINT:BOUNDARY:U.S._CANADIAN_BORDER-6|POINT:BOUNDARY:U.S._CANADIAN_BORDER-1,7564|8455|9220|9400|9411|9416|9451|9471|9492|9497
FIX,BOUNDARY_POINT,true,true,false,J,A,1,1,1,AIRWAY:J507,POINT:FIX:CFXBV:PA,POINT:BOUNDARY:U.S._CANADIAN_BORDER-2,2065
FIX,BOUNDARY_POINT,true,true,false,J,C,3,3,3,AIRWAY:J523|AIRWAY:J554|AIRWAY:J70,POINT:FIX:CFSKH:K1|POINT:FIX:CFHFC:K5|POINT:FIX:CFGFT:K5,POINT:BOUNDARY:U.S._CANADIAN_BORDER-2|POINT:BOUNDARY:U.S._CANADIAN_BORDER-2|POINT:BOUNDARY:U.S._CANADIAN_BORDER-2,2123|2182|2440
FIX,BOUNDARY_POINT,true,true,false,Q,C,8,7,7,AIRWAY:Q440|AIRWAY:Q812|AIRWAY:Q816|AIRWAY:Q818|AIRWAY:Q822|AIRWAY:Q917|AIRWAY:Q935,POINT:FIX:CFJHV:K5|POINT:FIX:CFPXT:K5|POINT:FIX:CFRCN:K5|POINT:FIX:CFSMW:K5|POINT:FIX:CFSMW:K5|POINT:FIX:CFNBP:K5|POINT:FIX:CFPWF:K5|POINT:FIX:CFRCN:K5,POINT:BOUNDARY:U.S._CANADIAN_BORDER-1|POINT:BOUNDARY:U.S._CANADIAN_BORDER-2|POINT:BOUNDARY:U.S._CANADIAN_BORDER-1|POINT:BOUNDARY:U.S._CANADIAN_BORDER-2|POINT:BOUNDARY:U.S._CANADIAN_BORDER-2|POINT:BOUNDARY:U.S._CANADIAN_BORDER-1|POINT:BOUNDARY:U.S._CANADIAN_BORDER-4|POINT:BOUNDARY:U.S._CANADIAN_BORDER-2,4424|4836|4851|4861|4884|5076|5080|5130
FIX,BOUNDARY_POINT,true,true,true,Q,A,3,2,2,AIRWAY:Q801|AIRWAY:Q902,POINT:FIX:CYVIC:K1|POINT:FIX:HIGHE:PA|POINT:FIX:AYZOL:PA,POINT:BOUNDARY:U.S._CANADIAN_BORDER-1|POINT:BOUNDARY:U.S._CANADIAN_BORDER-4|POINT:BOUNDARY:U.S._CANADIAN_BORDER-1,4792|5053|5043
FIX,BOUNDARY_POINT,true,true,true,Q,C,7,6,6,AIRWAY:Q186|AIRWAY:Q190|AIRWAY:Q436|AIRWAY:Q438|AIRWAY:Q907|AIRWAY:Q951,POINT:FIX:STUNK:K5|POINT:FIX:RONZY:K5|POINT:FIX:CFGCQ:K5|POINT:FIX:CFJHV:K5|POINT:FIX:GADAV:K5|POINT:FIX:TALNO:K6|POINT:FIX:GADAV:K5,POINT:BOUNDARY:U.S._CANADIAN_BORDER-1|POINT:BOUNDARY:U.S._CANADIAN_BORDER-1|POINT:BOUNDARY:U.S._CANADIAN_BORDER-1|POINT:BOUNDARY:U.S._CANADIAN_BORDER-1|POINT:BOUNDARY:U.S._CANADIAN_BORDER-5|POINT:BOUNDARY:U.S._CANADIAN_BORDER-2|POINT:BOUNDARY:U.S._CANADIAN_BORDER-4,4008|4040|4359|4385|5065|5161|5155
FIX,BOUNDARY_POINT,true,true,true,T,C,8,6,6,AIRWAY:T608|AIRWAY:T675|AIRWAY:T765|AIRWAY:T776|AIRWAY:T781|AIRWAY:T810,POINT:FIX:CFSKT:K5|POINT:FIX:BBIGG:K5|POINT:FIX:BBLUE:K5|POINT:FIX:KORTY:K3|POINT:FIX:KMNGO:K5|POINT:FIX:RRBEE:K5|POINT:FIX:CFKMG:K5|POINT:FIX:JEORG:K5,POINT:BOUNDARY:U.S._CANADIAN_BORDER-2|POINT:BOUNDARY:U.S._CANADIAN_BORDER-1|POINT:BOUNDARY:U.S._CANADIAN_BORDER-1|POINT:BOUNDARY:U.S._CANADIAN_BORDER-3|POINT:BOUNDARY:U.S._CANADIAN_BORDER-2|POINT:BOUNDARY:U.S._CANADIAN_BORDER-4|POINT:BOUNDARY:U.S._CANADIAN_BORDER-1|POINT:BOUNDARY:U.S._CANADIAN_BORDER-1,9333|9407|9482|9488|9501|9506|9517|9529
FIX,FIX,false,true,false,M,C,1,1,1,AIRWAY:M348,POINT:FIX:ALBBE:K7,POINT:FIX:KATOK:TJ,3226
FIX,FIX,false,true,false,V,C,9,9,9,AIRWAY:V115|AIRWAY:V165|AIRWAY:V209|AIRWAY:V228|AIRWAY:V23|AIRWAY:V259|AIRWAY:V356|AIRWAY:V415|AIRWAY:V97,POINT:FIX:BOAZE:K7|POINT:FIX:EXTRA:K2|POINT:FIX:YARBO:K7|POINT:FIX:BESIE:K5|POINT:FIX:FRAME:K2|POINT:FIX:HUSTN:K7|POINT:FIX:FIDLE:K2|POINT:FIX:HEFIN:K7|POINT:FIX:PRATZ:K7,POINT:FIX:DUBBS:K7|POINT:FIX:MARRI:K2|POINT:FIX:EUTAW:K7|POINT:FIX:FARMM:K5|POINT:FIX:EBTUW:K2|POINT:FIX:MOPED:K7|POINT:FIX:ELORE:K2|POINT:FIX:NELLO:K7|POINT:FIX:NELLO:K7,9976|11290|12346|12745|12782|13372|14785|15476|18837
FIX,FIX,false,true,true,V,C,1,1,1,AIRWAY:V93,POINT:FIX:LAAYK:K6,POINT:FIX:HELON:K6,18724
FIX,NAVAID,false,true,false,V,C,8,8,8,AIRWAY:V103|AIRWAY:V154|AIRWAY:V187|AIRWAY:V278|AIRWAY:V3|AIRWAY:V365|AIRWAY:V38|AIRWAY:V417,POINT:FIX:MAYOS:K7|POINT:FIX:TIROE:K7|POINT:FIX:THICK:K1|POINT:FIX:HAMPT:K4|POINT:FIX:OWENS:K7|POINT:FIX:SABAT:K1|POINT:FIX:WINES:K5|POINT:FIX:NELLO:K7,POINT:NAVAID:EKN:VORTAC:US:WV:ELKINS|POINT:NAVAID:DBN:VORTAC:US:GA:DUBLIN|POINT:NAVAID:OLM:VORTAC:US:WA:OLYMPIA|POINT:NAVAID:GLH:VOR/DME:US:MS:GREENVILLE|POINT:NAVAID:FLO:VORTAC:US:SC:FLORENCE|POINT:NAVAID:LVM:VOR/DME:US:MT:LIVINGSTON|POINT:NAVAID:JPU:VOR/DME:US:WV:PARKERSBURG|POINT:NAVAID:AHN:VOR/DME:US:GA:ATHENS,9714|10874|11808|13773|14138|14869|15039|15492
NAVAID,FIX,false,true,false,V,C,5,5,5,AIRWAY:V10|AIRWAY:V266|AIRWAY:V325|AIRWAY:V35|AIRWAY:V454,POINT:NAVAID:BRL:VOR/DME:US:IA:BURLINGTON|POINT:NAVAID:SBV:VORTAC:US:VA:SOUTH_BOSTON|POINT:NAVAID:AHN:VOR/DME:US:GA:ATHENS|POINT:NAVAID:PIE:VORTAC:US:FL:ST_PETERSBURG-CLEARWATER|POINT:NAVAID:MVC:VORTAC:US:AL:MONROEVILLE,POINT:FIX:NILES:K5|POINT:FIX:SUNNS:K7|POINT:FIX:DALAS:K7|POINT:FIX:SINCA:K7|POINT:FIX:GIZMO:K7,9641|13512|14528|14727|16097
NAVAID,FIX,false,true,false,V,H,2,2,2,AIRWAY:V17|AIRWAY:V7,POINT:NAVAID:OGG:VORTAC:US:HI:KAHULUI|POINT:NAVAID:MKK:VORTAC:US:HI:KAUNAKAKAI,POINT:FIX:STAIT:PH|POINT:FIX:JOELE:P,11468|18081
NAVAID,NAVAID,false,true,false,J,C,14,14,14,AIRWAY:J100|AIRWAY:J101|AIRWAY:J128|AIRWAY:J134|AIRWAY:J138|AIRWAY:J20|AIRWAY:J24|AIRWAY:J52|AIRWAY:J64|AIRWAY:J65,POINT:NAVAID:SNY:VOR/DME:US:NE:SIDNEY|POINT:NAVAID:SPI:VORTAC:US:IL:SPRINGFIELD|POINT:NAVAID:HCT:VORTAC:US:NE:HAYES_CENTER|POINT:NAVAID:CIM:VORTAC:US:NM:CIMARRON|POINT:NAVAID:SAT:VORTAC:US:TX:SAN_ANTONIO|POINT:NAVAID:LAA:VOR/DME:US:CO:LAMAR|POINT:NAVAID:CHE:VOR/DME:US:CO:HAYDEN|POINT:NAVAID:LAA:VOR/DME:US:CO:LAMAR|POINT:NAVAID:HLC:VORTAC:US:KS:HILL_CITY|POINT:NAVAID:EHF:VORTAC:US:CA:BAKERSFIELD,POINT:NAVAID:DBQ:VORTAC:US:IA:DUBUQUE|POINT:NAVAID:OBK:VOR/DME:US:IL:NORTHBROOK|POINT:NAVAID:DBQ:VORTAC:US:IA:DUBUQUE|POINT:NAVAID:ICT:VORTAC:US:KS:WICHITA|POINT:NAVAID:LCH:VORTAC:US:LA:LAKE_CHARLES|POINT:NAVAID:IRW:VORTAC:US:OK:OKLAHOMA_CITY|POINT:NAVAID:HGO:VOR/DME:US:CO:HUGO|POINT:NAVAID:ADM:VORTAC:US:OK:ARDMORE|POINT:NAVAID:FWA:VORTAC:US:IN:FORT_WAYNE|POINT:NAVAID:SAC:VORTAC:US:CA:SACRAMENTO,833|848|1079|1123|1157|1541|1660|2106|2349|2377
NAVAID,NAVAID,false,true,false,V,C,95,74,74,AIRWAY:V1|AIRWAY:V100|AIRWAY:V108|AIRWAY:V113|AIRWAY:V114|AIRWAY:V115|AIRWAY:V12|AIRWAY:V13|AIRWAY:V132|AIRWAY:V138,POINT:NAVAID:ISO:VORTAC:US:NC:KINSTON|POINT:NAVAID:ONL:VORTAC:US:NE:O_NEILL|POINT:NAVAID:LIN:VOR/DME:US:CA:LINDEN|POINT:NAVAID:PRB:VORTAC:US:CA:PASO_ROBLES|POINT:NAVAID:BYP:VORTAC:US:TX:BONHAM|POINT:NAVAID:VXV:VORTAC:US:TN:KNOXVILLE|POINT:NAVAID:MMB:VORTAC:US:OK:GAGE|POINT:NAVAID:SHB:VOR/DME:US:IN:SHELBYVILLE|POINT:NAVAID:RZC:VORTAC:US:AR:FAYETTEVILLE|POINT:NAVAID:HUT:VOR/DME:US:KS:HUTCHINSON,POINT:NAVAID:ATR:VOR/DME:US:DE:WATERLOO|POINT:NAVAID:ALO:VOR/DME:US:IA:WATERLOO|POINT:NAVAID:EKR:VOR/DME:US:CO:MEEKER|POINT:NAVAID:PXN:VORTAC:US:CA:PANOCHE|POINT:NAVAID:GGG:VORTAC:US:TX:LONGVIEW|POINT:NAVAID:HVQ:VOR/DME:US:WV:CHARLESTON|POINT:NAVAID:ICT:VORTAC:US:KS:WICHITA|POINT:NAVAID:AGC:VOR/DME:US:PA:PITTSBURGH|POINT:NAVAID:BUM:VORTAC:US:MO:BUTLER|POINT:NAVAID:SGF:VORTAC:US:MO:SPRINGFIELD,9572|9659|9795|9886|9931|9980|10045|10076|10343|10392
NAVAID,NAVAID,false,true,true,V,C,1,1,1,AIRWAY:V20,POINT:NAVAID:MGM:VORTAC:US:AL:MONTGOMERY,POINT:NAVAID:AHN:VOR/DME:US:GA:ATHENS,12199
