airwayKey,airwayPathKey,anyGapActive,gapFlagRaw,signalGapFlagRaw,doglegRaw,sourceTable,rowCount,sampleFromPointKeys,sampleToPointKeys,sampleSourceRowIds
AIRWAY:J1,AIRWAY_PATH:J1:C,false,N,N,N,AWY_SEG_ALT,1,POINT:BOUNDARY:U.S._MEXICAN_BORDER-2,POINT:FIX:TEYON:K2,790
AIRWAY:J100,AIRWAY_PATH:J100:C,true,Y,N,N,AWY_SEG_ALT,1,POINT:NAVAID:SNY:VOR/DME:US:NE:SIDNEY,POINT:NAVAID:DBQ:VORTAC:US:IA:DUBUQUE,833
AIRWAY:J101,AIRWAY_PATH:J101:C,true,Y,N,N,AWY_SEG_ALT,1,POINT:NAVAID:SPI:VORTAC:US:IL:SPRINGFIELD,POINT:NAVAID:OBK:VOR/DME:US:IL:NORTHBROOK,848
AIRWAY:J126,AIRWAY_PATH:J126:C,false,N,N,N,AWY_SEG_ALT,3,POINT:BOUNDARY:U.S._CANADIAN_BORDER-2|POINT:BOUNDARY:U.S._CANADIAN_BORDER-3|POINT:FIX:CFGFX:K1,POINT:BOUNDARY:U.S._CANADIAN_BORDER-3|POINT:FIX:CFQLS:K1|POINT:BOUNDARY:U.S._CANADIAN_BORDER-4,1058|1059|1061
AIRWAY:J128,AIRWAY_PATH:J128:C,true,Y,N,N,AWY_SEG_ALT,1,POINT:NAVAID:HCT:VORTAC:US:NE:HAYES_CENTER,POINT:NAVAID:DBQ:VORTAC:US:IA:DUBUQUE,1079
AIRWAY:J13,AIRWAY_PATH:J13:C,false,N,N,N,AWY_SEG_ALT,2,POINT:BOUNDARY:U.S._MEXICAN_BORDER-2|POINT:FIX:CFNGJ:K1,POINT:FIX:BECON:K2|POINT:BOUNDARY:U.S._CANADIAN_BORDER-3,1086|1100
AIRWAY:J134,AIRWAY_PATH:J134:C,true,Y,N,N,AWY_SEG_ALT,1,POINT:NAVAID:CIM:VORTAC:US:NM:CIMARRON,POINT:NAVAID:ICT:VORTAC:US:KS:WICHITA,1123
AIRWAY:J138,AIRWAY_PATH:J138:C,true,Y,N,N,AWY_SEG_ALT,1,POINT:NAVAID:SAT:VORTAC:US:TX:SAN_ANTONIO,POINT:NAVAID:LCH:VORTAC:US:LA:LAKE_CHARLES,1157
AIRWAY:J141,AIRWAY_PATH:J141:C,false,N,N,N,AWY_SEG_ALT,1,POINT:FIX:WIPPO:K4,POINT:BOUNDARY:U.S._MEXICAN_BORDER-1,1179
AIRWAY:J167,AIRWAY_PATH:J167:A,false,N,N,N,AWY_SEG_ALT,1,POINT:FIX:POTAT:PA,POINT:BOUNDARY:U.S._CANADIAN_BORDER-2,1368
AIRWAY:J177,AIRWAY_PATH:J177:C,false,N,N,N,AWY_SEG_ALT,1,POINT:FIX:KANNA:K4,POINT:BOUNDARY:U.S._MEXICAN_BORDER-1,1405
AIRWAY:J20,AIRWAY_PATH:J20:C,true,Y,N,N,AWY_SEG_ALT,1,POINT:NAVAID:LAA:VOR/DME:US:CO:LAMAR,POINT:NAVAID:IRW:VORTAC:US:OK:OKLAHOMA_CITY,1541
AIRWAY:J21,AIRWAY_PATH:J21:C,false,N,N,N,AWY_SEG_ALT,1,POINT:BOUNDARY:U.S._MEXICAN_BORDER-2,POINT:FIX:TTXOX:K4,1570
AIRWAY:J22,AIRWAY_PATH:J22:C,false,N,N,N,AWY_SEG_ALT,1,POINT:BOUNDARY:U.S._MEXICAN_BORDER-3,POINT:FIX:CFDNC:K4,1606
AIRWAY:J24,AIRWAY_PATH:J24:C,true,Y,N,N,AWY_SEG_ALT,1,POINT:NAVAID:CHE:VOR/DME:US:CO:HAYDEN,POINT:NAVAID:HGO:VOR/DME:US:CO:HUGO,1660
AIRWAY:J25,AIRWAY_PATH:J25:C,false,N,N,N,AWY_SEG_ALT,1,POINT:BOUNDARY:U.S._MEXICAN_BORDER-1,POINT:FIX:GROSZ:K4,1690
AIRWAY:J26,AIRWAY_PATH:J26:C,false,N,N,N,AWY_SEG_ALT,1,POINT:BOUNDARY:U.S._MEXICAN_BORDER-3,POINT:FIX:FARCY:K4,1710
AIRWAY:J29,AIRWAY_PATH:J29:C,false,N,N,N,AWY_SEG_ALT,1,POINT:BOUNDARY:U.S._MEXICAN_BORDER-2,POINT:FIX:DEVOE:K4,1738
AIRWAY:J42,AIRWAY_PATH:J42:C,false,N,N,N,AWY_SEG_ALT,1,POINT:BOUNDARY:U.S._MEXICAN_BORDER-3,POINT:FIX:AMUKI:MM,1892
AIRWAY:J478,AIRWAY_PATH:J478:C,false,N,N,N,AWY_SEG_ALT,1,POINT:FIX:CFCKK:K1,POINT:BOUNDARY:U.S._CANADIAN_BORDER-2,1943
AIRWAY:J5,AIRWAY_PATH:J5:C,false,N,N,N,AWY_SEG_ALT,3,POINT:BOUNDARY:U.S._CANADIAN_BORDER-2|POINT:BOUNDARY:U.S._CANADIAN_BORDER-3|POINT:FIX:CFDCT:K1,POINT:BOUNDARY:U.S._CANADIAN_BORDER-3|POINT:FIX:CFJCC:K1|POINT:BOUNDARY:U.S._CANADIAN_BORDER-4,1983|1984|1986
AIRWAY:J501,AIRWAY_PATH:J501:C,false,N,N,N,AWY_SEG_ALT,2,POINT:BOUNDARY:U.S._CANADIAN_BORDER-2|POINT:BOUNDARY:U.S._CANADIAN_BORDER-3,POINT:BOUNDARY:U.S._CANADIAN_BORDER-3|POINT:FIX:EEVER:PA,2029|2030
AIRWAY:J503,AIRWAY_PATH:J503:C,false,N,N,N,AWY_SEG_ALT,1,POINT:FIX:CFKNF:K1,POINT:BOUNDARY:U.S._CANADIAN_BORDER-2,2053
AIRWAY:J505,AIRWAY_PATH:J505:C,false,N,N,N,AWY_SEG_ALT,1,POINT:FIX:CFRCR:K1,POINT:BOUNDARY:U.S._CANADIAN_BORDER-2,2059
AIRWAY:J507,AIRWAY_PATH:J507:A,false,N,N,N,AWY_SEG_ALT,2,POINT:BOUNDARY:U.S._CANADIAN_BORDER-2|POINT:BOUNDARY:U.S._CANADIAN_BORDER-3,POINT:BOUNDARY:U.S._CANADIAN_BORDER-3|POINT:FIX:CFZMR:PA,2066|2067
AIRWAY:J507,AIRWAY_PATH:J507:A,true,Y,N,N,AWY_SEG_ALT,1,POINT:FIX:CFXBV:PA,POINT:BOUNDARY:U.S._CANADIAN_BORDER-2,2065
AIRWAY:J515,AIRWAY_PATH:J515:C,false,N,N,N,AWY_SEG_ALT,1,POINT:BOUNDARY:U.S._CANADIAN_BORDER-4,POINT:FIX:CFDJJ:PA,2082
AIRWAY:J516,AIRWAY_PATH:J516:C,false,N,N,N,AWY_SEG_ALT,1,POINT:FIX:CFNGJ:K1,POINT:BOUNDARY:U.S._CANADIAN_BORDER-2,2091
AIRWAY:J52,AIRWAY_PATH:J52:C,false,N,N,N,AWY_SEG_ALT,1,POINT:BOUNDARY:U.S._CANADIAN_BORDER-3,POINT:FIX:CFDDH:K1,2093
AIRWAY:J52,AIRWAY_PATH:J52:C,true,Y,N,N,AWY_SEG_ALT,1,POINT:NAVAID:LAA:VOR/DME:US:CO:LAMAR,POINT:NAVAID:ADM:VORTAC:US:OK:ARDMORE,2106
AIRWAY:J523,AIRWAY_PATH:J523:C,false,N,N,N,AWY_SEG_ALT,2,POINT:BOUNDARY:U.S._CANADIAN_BORDER-2|POINT:BOUNDARY:U.S._CANADIAN_BORDER-3,POINT:BOUNDARY:U.S._CANADIAN_BORDER-3|POINT:FIX:CFTBX:PA,2124|2125
AIRWAY:J523,AIRWAY_PATH:J523:C,true,Y,N,N,AWY_SEG_ALT,1,POINT:FIX:CFSKH:K1,POINT:BOUNDARY:U.S._CANADIAN_BORDER-2,2123
AIRWAY:J530,AIRWAY_PATH:J530:C,false,N,N,N,AWY_SEG_ALT,1,POINT:FIX:GGRBI:K1,POINT:BOUNDARY:U.S._CANADIAN_BORDER-2,2129
AIRWAY:J536,AIRWAY_PATH:J536:A,false,N,N,N,AWY_SEG_ALT,1,POINT:FIX:CFCLG:PA,POINT:BOUNDARY:U.S._CANADIAN_BORDER-2,2132
AIRWAY:J537,AIRWAY_PATH:J537:C,false,N,N,N,AWY_SEG_ALT,1,POINT:FIX:ONEAL:K1,POINT:BOUNDARY:U.S._CANADIAN_BORDER-2,2136
AIRWAY:J539,AIRWAY_PATH:J539:C,false,N,N,N,AWY_SEG_ALT,1,POINT:FIX:CFVWQ:K1,POINT:BOUNDARY:U.S._CANADIAN_BORDER-2,2142
AIRWAY:J540,AIRWAY_PATH:J540:C,false,N,N,Y,AWY_SEG_ALT,1,POINT:FIX:STIGS:K1,POINT:BOUNDARY:U.S._CANADIAN_BORDER-3,2156
AIRWAY:J549,AIRWAY_PATH:J549:C,false,N,N,N,AWY_SEG_ALT,1,POINT:FIX:CFGMH:K3,POINT:BOUNDARY:U.S._CANADIAN_BORDER-2,2177
AIRWAY:J554,AIRWAY_PATH:J554:C,false,N,N,N,AWY_SEG_ALT,2,POINT:BOUNDARY:U.S._CANADIAN_BORDER-2|POINT:BOUNDARY:U.S._CANADIAN_BORDER-3,POINT:BOUNDARY:U.S._CANADIAN_BORDER-3|POINT:FIX:CFJGT:K5,2183|2184
AIRWAY:J554,AIRWAY_PATH:J554:C,true,Y,N,N,AWY_SEG_ALT,1,POINT:FIX:CFHFC:K5,POINT:BOUNDARY:U.S._CANADIAN_BORDER-2,2182
AIRWAY:J569,AIRWAY_PATH:J569:C,false,N,N,N,AWY_SEG_ALT,1,POINT:FIX:DORSE:K1,POINT:BOUNDARY:U.S._CANADIAN_BORDER-2,2199
AIRWAY:J599,AIRWAY_PATH:J599:C,false,N,N,N,AWY_SEG_ALT,1,POINT:FIX:CFRBZ:K1,POINT:BOUNDARY:U.S._CANADIAN_BORDER-3,2244
AIRWAY:J64,AIRWAY_PATH:J64:C,true,Y,N,N,AWY_SEG_ALT,1,POINT:NAVAID:HLC:VORTAC:US:KS:HILL_CITY,POINT:NAVAID:FWA:VORTAC:US:IN:FORT_WAYNE,2349
AIRWAY:J65,AIRWAY_PATH:J65:C,true,Y,N,N,AWY_SEG_ALT,1,POINT:NAVAID:EHF:VORTAC:US:CA:BAKERSFIELD,POINT:NAVAID:SAC:VORTAC:US:CA:SACRAMENTO,2377
AIRWAY:J7,AIRWAY_PATH:J7:C,false,N,N,N,AWY_SEG_ALT,1,POINT:FIX:GGRBI:K1,POINT:BOUNDARY:U.S._CANADIAN_BORDER-2,2419
AIRWAY:J70,AIRWAY_PATH:J70:C,false,N,N,N,AWY_SEG_ALT,2,POINT:BOUNDARY:U.S._CANADIAN_BORDER-2|POINT:BOUNDARY:U.S._CANADIAN_BORDER-3,POINT:BOUNDARY:U.S._CANADIAN_BORDER-3|POINT:FIX:BEWEL:K5,2441|2442
AIRWAY:J70,AIRWAY_PATH:J70:C,true,Y,N,N,AWY_SEG_ALT,1,POINT:FIX:CFGFT:K5,POINT:BOUNDARY:U.S._CANADIAN_BORDER-2,2440
AIRWAY:J8,AIRWAY_PATH:J8:C,true,Y,N,N,AWY_SEG_ALT,1,POINT:NAVAID:FTI:VORTAC:US:NM:LAS_VEGAS,POINT:NAVAID:SGF:VORTAC:US:MO:SPRINGFIELD,2541
AIRWAY:J82,AIRWAY_PATH:J82:C,true,Y,N,N,AWY_SEG_ALT,1,POINT:NAVAID:FSD:VORTAC:US:SD:SIOUX_FALLS,POINT:NAVAID:DBQ:VORTAC:US:IA:DUBUQUE,2595
AIRWAY:J92,AIRWAY_PATH:J92:C,false,N,N,N,AWY_SEG_ALT,1,POINT:FIX:VYLLA:K2,POINT:BOUNDARY:U.S._MEXICAN_BORDER-2,2745
AIRWAY:J93,AIRWAY_PATH:J93:C,false,N,N,N,AWY_SEG_ALT,1,POINT:BOUNDARY:U.S._MEXICAN_BORDER-2,POINT:FIX:ASUTA:K2,2747
AIRWAY:J94,AIRWAY_PATH:J94:C,true,Y,N,N,AWY_SEG_ALT,1,POINT:NAVAID:ONL:VORTAC:US:NE:O_NEILL,POINT:NAVAID:DBQ:VORTAC:US:IA:DUBUQUE,2759
AIRWAY:J96,AIRWAY_PATH:J96:C,true,Y,N,N,AWY_SEG_ALT,1,POINT:NAVAID:CIM:VORTAC:US:NM:CIMARRON,POINT:NAVAID:GCK:VORTAC:US:KS:GARDEN_CITY,2783
AIRWAY:M348,AIRWAY_PATH:M348:C,true,Y,N,N,AWY_SEG_ALT,1,POINT:FIX:ALBBE:K7,POINT:FIX:KATOK:TJ,3226
AIRWAY:Q1,AIRWAY_PATH:Q1:C,false,N,N,Y,AWY_SEG_ALT,1,POINT:FIX:SQUIM:K1,POINT:BOUNDARY:U.S._CANADIAN_BORDER-1,3367
AIRWAY:Q140,AIRWAY_PATH:Q140:C,false,N,N,N,AWY_SEG_ALT,2,POINT:BOUNDARY:U.S._CANADIAN_BORDER-1|POINT:BOUNDARY:U.S._CANADIAN_BORDER-2,POINT:BOUNDARY:U.S._CANADIAN_BORDER-2|POINT:FIX:RAGIX:K6,3730|3731
AIRWAY:Q151,AIRWAY_PATH:Q151:C,false,N,N,Y,AWY_SEG_ALT,1,POINT:FIX:EDGES:K1,POINT:BOUNDARY:U.S._CANADIAN_BORDER-1,3834
AIRWAY:Q186,AIRWAY_PATH:Q186:C,false,N,N,N,AWY_SEG_ALT,2,POINT:BOUNDARY:U.S._CANADIAN_BORDER-1|POINT:BOUNDARY:U.S._CANADIAN_BORDER-2,POINT:BOUNDARY:U.S._CANADIAN_BORDER-2|POINT:FIX:FOODO:K5,4009|4010
AIRWAY:Q186,AIRWAY_PATH:Q186:C,true,Y,N,Y,AWY_SEG_ALT,1,POINT:FIX:STUNK:K5,POINT:BOUNDARY:U.S._CANADIAN_BORDER-1,4008
AIRWAY:Q190,AIRWAY_PATH:Q190:C,false,N,N,N,AWY_SEG_ALT,2,POINT:BOUNDARY:U.S._CANADIAN_BORDER-1|POINT:BOUNDARY:U.S._CANADIAN_BORDER-2,POINT:BOUNDARY:U.S._CANADIAN_BORDER-2|POINT:FIX:PRANI:K5,4041|4042
AIRWAY:Q190,AIRWAY_PATH:Q190:C,true,Y,N,Y,AWY_SEG_ALT,1,POINT:FIX:RONZY:K5,POINT:BOUNDARY:U.S._CANADIAN_BORDER-1,4040
AIRWAY:Q29,AIRWAY_PATH:Q29:C,false,N,N,Y,AWY_SEG_ALT,1,POINT:FIX:DUNOM:K6,POINT:BOUNDARY:U.S._CANADIAN_BORDER-1,4175
AIRWAY:Q436,AIRWAY_PATH:Q436:C,false,N,N,N,AWY_SEG_ALT,2,POINT:BOUNDARY:U.S._CANADIAN_BORDER-1|POINT:BOUNDARY:U.S._CANADIAN_BORDER-2,POINT:BOUNDARY:U.S._CANADIAN_BORDER-2|POINT:FIX:CFHHD:K6,4360|4361
AIRWAY:Q436,AIRWAY_PATH:Q436:C,true,Y,N,Y,AWY_SEG_ALT,1,POINT:FIX:CFGCQ:K5,POINT:BOUNDARY:U.S._CANADIAN_BORDER-1,4359
AIRWAY:Q438,AIRWAY_PATH:Q438:C,false,N,N,N,AWY_SEG_ALT,2,POINT:BOUNDARY:U.S._CANADIAN_BORDER-1|POINT:BOUNDARY:U.S._CANADIAN_BORDER-2,POINT:BOUNDARY:U.S._CANADIAN_BORDER-2|POINT:FIX:CFKHS:K6,4386|4387
AIRWAY:Q438,AIRWAY_PATH:Q438:C,true,Y,N,Y,AWY_SEG_ALT,1,POINT:FIX:CFJHV:K5,POINT:BOUNDARY:U.S._CANADIAN_BORDER-1,4385
AIRWAY:Q440,AIRWAY_PATH:Q440:C,false,N,N,N,AWY_SEG_ALT,2,POINT:BOUNDARY:U.S._CANADIAN_BORDER-1|POINT:BOUNDARY:U.S._CANADIAN_BORDER-2,POINT:BOUNDARY:U.S._CANADIAN_BORDER-2|POINT:FIX:CFKHS:K6,4425|4426
AIRWAY:Q440,AIRWAY_PATH:Q440:C,true,Y,N,N,AWY_SEG_ALT,1,POINT:FIX:CFJHV:K5,POINT:BOUNDARY:U.S._CANADIAN_BORDER-1,4424
AIRWAY:Q475,AIRWAY_PATH:Q475:C,false,N,N,Y,AWY_SEG_ALT,1,POINT:FIX:TUSKY:K,POINT:BOUNDARY:U.S._CANADIAN_BORDER-1,4460
AIRWAY:Q801,AIRWAY_PATH:Q801:A,false,N,N,N,AWY_SEG_ALT,2,POINT:BOUNDARY:U.S._CANADIAN_BORDER-1|POINT:BOUNDARY:U.S._CANADIAN_BORDER-2,POINT:BOUNDARY:U.S._CANADIAN_BORDER-2|POINT:FIX:EEVER:PA,4793|4794
AIRWAY:Q801,AIRWAY_PATH:Q801:A,true,Y,N,Y,AWY_SEG_ALT,1,POINT:FIX:CYVIC:K1,POINT:BOUNDARY:U.S._CANADIAN_BORDER-1,4792
AIRWAY:Q806,AIRWAY_PATH:Q806:C,false,N,N,N,AWY_SEG_ALT,1,POINT:BOUNDARY:U.S._CANADIAN_BORDER-1,POINT:FIX:VINDI:K6,4801
AIRWAY:Q806,AIRWAY_PATH:Q806:C,false,N,N,Y,AWY_SEG_ALT,1,POINT:FIX:VIGDU:K6,POINT:BOUNDARY:U.S._CANADIAN_BORDER-2,4805
AIRWAY:Q811,AIRWAY_PATH:Q811:A,false,N,N,Y,AWY_SEG_ALT,1,POINT:FIX:OYELI:PA,POINT:BOUNDARY:U.S._CANADIAN_BORDER-1,4830
AIRWAY:Q812,AIRWAY_PATH:Q812:C,false,N,N,N,AWY_SEG_ALT,2,POINT:BOUNDARY:U.S._CANADIAN_BORDER-2|POINT:BOUNDARY:U.S._CANADIAN_BORDER-1,POINT:BOUNDARY:U.S._CANADIAN_BORDER-1|POINT:FIX:CFQHD:K6,4837|4838
AIRWAY:Q812,AIRWAY_PATH:Q812:C,true,Y,N,N,AWY_SEG_ALT,1,POINT:FIX:CFPXT:K5,POINT:BOUNDARY:U.S._CANADIAN_BORDER-2,4836
AIRWAY:Q816,AIRWAY_PATH:Q816:C,false,N,N,N,AWY_SEG_ALT,2,POINT:BOUNDARY:U.S._CANADIAN_BORDER-1|POINT:BOUNDARY:U.S._CANADIAN_BORDER-2,POINT:BOUNDARY:U.S._CANADIAN_BORDER-2|POINT:FIX:CFQHD:K6,4852|4853
AIRWAY:Q816,AIRWAY_PATH:Q816:C,true,Y,N,N,AWY_SEG_ALT,1,POINT:FIX:CFRCN:K5,POINT:BOUNDARY:U.S._CANADIAN_BORDER-1,4851
AIRWAY:Q818,AIRWAY_PATH:Q818:C,false,N,N,N,AWY_SEG_ALT,2,POINT:BOUNDARY:U.S._CANADIAN_BORDER-2|POINT:BOUNDARY:U.S._CANADIAN_BORDER-4,POINT:BOUNDARY:U.S._CANADIAN_BORDER-4|POINT:FIX:CFTBR:K6,4862|4863
AIRWAY:Q818,AIRWAY_PATH:Q818:C,true,Y,N,N,AWY_SEG_ALT,1,POINT:FIX:CFSMW:K5,POINT:BOUNDARY:U.S._CANADIAN_BORDER-2,4861
AIRWAY:Q822,AIRWAY_PATH:Q822:C,false,N,N,N,AWY_SEG_ALT,2,POINT:BOUNDARY:U.S._CANADIAN_BORDER-2|POINT:BOUNDARY:U.S._CANADIAN_BORDER-1,POINT:BOUNDARY:U.S._CANADIAN_BORDER-1|POINT:FIX:CFVXC:K6,4885|4886
AIRWAY:Q822,AIRWAY_PATH:Q822:C,false,N,N,Y,AWY_SEG_ALT,1,POINT:FIX:ALLEX:K,POINT:BOUNDARY:U.S._CANADIAN_BORDER-3,4895
AIRWAY:Q822,AIRWAY_PATH:Q822:C,true,Y,N,N,AWY_SEG_ALT,1,POINT:FIX:CFSMW:K5,POINT:BOUNDARY:U.S._CANADIAN_BORDER-2,4884
AIRWAY:Q824,AIRWAY_PATH:Q824:C,false,N,N,N,AWY_SEG_ALT,1,POINT:FIX:CFWBG:K5,POINT:BOUNDARY:U.S._CANADIAN_BORDER-1,4899
AIRWAY:Q828,AIRWAY_PATH:Q828:C,false,N,N,N,AWY_SEG_ALT,1,POINT:BOUNDARY:U.S._CANADIAN_BORDER-1,POINT:FIX:FARID:K3,4901
AIRWAY:Q834,AIRWAY_PATH:Q834:C,false,N,N,N,AWY_SEG_ALT,1,POINT:BOUNDARY:U.S._CANADIAN_BORDER-1,POINT:FIX:ALBNG:K3,4913
AIRWAY:Q842,AIRWAY_PATH:Q842:C,false,N,N,N,AWY_SEG_ALT,1,POINT:FIX:CFXHJ:K1,POINT:BOUNDARY:U.S._CANADIAN_BORDER-1,4932
AIRWAY:Q844,AIRWAY_PATH:Q844:C,false,N,N,N,AWY_SEG_ALT,1,POINT:FIX:VIBRU:K6,POINT:BOUNDARY:U.S._CANADIAN_BORDER-1,4935
AIRWAY:Q848,AIRWAY_PATH:Q848:C,false,N,N,N,AWY_SEG_ALT,1,POINT:FIX:CFZJP:K5,POINT:BOUNDARY:U.S._CANADIAN_BORDER-1,4939
AIRWAY:Q864,AIRWAY_PATH:Q864:C,false,N,N,N,AWY_SEG_ALT,1,POINT:BOUNDARY:U.S._CANADIAN_BORDER-1,POINT:FIX:EBGIX:K6,4960
AIRWAY:Q864,AIRWAY_PATH:Q864:C,false,N,N,Y,AWY_SEG_ALT,1,POINT:FIX:TUGUB:K6,POINT:BOUNDARY:U.S._CANADIAN_BORDER-2,4962
AIRWAY:Q902,AIRWAY_PATH:Q902:A,false,N,N,N,AWY_SEG_ALT,4,POINT:BOUNDARY:U.S._CANADIAN_BORDER-4|POINT:BOUNDARY:U.S._CANADIAN_BORDER-5|POINT:BOUNDARY:U.S._CANADIAN_BORDER-1|POINT:BOUNDARY:U.S._CANADIAN_BORDER-2,POINT:BOUNDARY:U.S._CANADIAN_BORDER-5|POINT:FIX:DISCO:K1|POINT:BOUNDARY:U.S._CANADIAN_BORDER-2|POINT:FIX:WOGUS:PA,5054|5055|5044|5045
AIRWAY:Q902,AIRWAY_PATH:Q902:A,true,Y,N,Y,AWY_SEG_ALT,2,POINT:FIX:HIGHE:PA|POINT:FIX:AYZOL:PA,POINT:BOUNDARY:U.S._CANADIAN_BORDER-4|POINT:BOUNDARY:U.S._CANADIAN_BORDER-1,5053|5043
AIRWAY:Q905,AIRWAY_PATH:Q905:C,false,N,N,N,AWY_SEG_ALT,1,POINT:FIX:CFJBZ:K5,POINT:BOUNDARY:U.S._CANADIAN_BORDER-1,5060
AIRWAY:Q907,AIRWAY_PATH:Q907:C,false,N,N,N,AWY_SEG_ALT,2,POINT:BOUNDARY:U.S._CANADIAN_BORDER-5|POINT:BOUNDARY:U.S._CANADIAN_BORDER-3,POINT:BOUNDARY:U.S._CANADIAN_BORDER-3|POINT:FIX:ATENE:K6,5066|5067
AIRWAY:Q907,AIRWAY_PATH:Q907:C,false,N,N,Y,AWY_SEG_ALT,1,POINT:FIX:IMAMA:K6,POINT:BOUNDARY:U.S._CANADIAN_BORDER-4,5069
AIRWAY:Q907,AIRWAY_PATH:Q907:C,true,Y,N,Y,AWY_SEG_ALT,1,POINT:FIX:GADAV:K5,POINT:BOUNDARY:U.S._CANADIAN_BORDER-5,5065
AIRWAY:Q913,AIRWAY_PATH:Q913:C,false,N,N,N,AWY_SEG_ALT,1,POINT:BOUNDARY:U.S._CANADIAN_BORDER-1,POINT:FIX:RAKAM:K6,5071
AIRWAY:Q917,AIRWAY_PATH:Q917:C,false,N,N,N,AWY_SEG_ALT,4,POINT:BOUNDARY:U.S._CANADIAN_BORDER-1|POINT:BOUNDARY:U.S._CANADIAN_BORDER-3|POINT:BOUNDARY:U.S._CANADIAN_BORDER-4|POINT:BOUNDARY:U.S._CANADIAN_BORDER-2,POINT:BOUNDARY:U.S._CANADIAN_BORDER-3|POINT:FIX:CFRCC:K5|POINT:BOUNDARY:U.S._CANADIAN_BORDER-2|POINT:FIX:CFSKX:K6,5077|5078|5081|5082
AIRWAY:Q917,AIRWAY_PATH:Q917:C,true,Y,N,N,AWY_SEG_ALT,2,POINT:FIX:CFNBP:K5|POINT:FIX:CFPWF:K5,POINT:BOUNDARY:U.S._CANADIAN_BORDER-1|POINT:BOUNDARY:U.S._CANADIAN_BORDER-4,5076|5080
AIRWAY:Q923,AIRWAY_PATH:Q923:C,false,N,N,N,AWY_SEG_ALT,1,POINT:FIX:CFNBB:K5,POINT:BOUNDARY:U.S._CANADIAN_BORDER-1,5093
AIRWAY:Q924,AIRWAY_PATH:Q924:C,false,N,N,Y,AWY_SEG_ALT,1,POINT:FIX:BEKRR:K3,POINT:BOUNDARY:U.S._CANADIAN_BORDER-1,5103
AIRWAY:Q935,AIRWAY_PATH:Q935:C,false,N,N,N,AWY_SEG_ALT,2,POINT:BOUNDARY:U.S._CANADIAN_BORDER-2|POINT:BOUNDARY:U.S._CANADIAN_BORDER-1,POINT:BOUNDARY:U.S._CANADIAN_BORDER-1|POINT:FIX:CFTBR:K6,5131|5132
AIRWAY:Q935,AIRWAY_PATH:Q935:C,true,Y,N,N,AWY_SEG_ALT,1,POINT:FIX:CFRCN:K5,POINT:BOUNDARY:U.S._CANADIAN_BORDER-2,5130
AIRWAY:Q937,AIRWAY_PATH:Q937:C,false,N,N,N,AWY_SEG_ALT,1,POINT:BOUNDARY:U.S._CANADIAN_BORDER-2,POINT:FIX:TULEG:K6,5142
AIRWAY:Q945,AIRWAY_PATH:Q945:C,false,N,N,Y,AWY_SEG_ALT,1,POINT:FIX:OSMEE:K3,POINT:BOUNDARY:U.S._CANADIAN_BORDER-1,5150
AIRWAY:Q951,AIRWAY_PATH:Q951:C,false,N,N,N,AWY_SEG_ALT,4,POINT:BOUNDARY:U.S._CANADIAN_BORDER-2|POINT:BOUNDARY:U.S._CANADIAN_BORDER-3|POINT:BOUNDARY:U.S._CANADIAN_BORDER-4|POINT:BOUNDARY:U.S._CANADIAN_BORDER-1,POINT:BOUNDARY:U.S._CANADIAN_BORDER-3|POINT:FIX:KERVO:K6|POINT:BOUNDARY:U.S._CANADIAN_BORDER-1|POINT:FIX:KATEK:K6,5162|5163|5156|5157
AIRWAY:Q951,AIRWAY_PATH:Q951:C,false,N,N,Y,AWY_SEG_ALT,1,POINT:FIX:DANOL:K6,POINT:BOUNDARY:U.S._CANADIAN_BORDER-5,5165
AIRWAY:Q951,AIRWAY_PATH:Q951:C,true,Y,N,Y,AWY_SEG_ALT,2,POINT:FIX:TALNO:K6|POINT:FIX:GADAV:K5,POINT:BOUNDARY:U.S._CANADIAN_BORDER-2|POINT:BOUNDARY:U.S._CANADIAN_BORDER-4,5161|5155
AIRWAY:Q971,AIRWAY_PATH:Q971:C,false,N,N,Y,AWY_SEG_ALT,1,POINT:FIX:CIPTA:K3,POINT:BOUNDARY:U.S._CANADIAN_BORDER-1,5210
AIRWAY:T266,AIRWAY_PATH:T266:A,false,N,N,N,AWY_SEG_ALT,1,POINT:BOUNDARY:U.S._CANADIAN_BORDER-1,POINT:FIX:SPUTA:PA,6421
AIRWAY:T331,AIRWAY_PATH:T331:C,false,N,N,Y,AWY_SEG_ALT,1,POINT:FIX:BEKRR:K3,POINT:BOUNDARY:U.S._CANADIAN_BORDER-1,7564
AIRWAY:T372,AIRWAY_PATH:T372:A,false,N,N,Y,AWY_SEG_ALT,1,POINT:FIX:OLARU:PA,POINT:BOUNDARY:U.S._CANADIAN_BORDER-1,8055
AIRWAY:T407,AIRWAY_PATH:T407:C,false,N,N,Y,AWY_SEG_ALT,1,POINT:FIX:ZOMTA:K3,POINT:BOUNDARY:U.S._CANADIAN_BORDER-1,8455
AIRWAY:T487,AIRWAY_PATH:T487:C,false,N,N,Y,AWY_SEG_ALT,1,POINT:FIX:DISCO:K1,POINT:BOUNDARY:U.S._CANADIAN_BORDER-1,9220
AIRWAY:T608,AIRWAY_PATH:T608:C,false,N,N,N,AWY_SEG_ALT,1,POINT:BOUNDARY:U.S._CANADIAN_BORDER-2,POINT:BOUNDARY:U.S._CANADIAN_BORDER-3,9334
AIRWAY:T608,AIRWAY_PATH:T608:C,true,Y,N,Y,AWY_SEG_ALT,1,POINT:FIX:CFSKT:K5,POINT:BOUNDARY:U.S._CANADIAN_BORDER-2,9333
AIRWAY:T616,AIRWAY_PATH:T616:C,false,N,N,N,AWY_SEG_ALT,1,POINT:FIX:CFTCS:K5,POINT:BOUNDARY:U.S._CANADIAN_BORDER-1,9365
AIRWAY:T634,AIRWAY_PATH:T634:C,false,N,N,N,AWY_SEG_ALT,1,POINT:BOUNDARY:U.S.CANADIAN_BORDER-2,POINT:FIX:VIBRU:K6,9367
AIRWAY:T645,AIRWAY_PATH:T645:C,false,N,N,N,AWY_SEG_ALT,1,POINT:BOUNDARY:U.S._CANADIAN_BORDER-1,POINT:FIX:EPSOP:K1,9396
AIRWAY:T645,AIRWAY_PATH:T645:C,false,N,N,Y,AWY_SEG_ALT,1,POINT:FIX:IKLIT:K1,POINT:BOUNDARY:U.S.CANADIAN_BORDER-2,9400
AIRWAY:T662,AIRWAY_PATH:T662:C,false,N,N,N,AWY_SEG_ALT,1,POINT:BOUNDARY:U.S._CANADIAN_BORDER-1,POINT:FIX:DEPRI:K6,9402
AIRWAY:T675,AIRWAY_PATH:T675:C,false,N,N,N,AWY_SEG_ALT,2,POINT:BOUNDARY:U.S._CANADIAN_BORDER-1|POINT:BOUNDARY:U.S._CANADIAN_BORDER-2,POINT:BOUNDARY:U.S._CANADIAN_BORDER-2|POINT:FIX:NOJJE:K5,9408|9409
AIRWAY:T675,AIRWAY_PATH:T675:C,false,N,N,Y,AWY_SEG_ALT,1,POINT:FIX:RUXDU:K5,POINT:BOUNDARY:U.S._CANADIAN_BORDER-3,9411
AIRWAY:T675,AIRWAY_PATH:T675:C,true,Y,N,Y,AWY_SEG_ALT,1,POINT:FIX:BBIGG:K5,POINT:BOUNDARY:U.S._CANADIAN_BORDER-1,9407
AIRWAY:T698,AIRWAY_PATH:T698:C,false,N,N,N,AWY_SEG_ALT,1,POINT:BOUNDARY:U.S._CANADIAN_BORDER-1,POINT:FIX:EBGIX:K6,9413
AIRWAY:T698,AIRWAY_PATH:T698:C,false,N,N,Y,AWY_SEG_ALT,1,POINT:FIX:ACTON:K6,POINT:BOUNDARY:U.S._CANADIAN_BORDER-2,9416
AIRWAY:T705,AIRWAY_PATH:T705:C,false,N,N,Y,AWY_SEG_ALT,1,POINT:FIX:MUTNA:K6,POINT:BOUNDARY:U.S._CANADIAN_BORDER-1,9451
AIRWAY:T719,AIRWAY_PATH:T719:A,false,N,N,N,AWY_SEG_ALT,1,POINT:BOUNDARY:U.S._CANADIAN_BORDER-3,POINT:FIX:EEVER:PA,9454
AIRWAY:T739,AIRWAY_PATH:T739:C,false,N,N,N,AWY_SEG_ALT,3,POINT:BOUNDARY:U.S._CANADIAN_BORDER-1|POINT:BOUNDARY:U.S._CANADIAN_BORDER-2|POINT:BOUNDARY:U.S._CANADIAN_BORDER-4,POINT:FIX:KATEK:K6|POINT:BOUNDARY:U.S._CANADIAN_BORDER-4|POINT:FIX:KERVO:K6,9459|9464|9465
AIRWAY:T739,AIRWAY_PATH:T739:C,false,N,N,Y,AWY_SEG_ALT,1,POINT:FIX:DANOL:K6,POINT:BOUNDARY:U.S._CANADIAN_BORDER-3,9471
AIRWAY:T765,AIRWAY_PATH:T765:C,false,N,N,N,AWY_SEG_ALT,4,POINT:BOUNDARY:U.S._CANADIAN_BORDER-1|POINT:BOUNDARY:U.S._CANADIAN_BORDER-2|POINT:BOUNDARY:U.S._CANADIAN_BORDER-3|POINT:BOUNDARY:U.S._CANADIAN_BORDER-5,POINT:BOUNDARY:U.S._CANADIAN_BORDER-2|POINT:FIX:ASIXX:K3|POINT:BOUNDARY:U.S._CANADIAN_BORDER-5|POINT:FIX:LCROS:K3,9483|9484|9489|9490
AIRWAY:T765,AIRWAY_PATH:T765:C,false,N,N,Y,AWY_SEG_ALT,1,POINT:FIX:CALDU:K3,POINT:BOUNDARY:U.S._CANADIAN_BORDER-6,9492
AIRWAY:T765,AIRWAY_PATH:T765:C,true,Y,N,Y,AWY_SEG_ALT,2,POINT:FIX:BBLUE:K5|POINT:FIX:KORTY:K3,POINT:BOUNDARY:U.S._CANADIAN_BORDER-1|POINT:BOUNDARY:U.S._CANADIAN_BORDER-3,9482|9488
AIRWAY:T768,AIRWAY_PATH:T768:C,false,N,N,Y,AWY_SEG_ALT,1,POINT:FIX:ARBBY:K3,POINT:BOUNDARY:U.S._CANADIAN_BORDER-1,9497
AIRWAY:T776,AIRWAY_PATH:T776:C,false,N,N,N,AWY_SEG_ALT,5,POINT:BOUNDARY:U.S._CANADIAN_BORDER-1|POINT:BOUNDARY:U.S._CANADIAN_BORDER-5|POINT:BOUNDARY:U.S._CANADIAN_BORDER-2|POINT:BOUNDARY:U.S._CANADIAN_BORDER-3|POINT:BOUNDARY:U.S._CANADIAN_BORDER-4,POINT:FIX:KAYCY:K5|POINT:FIX:SKOWT:K5|POINT:BOUNDARY:U.S._CANADIAN_BORDER-3|POINT:FIX:NCOLY:K5|POINT:BOUNDARY:U.S._CANADIAN_BORDER-5,9499|9508|9502|9503|9507
AIRWAY:T776,AIRWAY_PATH:T776:C,true,Y,N,Y,AWY_SEG_ALT,2,POINT:FIX:KMNGO:K5|POINT:FIX:RRBEE:K5,POINT:BOUNDARY:U.S._CANADIAN_BORDER-2|POINT:BOUNDARY:U.S._CANADIAN_BORDER-4,9501|9506
AIRWAY:T781,AIRWAY_PATH:T781:C,false,N,N,N,AWY_SEG_ALT,2,POINT:BOUNDARY:U.S._CANADIAN_BORDER-1|POINT:BOUNDARY:U.S._CANADIAN_BORDER-2,POINT:BOUNDARY:U.S._CANADIAN_BORDER-2|POINT:FIX:PINTE:K6,9518|9519
AIRWAY:T781,AIRWAY_PATH:T781:C,true,Y,N,Y,AWY_SEG_ALT,1,POINT:FIX:CFKMG:K5,POINT:BOUNDARY:U.S._CANADIAN_BORDER-1,9517
AIRWAY:T797,AIRWAY_PATH:T797:C,false,N,N,Y,AWY_SEG_ALT,1,POINT:FIX:WUGOR:K3,POINT:BOUNDARY:U.S._CANADIAN_BORDER-1,9523
AIRWAY:T810,AIRWAY_PATH:T810:C,false,N,N,N,AWY_SEG_ALT,3,POINT:BOUNDARY:U.S._CANADIAN_BORDER-2|POINT:BOUNDARY:U.S._CANADIAN_BORDER-1|POINT:BOUNDARY:U.S._CANADIAN_BORDER-3,POINT:FIX:BERDD:K5|POINT:BOUNDARY:U.S._CANADIAN_BORDER-3|POINT:FIX:CATGA:K5,9525|9530|9531
AIRWAY:T810,AIRWAY_PATH:T810:C,true,Y,N,Y,AWY_SEG_ALT,1,POINT:FIX:JEORG:K5,POINT:BOUNDARY:U.S._CANADIAN_BORDER-1,9529
AIRWAY:V1,AIRWAY_PATH:V1:C,true,Y,N,N,AWY_SEG_ALT,1,POINT:NAVAID:ISO:VORTAC:US:NC:KINSTON,POINT:NAVAID:ATR:VOR/DME:US:DE:WATERLOO,9572
AIRWAY:V10,AIRWAY_PATH:V10:C,true,Y,N,N,AWY_SEG_ALT,1,POINT:NAVAID:BRL:VOR/DME:US:IA:BURLINGTON,POINT:FIX:NILES:K5,9641
AIRWAY:V100,AIRWAY_PATH:V100:C,true,Y,N,N,AWY_SEG_ALT,1,POINT:NAVAID:ONL:VORTAC:US:NE:O_NEILL,POINT:NAVAID:ALO:VOR/DME:US:IA:WATERLOO,9659
AIRWAY:V103,AIRWAY_PATH:V103:C,true,Y,N,N,AWY_SEG_ALT,1,POINT:FIX:MAYOS:K7,POINT:NAVAID:EKN:VORTAC:US:WV:ELKINS,9714
AIRWAY:V108,AIRWAY_PATH:V108:C,true,Y,N,N,AWY_SEG_ALT,1,POINT:NAVAID:LIN:VOR/DME:US:CA:LINDEN,POINT:NAVAID:EKR:VOR/DME:US:CO:MEEKER,9795
AIRWAY:V113,AIRWAY_PATH:V113:C,true,Y,N,N,AWY_SEG_ALT,1,POINT:NAVAID:PRB:VORTAC:US:CA:PASO_ROBLES,POINT:NAVAID:PXN:VORTAC:US:CA:PANOCHE,9886
AIRWAY:V114,AIRWAY_PATH:V114:C,true,Y,N,N,AWY_SEG_ALT,1,POINT:NAVAID:BYP:VORTAC:US:TX:BONHAM,POINT:NAVAID:GGG:VORTAC:US:TX:LONGVIEW,9931
AIRWAY:V115,AIRWAY_PATH:V115:C,true,Y,N,N,AWY_SEG_ALT,2,POINT:FIX:BOAZE:K7|POINT:NAVAID:VXV:VORTAC:US:TN:KNOXVILLE,POINT:FIX:DUBBS:K7|POINT:NAVAID:HVQ:VOR/DME:US:WV:CHARLESTON,9976|9980
AIRWAY:V12,AIRWAY_PATH:V12:C,true,Y,N,N,AWY_SEG_ALT,2,POINT:NAVAID:MMB:VORTAC:US:OK:GAGE|POINT:NAVAID:SHB:VOR/DME:US:IN:SHELBYVILLE,POINT:NAVAID:ICT:VORTAC:US:KS:WICHITA|POINT:NAVAID:AGC:VOR/DME:US:PA:PITTSBURGH,10045|10076
AIRWAY:V13,AIRWAY_PATH:V13:C,true,Y,N,N,AWY_SEG_ALT,1,POINT:NAVAID:RZC:VORTAC:US:AR:FAYETTEVILLE,POINT:NAVAID:BUM:VORTAC:US:MO:BUTLER,10343
AIRWAY:V132,AIRWAY_PATH:V132:C,true,Y,N,N,AWY_SEG_ALT,1,POINT:NAVAID:HUT:VOR/DME:US:KS:HUTCHINSON,POINT:NAVAID:SGF:VORTAC:US:MO:SPRINGFIELD,10392
AIRWAY:V133,AIRWAY_PATH:V133:C,false,N,N,N,AWY_SEG_ALT,1,POINT:FIX:JGKPL:K3,POINT:BOUNDARY:U.S._CANADIAN_BORDER-6,10426
AIRWAY:V138,AIRWAY_PATH:V138:C,true,Y,N,N,AWY_SEG_ALT,1,POINT:NAVAID:SNY:VOR/DME:US:NE:SIDNEY,POINT:NAVAID:GRI:VOR/DME:US:NE:GRAND_ISLAND,10532
AIRWAY:V14,AIRWAY_PATH:V14:C,true,Y,N,N,AWY_SEG_ALT,1,POINT:NAVAID:TUL:VORTAC:US:OK:TULSA,POINT:NAVAID:SGF:VORTAC:US:MO:SPRINGFIELD,10625
AIRWAY:V140,AIRWAY_PATH:V140:C,true,Y,N,N,AWY_SEG_ALT,3,POINT:NAVAID:ARG:VORTAC:US:AR:WALNUT_RIDGE|POINT:NAVAID:LOZ:VOR/DME:US:KY:LONDON|POINT:NAVAID:BFV:VORTAC:US:OK:CLINTON,POINT:NAVAID:BNA:VORTAC:US:TN:NASHVILLE|POINT:NAVAID:BLF:VOR/DME:US:WV:BLUEFIELD|POINT:NAVAID:TUL:VORTAC:US:OK:TULSA,10660|10668|10640
AIRWAY:V147,AIRWAY_PATH:V147:C,true,Y,N,N,AWY_SEG_ALT,1,POINT:NAVAID:LVZ:VORTAC:US:PA:WILKES_BARRE_SCRANTON,POINT:NAVAID:GEE:VOR/DME:US:NY:GENESEO,10760
AIRWAY:V148,AIRWAY_PATH:V148:C,true,Y,N,N,AWY_SEG_ALT,1,POINT:NAVAID:GEP:VORTAC:US:MN:MINNEAPOLIS,POINT:NAVAID:IWD:VOR/DME:US:MI:IRONWOOD,10793
AIRWAY:V15,AIRWAY_PATH:V15:C,true,Y,N,N,AWY_SEG_ALT,1,POINT:NAVAID:BYP:VORTAC:US:TX:BONHAM,POINT:NAVAID:ABR:VOR/DME:US:SD:ABERDEEN,10817
AIRWAY:V154,AIRWAY_PATH:V154:C,true,Y,N,N,AWY_SEG_ALT,1,POINT:FIX:TIROE:K7,POINT:NAVAID:DBN:VORTAC:US:GA:DUBLIN,10874
AIRWAY:V155,AIRWAY_PATH:V155:C,true,Y,N,N,AWY_SEG_ALT,1,POINT:NAVAID:RDU:VORTAC:US:NC:RALEIGH/DURHAM,POINT:NAVAID:FAK:VORTAC:US:VA:FLAT_ROCK,10899
AIRWAY:V157,AIRWAY_PATH:V157:C,true,Y,N,N,AWY_SEG_ALT,3,POINT:NAVAID:DBN:VORTAC:US:GA:DUBLIN|POINT:NAVAID:TYI:VORTAC:US:NC:ROCKY_MOUNT|POINT:NAVAID:DHP:VORTAC:US:FL:MIAMI,POINT:NAVAID:FLO:VORTAC:US:SC:FLORENCE|POINT:NAVAID:RBV:VORTAC:US:NJ:ROBBINSVILLE|POINT:NAVAID:LAL:VORTAC:US:FL:LAKELAND,10934|10945|10919
AIRWAY:V159,AIRWAY_PATH:V159:C,true,Y,N,N,AWY_SEG_ALT,2,POINT:NAVAID:OCF:VORTAC:US:FL:OCALA|POINT:NAVAID:VUZ:VORTAC:US:AL:BIRMINGHAM,POINT:NAVAID:GEF:VORTAC:US:FL:GREENVILLE|POINT:NAVAID:HLI:VORTAC:US:MS:HOLLY_SPRINGS,10979|10998
AIRWAY:V16,AIRWAY_PATH:V16:C,true,Y,N,N,AWY_SEG_ALT,3,POINT:NAVAID:PSK:VORTAC:US:VA:DUBLIN|POINT:NAVAID:RIC:VORTAC:US:VA:RICHMOND|POINT:NAVAID:HLI:VORTAC:US:MS:HOLLY_SPRINGS,POINT:NAVAID:LYH:VOR/DME:US:VA:LYNCHBURG|POINT:NAVAID:ENO:VORTAC:US:DE:KENTON|POINT:NAVAID:SYI:VOR/DME:US:TN:SHELBYVILLE,11127|11135|11108
AIRWAY:V161,AIRWAY_PATH:V161:C,true,Y,N,N,AWY_SEG_ALT,1,POINT:NAVAID:TUL:VORTAC:US:OK:TULSA,POINT:NAVAID:BUM:VORTAC:US:MO:BUTLER,11204
AIRWAY:V163,AIRWAY_PATH:V163:C,false,N,N,N,AWY_SEG_ALT,1,POINT:BOUNDARY:U.S._MEXICAN_BORDER-2,POINT:FIX:GROSZ:K4,11238
AIRWAY:V165,AIRWAY_PATH:V165:C,true,Y,N,N,AWY_SEG_ALT,1,POINT:FIX:EXTRA:K2,POINT:FIX:MARRI:K2,11290
AIRWAY:V17,AIRWAY_PATH:V17:C,true,Y,N,N,AWY_SEG_ALT,1,POINT:NAVAID:ACT:VORTAC:US:TX:WACO,POINT:NAVAID:MQP:VORTAC:US:TX:MINERAL_WELLS,11437
AIRWAY:V17,AIRWAY_PATH:V17:H,true,Y,N,N,AWY_SEG_ALT,1,POINT:NAVAID:OGG:VORTAC:US:HI:KAHULUI,POINT:FIX:STAIT:PH,11468
AIRWAY:V170,AIRWAY_PATH:V170:C,true,Y,N,N,AWY_SEG_ALT,2,POINT:NAVAID:SVM:VORTAC:US:MI:SALEM|POINT:NAVAID:FSD:VORTAC:US:SD:SIOUX_FALLS,POINT:NAVAID:SLT:VORTAC:US:PA:SLATE_RUN|POINT:NAVAID:RST:VOR/DME:US:MN:ROCHESTER,11505|11480
AIRWAY:V171,AIRWAY_PATH:V171:C,true,Y,N,N,AWY_SEG_ALT,3,POINT:NAVAID:TTH:VORTAC:US:IN:TERRE_HAUTE|POINT:NAVAID:JOT:VOR/DME:US:IL:JOLIET|POINT:NAVAID:FGT:VORTAC:US:MN:FARMINGTON,POINT:NAVAID:EON:VORTAC:US:IL:PEOTONE|POINT:NAVAID:ODI:VORTAC:US:MN:NODINE|POINT:NAVAID:AXN:VOR/DME:US:MN:ALEXANDRIA,11534|11538|11544
AIRWAY:V175,AIRWAY_PATH:V175:C,true,Y,N,N,AWY_SEG_ALT,2,POINT:NAVAID:DSM:VORTAC:US:IA:DES_MOINES|POINT:NAVAID:HLV:VORTAC:US:MO:HALLSVILLE,POINT:NAVAID:RWF:VOR/DME:US:MN:REDWOOD_FALLS|POINT:NAVAID:IRK:VORTAC:US:MO:KIRKSVILLE,11581|11577
AIRWAY:V178,AIRWAY_PATH:V178:C,true,Y,N,N,AWY_SEG_ALT,1,POINT:NAVAID:FAM:VORTAC:US:MO:FARMINGTON,POINT:NAVAID:EWO:VOR/DME:US:KY:NEW_HOPE,11592
AIRWAY:V18,AIRWAY_PATH:V18:C,true,Y,N,N,AWY_SEG_ALT,1,POINT:NAVAID:MEI:VORTAC:US:MS:MERIDIAN,POINT:NAVAID:IRQ:VORTAC:US:SC:COLLIERS,11629
AIRWAY:V187,AIRWAY_PATH:V187:C,true,Y,N,N,AWY_SEG_ALT,1,POINT:FIX:THICK:K1,POINT:NAVAID:OLM:VORTAC:US:WA:OLYMPIA,11808
AIRWAY:V194,AIRWAY_PATH:V194:C,true,Y,N,N,AWY_SEG_ALT,2,POINT:NAVAID:MEI:VORTAC:US:MS:MERIDIAN|POINT:NAVAID:CLL:VORTAC:US:TX:COLLEGE_STATION,POINT:NAVAID:LIB:VORTAC:US:NC:LIBERTY|POINT:NAVAID:SBI:VOR/DME:US:TX:SABINE_PASS,11939|11924
AIRWAY:V198,AIRWAY_PATH:V198:C,true,Y,N,N,AWY_SEG_ALT,1,POINT:NAVAID:SAT:VORTAC:US:TX:SAN_ANTONIO,POINT:NAVAID:SBI:VOR/DME:US:TX:SABINE_PASS,11995
AIRWAY:V20,AIRWAY_PATH:V20:C,true,Y,N,Y,AWY_SEG_ALT,1,POINT:NAVAID:MGM:VORTAC:US:AL:MONTGOMERY,POINT:NAVAID:AHN:VOR/DME:US:GA:ATHENS,12199
AIRWAY:V200,AIRWAY_PATH:V200:C,true,Y,N,N,AWY_SEG_ALT,1,POINT:NAVAID:FMG:VORTAC:US:NV:RENO,POINT:NAVAID:BVL:VORTAC:US:UT:BONNEVILLE,12250
AIRWAY:V209,AIRWAY_PATH:V209:C,true,Y,N,N,AWY_SEG_ALT,1,POINT:FIX:YARBO:K7,POINT:FIX:EUTAW:K7,12346
AIRWAY:V21,AIRWAY_PATH:V21:C,false,N,N,N,AWY_SEG_ALT,1,POINT:BOUNDARY:U.S._CANADIAN_BORDER-2,POINT:NAVAID:YQL:VOR/DME:CA::LETHBRIDGE,12431
AIRWAY:V210,AIRWAY_PATH:V210:C,true,Y,N,N,AWY_SEG_ALT,2,POINT:NAVAID:LAA:VOR/DME:US:CO:LAMAR|POINT:NAVAID:OKM:VOR/DME:US:OK:OKMULGEE,POINT:NAVAID:IRW:VORTAC:US:OK:OKLAHOMA_CITY|POINT:NAVAID:HAR:VORTAC:US:PA:HARRISBURG,12492|12496
AIRWAY:V213,AIRWAY_PATH:V213:C,true,Y,N,N,AWY_SEG_ALT,1,POINT:NAVAID:HPW:VORTAC:US:VA:HOPEWELL,POINT:NAVAID:ENO:VORTAC:US:DE:KENTON,12543
AIRWAY:V216,AIRWAY_PATH:V216:C,true,Y,N,N,AWY_SEG_ALT,1,POINT:NAVAID:HLC:VORTAC:US:KS:HILL_CITY,POINT:NAVAID:IOW:VOR/DME:US:IA:IOWA_CITY,12574
AIRWAY:V228,AIRWAY_PATH:V228:C,true,Y,N,N,AWY_SEG_ALT,1,POINT:FIX:BESIE:K5,POINT:FIX:FARMM:K5,12745
AIRWAY:V23,AIRWAY_PATH:V23:C,true,Y,N,N,AWY_SEG_ALT,1,POINT:FIX:FRAME:K2,POINT:FIX:EBTUW:K2,12782
AIRWAY:V234,AIRWAY_PATH:V234:C,true,Y,N,N,AWY_SEG_ALT,1,POINT:NAVAID:DHT:VORTAC:US:TX:DALHART,POINT:NAVAID:HUT:VOR/DME:US:KS:HUTCHINSON,12902
AIRWAY:V235,AIRWAY_PATH:V235:C,true,Y,N,N,AWY_SEG_ALT,1,POINT:NAVAID:FBR:VOR/DME:US:WY:FORT_BRIDGER,POINT:NAVAID:OCS:VOR/DME:US:WY:ROCK_SPRINGS,12942
AIRWAY:V24,AIRWAY_PATH:V24:C,true,Y,N,N,AWY_SEG_ALT,2,POINT:NAVAID:OBK:VOR/DME:US:IL:NORTHBROOK|POINT:NAVAID:RST:VOR/DME:US:MN:ROCHESTER,POINT:NAVAID:EON:VORTAC:US:IL:PEOTONE|POINT:NAVAID:JVL:VOR/DME:US:WI:JANESVILLE,12979|12970
AIRWAY:V259,AIRWAY_PATH:V259:C,true,Y,N,N,AWY_SEG_ALT,1,POINT:FIX:HUSTN:K7,POINT:FIX:MOPED:K7,13372
AIRWAY:V26,AIRWAY_PATH:V26:C,true,Y,N,N,AWY_SEG_ALT,1,POINT:NAVAID:PIR:VORTAC:US:SD:PIERRE,POINT:NAVAID:RWF:VOR/DME:US:MN:REDWOOD_FALLS,13406
AIRWAY:V263,AIRWAY_PATH:V263:C,true,Y,N,N,AWY_SEG_ALT,1,POINT:NAVAID:AKO:VOR/DME:US:CO:AKRON,POINT:NAVAID:PIR:VORTAC:US:SD:PIERRE,13452
AIRWAY:V264,AIRWAY_PATH:V264:C,true,Y,N,N,AWY_SEG_ALT,1,POINT:NAVAID:PKE:VORTAC:US:CA:PARKER,POINT:NAVAID:DRK:VORTAC:US:AZ:PRESCOTT,13473
AIRWAY:V266,AIRWAY_PATH:V266:C,true,Y,N,N,AWY_SEG_ALT,2,POINT:NAVAID:SBV:VORTAC:US:VA:SOUTH_BOSTON|POINT:NAVAID:SPA:VORTAC:US:SC:SPARTANBURG,POINT:FIX:SUNNS:K7|POINT:NAVAID:GSO:VORTAC:US:NC:GREENSBORO,13512|13508
AIRWAY:V278,AIRWAY_PATH:V278:C,true,Y,N,N,AWY_SEG_ALT,2,POINT:FIX:HAMPT:K4|POINT:NAVAID:PVW:VOR/DME:US:TX:PLAINVIEW,POINT:NAVAID:GLH:VOR/DME:US:MS:GREENVILLE|POINT:NAVAID:UKW:VORTAC:US:TX:BOWIE,13773|13759
AIRWAY:V280,AIRWAY_PATH:V280:C,false,N,N,N,AWY_SEG_ALT,1,POINT:BOUNDARY:U.S._MEXICAN_BORDER-3,POINT:FIX:FARCY:K4,13804
AIRWAY:V290,AIRWAY_PATH:V290:C,true,Y,N,N,AWY_SEG_ALT,1,POINT:NAVAID:FAK:VORTAC:US:VA:FLAT_ROCK,POINT:NAVAID:TYI:VORTAC:US:NC:ROCKY_MOUNT,13966
AIRWAY:V3,AIRWAY_PATH:V3:C,true,Y,N,N,AWY_SEG_ALT,1,POINT:FIX:OWENS:K7,POINT:NAVAID:FLO:VORTAC:US:SC:FLORENCE,14138
AIRWAY:V30,AIRWAY_PATH:V30:C,true,Y,N,N,AWY_SEG_ALT,1,POINT:NAVAID:PMM:VOR/DME:US:MI:PULLMAN,POINT:NAVAID:PSB:VORTAC:US:PA:PHILIPSBURG,14200
AIRWAY:V300,AIRWAY_PATH:V300:C,false,N,N,N,AWY_SEG_ALT,3,POINT:BOUNDARY:U.S._CANADIAN_BORDER-3|POINT:BOUNDARY:U.S._CANADIAN_BORDER-12|POINT:FIX:MRUCI:K5,POINT:BOUNDARY:U.S._CANADIAN_BORDER-12|POINT:FIX:IILND:K5|POINT:BOUNDARY:U.S._CANADIAN_BORDER-8,14212|14213|14216
AIRWAY:V305,AIRWAY_PATH:V305:C,true,Y,N,N,AWY_SEG_ALT,1,POINT:NAVAID:ARG:VORTAC:US:AR:WALNUT_RIDGE,POINT:NAVAID:CNG:VOR/DME:US:KY:PADUCAH,14255
AIRWAY:V309,AIRWAY_PATH:V309:A,false,N,N,N,AWY_SEG_ALT,1,POINT:BOUNDARY:U.S._CANADIAN_BORDER-4,POINT:FIX:WAZUR:PA,14291
AIRWAY:V317,AIRWAY_PATH:V317:A,false,N,N,N,AWY_SEG_ALT,1,POINT:BOUNDARY:U.S._CANADIAN_BORDER-3,POINT:FIX:CFTBX:PA,14369
AIRWAY:V325,AIRWAY_PATH:V325:C,true,Y,N,N,AWY_SEG_ALT,1,POINT:NAVAID:AHN:VOR/DME:US:GA:ATHENS,POINT:FIX:DALAS:K7,14528
AIRWAY:V330,AIRWAY_PATH:V330:C,true,Y,N,N,AWY_SEG_ALT,1,POINT:NAVAID:BOI:VORTAC:US:ID:BOISE,POINT:NAVAID:IDA:VOR/DME:US:ID:IDAHO_FALLS,14592
AIRWAY:V35,AIRWAY_PATH:V35:C,true,Y,N,N,AWY_SEG_ALT,2,POINT:NAVAID:MGW:VOR/DME:US:WV:MORGANTOWN|POINT:NAVAID:PIE:VORTAC:US:FL:ST_PETERSBURG-CLEARWATER,POINT:NAVAID:PSB:VORTAC:US:PA:PHILIPSBURG|POINT:FIX:SINCA:K7,14758|14727
AIRWAY:V356,AIRWAY_PATH:V356:C,true,Y,N,N,AWY_SEG_ALT,1,POINT:FIX:FIDLE:K2,POINT:FIX:ELORE:K2,14785
AIRWAY:V359,AIRWAY_PATH:V359:C,false,N,N,N,AWY_SEG_ALT,1,POINT:BOUNDARY:U.S._MEXICAN_BORDER-3,POINT:FIX:CFDNC:K4,14820
AIRWAY:V365,AIRWAY_PATH:V365:C,true,Y,N,N,AWY_SEG_ALT,1,POINT:FIX:SABAT:K1,POINT:NAVAID:LVM:VOR/DME:US:MT:LIVINGSTON,14869
AIRWAY:V367,AIRWAY_PATH:V367:C,false,N,N,N,AWY_SEG_ALT,1,POINT:FIX:JGRLN:K3,POINT:BOUNDARY:U.S._CANADIAN_BORDER-2,14896
AIRWAY:V38,AIRWAY_PATH:V38:C,true,Y,N,N,AWY_SEG_ALT,1,POINT:FIX:WINES:K5,POINT:NAVAID:JPU:VOR/DME:US:WV:PARKERSBURG,15039
AIRWAY:V387,AIRWAY_PATH:V387:C,false,N,N,N,AWY_SEG_ALT,1,POINT:BOUNDARY:U.S._MEXICAN_BORDER-1,POINT:NAVAID:REX:VOR/DME:MX::REYNOSA,15100
AIRWAY:V39,AIRWAY_PATH:V39:C,false,N,N,N,AWY_SEG_ALT,1,POINT:FIX:GRINS:K6,POINT:BOUNDARY:U.S._CANADIAN_BORDER-2,15174
AIRWAY:V39,AIRWAY_PATH:V39:C,true,Y,N,N,AWY_SEG_ALT,1,POINT:NAVAID:CTR:VOR/DME:US:MA:CHESTER,POINT:NAVAID:AUG:VOR/DME:US:ME:AUGUSTA,15167
AIRWAY:V393,AIRWAY_PATH:V393:C,false,N,N,N,AWY_SEG_ALT,1,POINT:FIX:CFSMG:K2,POINT:BOUNDARY:U.S._MEXICAN_BORDER-1,15207
AIRWAY:V395,AIRWAY_PATH:V395:C,false,N,N,N,AWY_SEG_ALT,1,POINT:FIX:CFWHS:K2,POINT:BOUNDARY:U.S._MEXICAN_BORDER-1,15232
AIRWAY:V4,AIRWAY_PATH:V4:C,true,Y,N,N,AWY_SEG_ALT,1,POINT:NAVAID:HYK:VOR/DME:US:KY:LEXINGTON,POINT:NAVAID:HVQ:VOR/DME:US:WV:CHARLESTON,15352
AIRWAY:V415,AIRWAY_PATH:V415:C,true,Y,N,N,AWY_SEG_ALT,1,POINT:FIX:HEFIN:K7,POINT:FIX:NELLO:K7,15476
AIRWAY:V417,AIRWAY_PATH:V417:C,true,Y,N,N,AWY_SEG_ALT,1,POINT:FIX:NELLO:K7,POINT:NAVAID:AHN:VOR/DME:US:GA:ATHENS,15492
AIRWAY:V430,AIRWAY_PATH:V430:C,true,Y,N,N,AWY_SEG_ALT,1,POINT:NAVAID:MOT:VOR/DME:US:ND:MINOT,POINT:NAVAID:GFK:VOR/DME:US:ND:GRAND_FORKS,15606
AIRWAY:V44,AIRWAY_PATH:V44:C,true,Y,N,N,AWY_SEG_ALT,1,POINT:NAVAID:ENL:VORTAC:US:IL:CENTRALIA,POINT:NAVAID:JPU:VOR/DME:US:WV:PARKERSBURG,15795
AIRWAY:V440,AIRWAY_PATH:V440:A,false,N,N,N,AWY_SEG_ALT,1,POINT:BOUNDARY:U.S._CANADIAN_BORDER-1,POINT:FIX:MOCKA:CY,15872
AIRWAY:V444,AIRWAY_PATH:V444:A,false,N,N,N,AWY_SEG_ALT,1,POINT:FIX:OLARU:PA,POINT:BOUNDARY:U.S._CANADIAN_BORDER-1,15936
AIRWAY:V444,AIRWAY_PATH:V444:C,true,Y,N,N,AWY_SEG_ALT,1,POINT:NAVAID:ALW:VOR/DME:US:WA:WALLA_WALLA,POINT:NAVAID:BKE:VOR/DME:US:OR:BAKER_CITY,15940
AIRWAY:V45,AIRWAY_PATH:V45:C,true,Y,N,N,AWY_SEG_ALT,1,POINT:NAVAID:HVQ:VOR/DME:US:WV:CHARLESTON,POINT:NAVAID:MBS:VOR/DME:US:MI:SAGINAW,16027
AIRWAY:V454,AIRWAY_PATH:V454:C,true,Y,N,N,AWY_SEG_ALT,1,POINT:NAVAID:MVC:VORTAC:US:AL:MONROEVILLE,POINT:FIX:GIZMO:K7,16097
AIRWAY:V469,AIRWAY_PATH:V469:C,true,Y,N,N,AWY_SEG_ALT,1,POINT:NAVAID:JST:VOR/DME:US:PA:JOHNSTOWN,POINT:NAVAID:HAR:VORTAC:US:PA:HARRISBURG,16308
AIRWAY:V505,AIRWAY_PATH:V505:C,true,Y,N,N,AWY_SEG_ALT,1,POINT:NAVAID:GEP:VORTAC:US:MN:MINNEAPOLIS,POINT:NAVAID:DLH:VORTAC:US:MN:DULUTH,16743
AIRWAY:V51,AIRWAY_PATH:V51:C,true,Y,N,N,AWY_SEG_ALT,2,POINT:NAVAID:IIU:VORTAC:US:KY:LOUISVILLE|POINT:NAVAID:CRG:VORTAC:US:FL:JACKSONVILLE,POINT:NAVAID:SHB:VOR/DME:US:IN:SHELBYVILLE|POINT:NAVAID:HCH:VOR/DME:US:TN:CROSSVILLE,16834|16829
AIRWAY:V53,AIRWAY_PATH:V53:C,true,Y,N,N,AWY_SEG_ALT,1,POINT:NAVAID:HMV:VORTAC:US:TN:HOLSTON_MOUNTAIN,POINT:NAVAID:HYK:VOR/DME:US:KY:LEXINGTON,17058
AIRWAY:V536,AIRWAY_PATH:V536:C,true,Y,N,N,AWY_SEG_ALT,1,POINT:NAVAID:BZN:VOR/DME:US:MT:BOZEMAN,POINT:NAVAID:SHR:VOR/DME:US:WY:SHERIDAN,17183
AIRWAY:V54,AIRWAY_PATH:V54:C,true,Y,N,N,AWY_SEG_ALT,2,POINT:NAVAID:LIT:VORTAC:US:AR:LITTLE_ROCK|POINT:NAVAID:CQY:VORTAC:US:TX:CEDAR_CREEK,POINT:NAVAID:SDZ:VORTAC:US:NC:SOUTHERN_PINES|POINT:NAVAID:TXK:VORTAC:US:AR:TEXARKANA,17223|17219
AIRWAY:V556,AIRWAY_PATH:V556:C,true,Y,N,N,AWY_SEG_ALT,1,POINT:NAVAID:STV:VORTAC:US:TX:STONEWALL,POINT:NAVAID:VUH:VOR/DME:US:TX:GALVESTON,17336
AIRWAY:V568,AIRWAY_PATH:V568:C,true,Y,N,N,AWY_SEG_ALT,1,POINT:NAVAID:STV:VORTAC:US:TX:STONEWALL,POINT:NAVAID:MQP:VORTAC:US:TX:MINERAL_WELLS,17444
AIRWAY:V573,AIRWAY_PATH:V573:C,true,Y,N,N,AWY_SEG_ALT,1,POINT:NAVAID:BYP:VORTAC:US:TX:BONHAM,POINT:NAVAID:TXK:VORTAC:US:AR:TEXARKANA,17476
AIRWAY:V6,AIRWAY_PATH:V6:C,true,Y,N,N,AWY_SEG_ALT,1,POINT:NAVAID:DPA:VOR/DME:US:IL:CHICAGO/WEST_CHICAGO,POINT:NAVAID:PSB:VORTAC:US:PA:PHILIPSBURG,17672
AIRWAY:V625,AIRWAY_PATH:V625:C,false,N,N,N,AWY_SEG_ALT,1,POINT:BOUNDARY:U.S._MEXICAN_BORDER-1,POINT:FIX:BITVE:K2,17819
AIRWAY:V63,AIRWAY_PATH:V63:C,true,Y,N,N,AWY_SEG_ALT,2,POINT:NAVAID:CVA:VORTAC:US:IA:DAVENPORT|POINT:NAVAID:OSH:VOR/DME:US:WI:OSHKOSH,POINT:NAVAID:JVL:VOR/DME:US:WI:JANESVILLE|POINT:NAVAID:RHI:VOR/DME:US:WI:RHINELANDER,17847|17854
AIRWAY:V66,AIRWAY_PATH:V66:C,true,Y,N,N,AWY_SEG_ALT,2,POINT:NAVAID:MQP:VORTAC:US:TX:MINERAL_WELLS|POINT:NAVAID:LGC:VORTAC:US:GA:LAGRANGE,POINT:NAVAID:OKW:VORTAC:US:AL:BROOKWOOD|POINT:NAVAID:SDZ:VORTAC:US:NC:SOUTHERN_PINES,17927|17932
AIRWAY:V7,AIRWAY_PATH:V7:C,true,Y,N,N,AWY_SEG_ALT,2,POINT:NAVAID:LAL:VORTAC:US:FL:LAKELAND|POINT:NAVAID:VUZ:VORTAC:US:AL:BIRMINGHAM,POINT:NAVAID:SZW:VORTAC:US:FL:TALLAHASSEE|POINT:NAVAID:PXV:VORTAC:US:IN:EVANSVILLE,18030|18048
AIRWAY:V7,AIRWAY_PATH:V7:H,true,Y,N,N,AWY_SEG_ALT,1,POINT:NAVAID:MKK:VORTAC:US:HI:KAUNAKAKAI,POINT:FIX:JOELE:P,18081
AIRWAY:V70,AIRWAY_PATH:V70:C,false,N,N,N,AWY_SEG_ALT,1,POINT:BOUNDARY:U.S._MEXICAN_BORDER-4,POINT:FIX:CFGFF:K4,18087
AIRWAY:V70,AIRWAY_PATH:V70:C,true,Y,N,N,AWY_SEG_ALT,1,POINT:NAVAID:ALD:VOR:US:SC:ALLENDALE,POINT:NAVAID:CRE:VORTAC:US:SC:NORTH_MYRTLE_BEACH,18144
AIRWAY:V71,AIRWAY_PATH:V71:C,true,Y,N,N,AWY_SEG_ALT,2,POINT:NAVAID:TOP:VORTAC:US:KS:TOPEKA|POINT:NAVAID:ONL:VORTAC:US:NE:O_NEILL,POINT:NAVAID:LNK:VORTAC:US:NE:LINCOLN|POINT:NAVAID:PIR:VORTAC:US:SD:PIERRE,18175|18179
AIRWAY:V72,AIRWAY_PATH:V72:C,true,Y,N,N,AWY_SEG_ALT,1,POINT:NAVAID:DGD:VORTAC:US:MO:DOGWOOD,POINT:NAVAID:FAM:VORTAC:US:MO:FARMINGTON,18202
AIRWAY:V74,AIRWAY_PATH:V74:C,true,Y,N,N,AWY_SEG_ALT,1,POINT:NAVAID:DDC:VORTAC:US:KS:DODGE_CITY,POINT:NAVAID:PER:VORTAC:US:OK:PONCA_CITY,18230
AIRWAY:V78,AIRWAY_PATH:V78:C,true,Y,N,N,AWY_SEG_ALT,1,POINT:NAVAID:RHI:VOR/DME:US:WI:RHINELANDER,POINT:NAVAID:PLN:VORTAC:US:MI:PELLSTON,18323
AIRWAY:V8,AIRWAY_PATH:V8:C,true,Y,N,N,AWY_SEG_ALT,1,POINT:NAVAID:CGT:VORTAC:US:IL:CHICAGO_HEIGHTS,POINT:NAVAID:MRB:VORTAC:US:WV:MARTINSBURG,18426
AIRWAY:V81,AIRWAY_PATH:V81:C,false,N,N,N,AWY_SEG_ALT,1,POINT:BOUNDARY:U.S._MEXICAN_BORDER-2,POINT:FIX:CFHBX:K4,18455
AIRWAY:V84,AIRWAY_PATH:V84:C,true,Y,N,N,AWY_SEG_ALT,1,POINT:NAVAID:PMM:VOR/DME:US:MI:PULLMAN,POINT:NAVAID:GEE:VOR/DME:US:NY:GENESEO,18556
AIRWAY:V9,AIRWAY_PATH:V9:C,true,Y,N,N,AWY_SEG_ALT,1,POINT:NAVAID:SPI:VORTAC:US:IL:SPRINGFIELD,POINT:NAVAID:JVL:VOR/DME:US:WI:JANESVILLE,18687
AIRWAY:V93,AIRWAY_PATH:V93:C,true,Y,N,Y,AWY_SEG_ALT,1,POINT:FIX:LAAYK:K6,POINT:FIX:HELON:K6,18724
AIRWAY:V94,AIRWAY_PATH:V94:C,true,Y,N,N,AWY_SEG_ALT,1,POINT:NAVAID:TQA:VOR/DME:US:TX:ABILENE,POINT:NAVAID:CQY:VORTAC:US:TX:CEDAR_CREEK,18769
AIRWAY:V97,AIRWAY_PATH:V97:C,true,Y,N,N,AWY_SEG_ALT,2,POINT:FIX:PRATZ:K7|POINT:NAVAID:HYK:VOR/DME:US:KY:LEXINGTON,POINT:FIX:NELLO:K7|POINT:NAVAID:ODI:VORTAC:US:MN:NODINE,18837|18848
