nodeKey,NAV_ID,NAV_TYPE,NAV_STATUS,NAME,CITY,STATE_CODE,COUNTRY_CODE,REGION_CODE,LAT_DECIMAL,LONG_DECIMAL,FREQ,OPER_HOURS,NAS_USE_FLAG,PUBLIC_USE_FLAG
NAVAID:ABI:VORTAC,ABI,VORTAC,OPERATIONAL RESTRICTED,ABILENE,ABILENE,TX,US,ASW,32.48133058,-99.86345369,113.7,24,Y,Y
NAVAID:ABQ:VORTAC,ABQ,VORTAC,OPERATIONAL RESTRICTED,ALBUQUERQUE,ALBUQUERQUE,NM,US,ASW,35.04379558,-106.81631191,113.2,24,Y,Y
NAVAID:ABR:VOR/DME,ABR,VOR/DME,OPERATIONAL RESTRICTED,ABERDEEN,ABERDEEN,SD,US,AGL,45.41735666,-98.36871961,113,24,Y,Y
NAVAID:ACH:VORTAC,ACH,VORTAC,OPERATIONAL IFR,ANTON CHICO,ANTON CHICO,NM,US,ASW,35.11170611,-105.03992888,117.8,24,Y,Y
NAVAID:ACK:VOR/DME,ACK,VOR/DME,OPERATIONAL RESTRICTED,NANTUCKET,NANTUCKET,MA,US,ANE,41.28187505,-70.02670386,116.2,24,Y,Y
NAVAID:ACY:VORTAC,ACY,VORTAC,OPERATIONAL RESTRICTED,ATLANTIC CITY,ATLANTIC CITY,NJ,US,AEA,39.4558748,-74.57631472,117.15,24,Y,Y
NAVAID:ADM:VORTAC,ADM,VORTAC,OPERATIONAL RESTRICTED,ARDMORE,ARDMORE,OK,US,ASW,34.21158619,-97.16822802,116.7,24,Y,Y
NAVAID:AEX:VORTAC,AEX,VORTAC,OPERATIONAL RESTRICTED,ALEXANDRIA,ALEXANDRIA,LA,US,ASW,31.25673163,-92.50097241,116.1,24,Y,Y
NAVAID:AGC:VOR/DME,AGC,VOR/DME,OPERATIONAL RESTRICTED,ALLEGHENY,PITTSBURGH,PA,US,AEA,40.27864386,-80.04085469,110,24,Y,Y
NAVAID:AIR:VOR/DME,AIR,VOR/DME,OPERATIONAL IFR,BELLAIRE,BELLAIRE,OH,US,AGL,40.01702408,-80.81722894,117.1,24,Y,Y
NAVAID:ALB:VORTAC,ALB,VORTAC,OPERATIONAL RESTRICTED,ALBANY,ALBANY,NY,US,AEA,42.74728047,-73.80318397,115.3,24,Y,Y
NAVAID:ALD:VOR,ALD,VOR,OPERATIONAL RESTRICTED,ALLENDALE,ALLENDALE,SC,US,ASO,33.01249422,-81.29223222,116.7,24,Y,Y
NAVAID:ALO:VOR/DME,ALO,VOR/DME,OPERATIONAL RESTRICTED,WATERLOO,WATERLOO,IA,US,ACE,42.55649655,-92.39892391,112.2,24,Y,Y
NAVAID:ALS:VORTAC,ALS,VORTAC,OPERATIONAL RESTRICTED,ALAMOSA,ALAMOSA,CO,US,ANM,37.34915894,-105.81553269,113.9,24,Y,Y
NAVAID:AML:VOR/DME,AML,VOR/DME,OPERATIONAL RESTRICTED,ARMEL,HERNDON,VA,US,AEA,38.93459247,-77.46670175,113.5,24,Y,Y
NAVAID:APE:VORTAC,APE,VORTAC,OPERATIONAL RESTRICTED,APPLETON,APPLETON,OH,US,AGL,40.15106272,-82.58830136,116.7,24,Y,Y
NAVAID:ARD:VOR/DME,ARD,VOR/DME,OPERATIONAL RESTRICTED,YARDLEY,YARDLEY,PA,US,AEA,40.25334247,-74.90761238,108.2,24,Y,Y
NAVAID:ARG:VORTAC,ARG,VORTAC,OPERATIONAL RESTRICTED,WALNUT RIDGE,WALNUT RIDGE,AR,US,ASW,36.11001991,-90.9536933,114.5,24,Y,Y
NAVAID:ART:VORTAC,ART,VORTAC,OPERATIONAL RESTRICTED,WATERTOWN,WATERTOWN,NY,US,AEA,43.95213166,-76.06462686,109.8,24,Y,Y
NAVAID:ATR:VOR/DME,ATR,VOR/DME,OPERATIONAL RESTRICTED,WATERLOO,WATERLOO,DE,US,AEA,38.80981022,-75.21132236,112.6,24,Y,Y
NAVAID:AUG:VOR/DME,AUG,VOR/DME,OPERATIONAL RESTRICTED,AUGUSTA,AUGUSTA,ME,US,ANE,44.32002036,-69.7965643,114.95,24,Y,Y
NAVAID:AVE:VOR/DME,AVE,VOR/DME,OPERATIONAL RESTRICTED,AVENAL,AVENAL,CA,US,AWP,35.64697555,-119.97860555,117.1,24,Y,Y
NAVAID:AXC:VORTAC,AXC,VORTAC,OPERATIONAL IFR,ADDERS,DECATUR,IL,US,AGL,39.73752147,-88.8564315,117.2,24,Y,Y
NAVAID:BAE:VOR/DME,BAE,VOR/DME,OPERATIONAL IFR,BADGER,MILWAUKEE,WI,US,AGL,43.11685325,-88.28434405,116.4,24,Y,Y
NAVAID:BAF:VORTAC,BAF,VORTAC,OPERATIONAL RESTRICTED,BARNES,WESTFIELD/SPRINGFIELD,MA,US,ANE,42.16195908,-72.7161995,113,24,Y,Y
NAVAID:BAL:VORTAC,BAL,VORTAC,OPERATIONAL RESTRICTED,BALTIMORE,BALTIMORE,MD,US,AEA,39.17106341,-76.66125625,115.1,24,Y,Y
NAVAID:BAM:VORTAC,BAM,VORTAC,OPERATIONAL RESTRICTED,BATTLE MOUNTAIN,BATTLE MOUNTAIN,NV,US,AWP,40.56908061,-116.92225627,112.2,24,Y,Y
NAVAID:BCE:VORTAC,BCE,VORTAC,OPERATIONAL RESTRICTED,BRYCE CANYON,BRYCE CANYON,UT,US,ANM,37.68918744,-112.3039023,112.8,24,Y,Y
NAVAID:BDR:VOR/DME,BDR,VOR/DME,OPERATIONAL RESTRICTED,BRIDGEPORT,BRIDGEPORT,CT,US,ANE,41.16070566,-73.1244863,108.8,24,Y,Y
NAVAID:BFD:DME,BFD,DME,OPERATIONAL RESTRICTED,BRADFORD,BRADFORD,PA,US,AEA,41.78638658,-78.61934855,116.6,24,Y,Y
NAVAID:BFF:VORTAC,BFF,VORTAC,OPERATIONAL RESTRICTED,SCOTTSBLUFF,SCOTTSBLUFF,NE,US,ACE,41.894163,-103.48203161,112.6,24,Y,Y
NAVAID:BGR:VORTAC,BGR,VORTAC,OPERATIONAL IFR,BANGOR,BANGOR,ME,US,ANE,44.84179497,-68.87396533,114.8,24,Y,Y
NAVAID:BIL:VORTAC,BIL,VORTAC,OPERATIONAL RESTRICTED,BILLINGS,BILLINGS,MT,US,ANM,45.80855919,-108.62464758,114.5,24,Y,Y
NAVAID:BKE:VOR/DME,BKE,VOR/DME,OPERATIONAL RESTRICTED,BAKER CITY,BAKER CITY,OR,US,ANM,44.84059947,-117.80786827,115.3,24,Y,Y
NAVAID:BLD:VORTAC,BLD,VORTAC,OPERATIONAL RESTRICTED,BOULDER CITY,BOULDER CITY,NV,US,AWP,35.99579022,-114.86357888,116.7,24,Y,Y
NAVAID:BLH:VORTAC,BLH,VORTAC,OPERATIONAL RESTRICTED,BLYTHE,BLYTHE,CA,US,AWP,33.59606463,-114.76127336,117.4,24,Y,Y
NAVAID:BMI:DME,BMI,DME,OPERATIONAL RESTRICTED,BLOOMINGTON,BLOOMINGTON/NORMAL,IL,US,AGL,40.48080469,-88.93126641,108.2,24,Y,Y
NAVAID:BNA:VORTAC,BNA,VORTAC,OPERATIONAL RESTRICTED,NASHVILLE,NASHVILLE,TN,US,ASO,36.13696036,-86.68477116,114.1,24,Y,Y
NAVAID:BOI:VORTAC,BOI,VORTAC,OPERATIONAL RESTRICTED,BOISE,BOISE,ID,US,ANM,43.55281141,-116.19212561,113.3,24,Y,Y
NAVAID:BOS:VOR/DME,BOS,VOR/DME,OPERATIONAL RESTRICTED,BOSTON,BOSTON,MA,US,ANE,42.35744991,-70.98954838,112.7,24,Y,Y
NAVAID:BQS:VOR/DME,BQS,VOR/DME,OPERATIONAL IFR,BRAYMER,BRAYMER,MO,US,ACE,39.63055555,-93.87527777,115.35,24,Y,Y
NAVAID:BRV:VORTAC,BRV,VORTAC,OPERATIONAL RESTRICTED,BROOKE,BROOKE,VA,US,AEA,38.33625733,-77.35286552,114.5,24,Y,Y
NAVAID:BSV:VOR/DME,BSV,VOR/DME,OPERATIONAL IFR,BRIGGS,BRIGGS,OH,US,AGL,40.74070638,-81.43211711,114.05,24,Y,Y
NAVAID:BTG:VORTAC,BTG,VORTAC,OPERATIONAL RESTRICTED,BATTLE GROUND,BATTLE GROUND,WA,US,ANM,45.74781102,-122.59153655,116.6,24,Y,Y
NAVAID:BTV:VOR/DME,BTV,VOR/DME,OPERATIONAL RESTRICTED,BURLINGTON,BURLINGTON,VT,US,ANE,44.39710472,-73.18263472,117.5,24,Y,Y
NAVAID:BTY:VORTAC,BTY,VORTAC,OPERATIONAL RESTRICTED,BEATTY,BEATTY,NV,US,AWP,36.80059727,-116.7476403,114.7,24,Y,Y
NAVAID:BUF:DME,BUF,DME,OPERATIONAL RESTRICTED,BUFFALO,BUFFALO,NY,US,AEA,42.9289915,-78.64634947,116.4,24,Y,Y
NAVAID:BUM:VORTAC,BUM,VORTAC,OPERATIONAL RESTRICTED,BUTLER,BUTLER,MO,US,ACE,38.27208011,-94.48826111,115.9,24,Y,Y
NAVAID:BWZ:VOR/DME,BWZ,VOR/DME,OPERATIONAL RESTRICTED,BROADWAY,SCHOOLEY'S MOUNTAIN,NJ,US,AEA,40.79843277,-74.8218325,114.2,24,Y,Y
NAVAID:BXK:VORTAC,BXK,VORTAC,OPERATIONAL RESTRICTED,BUCKEYE,BUCKEYE,AZ,US,AWP,33.45345869,-112.82459369,110.6,24,Y,Y
NAVAID:BYI:VOR/DME,BYI,VOR/DME,OPERATIONAL RESTRICTED,BURLEY,BURLEY,ID,US,ANM,42.58023936,-113.86585758,114.1,24,Y,Y
NAVAID:BYP:VORTAC,BYP,VORTAC,OPERATIONAL IFR,BONHAM,BONHAM,TX,US,ASW,33.53748611,-96.23409444,114.6,24,Y,Y
NAVAID:BZM:VOR/DME,BZM,VOR/DME,OPERATIONAL RESTRICTED,BARRETTS MOUNTAIN,HICKORY,NC,US,ASO,35.86885388,-81.24052888,113.75,24,Y,Y
NAVAID:BZN:VOR/DME,BZN,VOR/DME,OPERATIONAL RESTRICTED,BOZEMAN,BOZEMAN,MT,US,ANM,45.78389891,-111.15545488,112.4,24,Y,Y
NAVAID:CAE:VORTAC,CAE,VORTAC,OPERATIONAL RESTRICTED,COLUMBIA,COLUMBIA,SC,US,ASO,33.85724986,-81.0539028,114.7,24,Y,Y
NAVAID:CAM:VOR/DME,CAM,VOR/DME,OPERATIONAL RESTRICTED,CAMBRIDGE,CAMBRIDGE,NY,US,AEA,42.99428883,-73.34401891,115,24,Y,Y
NAVAID:CCC:VOR/DME,CCC,VOR/DME,OPERATIONAL RESTRICTED,CALVERTON,CALVERTON,NY,US,AEA,40.92961883,-72.79885825,114.55,24,Y,Y
NAVAID:CCR:VOR/DME,CCR,VOR/DME,OPERATIONAL RESTRICTED,CONCORD,CONCORD,CA,US,AWP,38.0449203,-122.0452073,117,24,Y,Y
NAVAID:CEW:VORTAC,CEW,VORTAC,OPERATIONAL RESTRICTED,CRESTVIEW,CRESTVIEW,FL,US,ASO,30.82617375,-86.67914327,115.9,24,Y,Y
NAVAID:CFB:VOR/DME,CFB,VOR/DME,OPERATIONAL RESTRICTED,BINGHAMTON,BINGHAMTON,NY,US,AEA,42.15749036,-76.13647161,112.2,24,Y,Y
NAVAID:CIM:VORTAC,CIM,VORTAC,OPERATIONAL RESTRICTED,CIMARRON,CIMARRON,NM,US,ASW,36.49139694,-104.87199972,116.4,24,Y,Y
NAVAID:CIP:DME,CIP,DME,OPERATIONAL IFR,CLARION,CLARION,PA,US,AEA,41.14629333,-79.45797386,113.85,24,Y,Y
NAVAID:CKB:VOR/DME,CKB,VOR/DME,OPERATIONAL RESTRICTED,CLARKSBURG,CLARKSBURG,WV,US,AEA,39.2532178,-80.26786161,112.6,24,Y,Y
NAVAID:CKW:VOR/DME,CKW,VOR/DME,OPERATIONAL RESTRICTED,CHEROKEE,CHEROKEE,WY,US,ANM,41.75570944,-107.58198222,115,24,Y,Y
NAVAID:CLL:VORTAC,CLL,VORTAC,OPERATIONAL RESTRICTED,COLLEGE STATION,COLLEGE STATION,TX,US,ASW,30.60500172,-96.42068075,113.3,24,Y,Y
NAVAID:CMA:VOR/DME,CMA,VOR/DME,OPERATIONAL RESTRICTED,CAMARILLO,CAMARILLO,CA,US,AWP,34.21252102,-119.09435519,116.85,24,Y,Y
NAVAID:CME:VORTAC,CME,VORTAC,OPERATIONAL RESTRICTED,CHISUM,ROSWELL,NM,US,ASW,33.33747477,-104.62124491,116.1,24,Y,Y
NAVAID:CMK:VOR/DME,CMK,VOR/DME,OPERATIONAL RESTRICTED,CARMEL,CARMEL,NY,US,AEA,41.28008941,-73.58132641,116.6,24,Y,Y
NAVAID:CNX:VORTAC,CNX,VORTAC,OPERATIONAL RESTRICTED,CORONA,CORONA,NM,US,ASW,34.36701527,-105.67800472,115.5,24,Y,Y
NAVAID:COL:VOR/DME,COL,VOR/DME,OPERATIONAL RESTRICTED,COLTS NECK,COLTS NECK,NJ,US,AEA,40.31162952,-74.15972847,115.4,24,Y,Y
NAVAID:CON:VOR/DME,CON,VOR/DME,OPERATIONAL RESTRICTED,CONCORD,CONCORD,NH,US,ANE,43.219787,-71.575453,112.9,24,Y,Y
NAVAID:COU:VOR/DME,COU,VOR/DME,OPERATIONAL RESTRICTED,COLUMBIA,COLUMBIA,MO,US,ACE,38.81082333,-92.21827388,110.2,24,Y,Y
NAVAID:CQY:VORTAC,CQY,VORTAC,OPERATIONAL IFR,CEDAR CREEK,CEDAR CREEK,TX,US,ASW,32.18572222,-96.21810277,114.8,24,Y,Y
NAVAID:CRE:VORTAC,CRE,VORTAC,OPERATIONAL RESTRICTED,GRAND STRAND,NORTH MYRTLE BEACH,SC,US,ASO,33.81384094,-78.72452211,114.4,24,Y,Y
NAVAID:CRG:VORTAC,CRG,VORTAC,OPERATIONAL IFR,CRAIG,JACKSONVILLE,FL,US,ASO,30.33887919,-81.50992733,114.5,24,Y,Y
NAVAID:CRL:VOR/DME,CRL,VOR/DME,OPERATIONAL RESTRICTED,CARLETON,CARLETON,MI,US,AGL,42.04802655,-83.45757291,115.7,24,Y,Y
NAVAID:CRP:VORTAC,CRP,VORTAC,OPERATIONAL RESTRICTED,CORPUS CHRISTI,CORPUS CHRISTI,TX,US,ASW,27.90376591,-97.44488133,115.5,24,Y,Y
NAVAID:CSN:VORTAC,CSN,VORTAC,OPERATIONAL RESTRICTED,CASANOVA,CASANOVA,VA,US,AEA,38.64120213,-77.86549941,116.3,24,Y,Y
NAVAID:CTF:VOR/DME,CTF,VOR/DME,OPERATIONAL RESTRICTED,CHESTERFIELD,CHESTERFIELD,SC,US,ASO,34.65049805,-80.27491636,114.55,24,Y,Y
NAVAID:CTR:VOR/DME,CTR,VOR/DME,OPERATIONAL RESTRICTED,CHESTER,CHESTER,MA,US,ANE,42.29131861,-72.94939416,115.1,24,Y,Y
NAVAID:CTW:DME,CTW,DME,OPERATIONAL RESTRICTED,NEWCOMERSTOWN,NEWCOMERSTOWN,OH,US,AGL,40.22920861,-81.47647666,111.8,24,Y,Y
NAVAID:CVE:VOR/DME,CVE,VOR/DME,OPERATIONAL RESTRICTED,COWBOY,DALLAS,TX,US,ASW,32.89031033,-96.90396691,116.2,24,Y,Y
NAVAID:CYN:VORTAC,CYN,VORTAC,OPERATIONAL RESTRICTED,COYLE,COYLE,NJ,US,AEA,39.81733791,-74.43162572,113.4,24,Y,Y
NAVAID:CYS:VORTAC,CYS,VORTAC,OPERATIONAL RESTRICTED,CHEYENNE,CHEYENNE,WY,US,ANM,41.21096702,-104.77291497,113.1,24,Y,Y
NAVAID:CZI:VOR/DME,CZI,VOR/DME,OPERATIONAL RESTRICTED,CRAZY WOMAN,CRAZY WOMAN,WY,US,ANM,43.99972777,-106.43573055,117.3,24,Y,Y
NAVAID:DAS:VORTAC,DAS,VORTAC,OPERATIONAL RESTRICTED,DAISETTA,DAISETTA,TX,US,ASW,30.18971172,-94.64498444,116.9,24,Y,Y
NAVAID:DBN:VORTAC,DBN,VORTAC,OPERATIONAL RESTRICTED,DUBLIN,DUBLIN,GA,US,ASO,32.56346013,-82.83004477,113.1,24,Y,Y
NAVAID:DBQ:VORTAC,DBQ,VORTAC,OPERATIONAL RESTRICTED,DUBUQUE,DUBUQUE,IA,US,ACE,42.40146908,-90.709078,115.8,24,Y,Y
NAVAID:DDY:VOR/DME,DDY,VOR/DME,OPERATIONAL RESTRICTED,MUDDY MOUNTAIN,CASPER,WY,US,ANM,43.09085638,-106.27702444,116.2,24,Y,Y
NAVAID:DGD:VORTAC,DGD,VORTAC,OPERATIONAL RESTRICTED,DOGWOOD,DOGWOOD,MO,US,ACE,37.02346916,-92.87692277,109.4,24,Y,Y
NAVAID:DJB:VOR/DME,DJB,VOR/DME,OPERATIONAL RESTRICTED,DRYER,CLEVELAND,OH,US,AGL,41.35806497,-82.16196869,113.6,24,Y,Y
NAVAID:DKK:DME,DKK,DME,OPERATIONAL RESTRICTED,DUNKIRK,DUNKIRK,NY,US,AEA,42.4904,-79.27410277,116.2,24,Y,Y
NAVAID:DLL:VORTAC,DLL,VORTAC,OPERATIONAL RESTRICTED,DELLS,BARABOO,WI,US,AGL,43.55083561,-89.76362247,117,24,Y,Y
NAVAID:DNY:VOR/DME,DNY,VOR/DME,OPERATIONAL IFR,DELANCEY,DELANCEY,NY,US,AEA,42.17828055,-74.95694055,112.1,24,Y,Y
NAVAID:DOV:TACAN,DOV,TACAN,OPERATIONAL IFR,DOVER,DOVER,DE,US,AEA,39.1324,-75.46740833,110,24,Y,Y
NAVAID:DPK:VOR/DME,DPK,VOR/DME,OPERATIONAL RESTRICTED,DEER PARK,DEER PARK,NY,US,AEA,40.79176669,-73.30367738,117.7,24,Y,Y
NAVAID:DPR:VOR/DME,DPR,VOR/DME,OPERATIONAL IFR,DUPREE,DUPREE,SD,US,AGL,45.07817527,-101.71507138,116.8,24,Y,Y
NAVAID:DQO:VORTAC,DQO,VORTAC,OPERATIONAL RESTRICTED,DUPONT,WILMINGTON,DE,US,AEA,39.67814013,-75.60708558,114,24,Y,Y
NAVAID:DRK:VORTAC,DRK,VORTAC,OPERATIONAL RESTRICTED,DRAKE,PRESCOTT,AZ,US,AWP,34.70255225,-112.48034163,114.1,24,Y,Y
NAVAID:DSM:VORTAC,DSM,VORTAC,OPERATIONAL RESTRICTED,DES MOINES,DES MOINES,IA,US,ACE,41.4376248,-93.64855794,117.5,24,Y,Y
NAVAID:DTA:VORTAC,DTA,VORTAC,OPERATIONAL RESTRICTED,DELTA,DELTA,UT,US,ANM,39.30226216,-112.50555938,116.1,24,Y,Y
NAVAID:DVC:VORTAC,DVC,VORTAC,OPERATIONAL RESTRICTED,DOVE CREEK,DOVE CREEK,CO,US,ANM,37.80873972,-108.93127388,114.6,24,Y,Y
NAVAID:DVV:VORTAC,DVV,VORTAC,OPERATIONAL RESTRICTED,MILE HIGH,DENVER,CO,US,ANM,39.89468941,-104.624335,114.7,24,Y,Y
NAVAID:EED:VORTAC,EED,VORTAC,OPERATIONAL RESTRICTED,NEEDLES,NEEDLES,CA,US,AWP,34.76600416,-114.47410416,115.2,24,Y,Y
NAVAID:EKN:VORTAC,EKN,VORTAC,OPERATIONAL IFR,ELKINS,ELKINS,WV,US,AEA,38.91443583,-80.0992725,114.2,24,Y,Y
NAVAID:EKR:VOR/DME,EKR,VOR/DME,OPERATIONAL RESTRICTED,MEEKER,MEEKER,CO,US,ANM,40.06744188,-107.92494958,115.2,24,Y,Y
NAVAID:ELD:VOR/DME,ELD,VOR/DME,OPERATIONAL RESTRICTED,EL DORADO,EL DORADO,AR,US,ASW,33.2561538,-92.74394775,115.5,24,Y,Y
NAVAID:ELN:VOR/DME,ELN,VOR/DME,OPERATIONAL RESTRICTED,ELLENSBURG,ELLENSBURG,WA,US,ANM,47.02437419,-120.45841355,117.9,24,Y,Y
NAVAID:ELP:VORTAC,ELP,VORTAC,OPERATIONAL RESTRICTED,EL PASO,EL PASO,TX,US,ASW,31.81591027,-106.28188283,115.2,24,Y,Y
NAVAID:EMI:VORTAC,EMI,VORTAC,OPERATIONAL RESTRICTED,WESTMINSTER,WESTMINSTER,MD,US,AEA,39.49500738,-76.97857197,117.9,24,Y,Y
NAVAID:ENE:VOR/DME,ENE,VOR/DME,OPERATIONAL RESTRICTED,KENNEBUNK,KENNEBUNK,ME,US,ANE,43.42567213,-70.61352547,117.1,24,Y,Y
NAVAID:ENL:VORTAC,ENL,VORTAC,OPERATIONAL RESTRICTED,CENTRALIA,CENTRALIA,IL,US,AGL,38.41999869,-89.1589978,115,24,Y,Y
NAVAID:ENO:VORTAC,ENO,VORTAC,OPERATIONAL RESTRICTED,SMYRNA,KENTON,DE,US,AEA,39.23164669,-75.51596994,111.4,24,Y,Y
NAVAID:EOS:DME,EOS,DME,OPERATIONAL IFR,NEOSHO,NEOSHO,MO,US,ACE,36.84244841,-94.4357008,117.3,24,Y,Y
NAVAID:ERI:TACAN,ERI,TACAN,OPERATIONAL RESTRICTED,ERIE,ERIE,PA,US,AEA,42.01739691,-80.29269816,109.4,24,Y,Y
NAVAID:ESL:VOR/DME,ESL,VOR/DME,OPERATIONAL RESTRICTED,KESSEL,KESSEL,WV,US,AEA,39.22549277,-78.9895,110.8,24,Y,Y
NAVAID:ETG:VORTAC,ETG,VORTAC,OPERATIONAL IFR,KEATING,KEATING,PA,US,AEA,41.21494972,-78.14275638,116,24,Y,Y
NAVAID:ETX:VOR/DME,ETX,VOR/DME,OPERATIONAL RESTRICTED,EAST TEXAS,EAST TEXAS,PA,US,AEA,40.58103902,-75.68403013,110.2,24,Y,Y
NAVAID:EUF:VOR/DME,EUF,VOR/DME,OPERATIONAL RESTRICTED,EUFAULA,EUFAULA,AL,US,ASO,31.95025077,-85.1304795,109.2,24,Y,Y
NAVAID:EUG:VORTAC,EUG,VORTAC,OPERATIONAL RESTRICTED,EUGENE,EUGENE,OR,US,ANM,44.12089841,-123.22283125,112.9,24,Y,Y
NAVAID:EWC:VOR/DME,EWC,VOR/DME,OPERATIONAL RESTRICTED,ELLWOOD CITY,ELLWOOD CITY,PA,US,AEA,40.82493266,-80.21154555,115.8,24,Y,Y
NAVAID:EWM:VORTAC,EWM,VORTAC,OPERATIONAL RESTRICTED,NEWMAN,NEWMAN,TX,US,ASW,31.95178611,-106.27245833,112.4,24,Y,Y
NAVAID:FAM:VORTAC,FAM,VORTAC,OPERATIONAL RESTRICTED,FARMINGTON,FARMINGTON,MO,US,ACE,37.67346288,-90.23406127,115.7,24,Y,Y
NAVAID:FAY:VOR/DME,FAY,VOR/DME,OPERATIONAL RESTRICTED,FAYETTEVILLE,FAYETTEVILLE,NC,US,ASO,34.98555122,-78.87506386,114.85,24,Y,Y
NAVAID:FIM:VORTAC,FIM,VORTAC,OPERATIONAL RESTRICTED,FILLMORE,FILLMORE,CA,US,AWP,34.35669361,-118.88129111,112.5,24,Y,Y
NAVAID:FJC:VORTAC,FJC,VORTAC,OPERATIONAL RESTRICTED,ALLENTOWN,ALLENTOWN,PA,US,AEA,40.72668727,-75.45474519,117.5,24,Y,Y
NAVAID:FLM:VOR/DME,FLM,VOR/DME,OPERATIONAL IFR,FALMOUTH,FALMOUTH,KY,US,ASO,38.64944141,-84.31060166,117,24,Y,Y
NAVAID:FMG:VORTAC,FMG,VORTAC,OPERATIONAL RESTRICTED,MUSTANG,RENO,NV,US,AWP,39.53127736,-119.65607586,117.9,24,Y,Y
NAVAID:FNT:VORTAC,FNT,VORTAC,OPERATIONAL RESTRICTED,FLINT,FLINT,MI,US,AGL,42.9667665,-83.7469878,116.9,24,Y,Y
NAVAID:FOD:TACAN,FOD,TACAN,OPERATIONAL RESTRICTED,FORT DODGE,FORT DODGE,IA,US,ACE,42.61112497,-94.29481613,113.5,24,Y,Y
NAVAID:FQF:VORTAC,FQF,VORTAC,OPERATIONAL RESTRICTED,FALCON,DENVER,CO,US,ANM,39.69013888,-104.62097222,116.3,24,Y,Y
NAVAID:FQM:VOR/DME,FQM,VOR/DME,OPERATIONAL IFR,WILLIAMSPORT,WILLIAMSPORT,PA,US,AEA,41.3385585,-76.77486658,114.4,24,Y,Y
NAVAID:FRA:VORTAC,FRA,VORTAC,OPERATIONAL IFR,FRIANT,FRIANT,CA,US,AWP,37.10442083,-119.59544555,115.6,24,Y,Y
NAVAID:FSD:VORTAC,FSD,VORTAC,OPERATIONAL RESTRICTED,SIOUX FALLS,SIOUX FALLS,SD,US,AGL,43.64949047,-96.78112502,115,24,Y,Y
NAVAID:FSM:VORTAC,FSM,VORTAC,OPERATIONAL IFR,FORT SMITH,FORT SMITH,AR,US,ASW,35.38840763,-94.27152422,110.4,24,Y,Y
NAVAID:FST:VORTAC,FST,VORTAC,OPERATIONAL RESTRICTED,FORT STOCKTON,FORT STOCKTON,TX,US,ASW,30.95210705,-102.97571136,116.9,24,Y,Y
NAVAID:FTI:VORTAC,FTI,VORTAC,OPERATIONAL RESTRICTED,FORT UNION,LAS VEGAS,NM,US,ASW,35.6575495,-105.13559641,117.3,24,Y,Y
NAVAID:FTZ:VORTAC,FTZ,VORTAC,OPERATIONAL RESTRICTED,FORISTELL,FORISTELL,MO,US,ACE,38.69433369,-90.97126933,114.35,24,Y,Y
NAVAID:FUZ:VORTAC,FUZ,VORTAC,OPERATIONAL RESTRICTED,RANGER,DALLAS-FORT WORTH,TX,US,ASW,32.8894488,-97.17942588,115.7,24,Y,Y
NAVAID:FWA:VORTAC,FWA,VORTAC,OPERATIONAL RESTRICTED,FORT WAYNE,FORT WAYNE,IN,US,AGL,40.9790643,-85.18805811,117.8,24,Y,Y
NAVAID:GBN:VORTAC,GBN,VORTAC,OPERATIONAL RESTRICTED,GILA BEND,GILA BEND,AZ,US,AWP,32.95625833,-112.67427166,116.6,24,Y,Y
NAVAID:GCK:VORTAC,GCK,VORTAC,OPERATIONAL RESTRICTED,GARDEN CITY,GARDEN CITY,KS,US,ACE,37.91900372,-100.72500863,113.3,24,Y,Y
NAVAID:GDM:VOR/DME,GDM,VOR/DME,OPERATIONAL IFR,GARDNER,GARDNER,MA,US,ANE,42.54592083,-72.05818822,116.95,24,Y,Y
NAVAID:GEE:VOR/DME,GEE,VOR/DME,OPERATIONAL RESTRICTED,GENESEO,GENESEO,NY,US,AEA,42.83439638,-77.73275083,108.2,24,Y,Y
NAVAID:GEP:VORTAC,GEP,VORTAC,OPERATIONAL RESTRICTED,GOPHER,MINNEAPOLIS,MN,US,AGL,45.14568488,-93.37318094,117.3,24,Y,Y
NAVAID:GIJ:VORTAC,GIJ,VORTAC,OPERATIONAL RESTRICTED,GIPPER,NILES,MI,US,AGL,41.76861125,-86.31845188,115.4,24,Y,Y
NAVAID:GLD:VORTAC,GLD,VORTAC,OPERATIONAL RESTRICTED,GOODLAND,GOODLAND,KS,US,ACE,39.38786783,-101.69229655,115.1,24,Y,Y
NAVAID:GMN:VORTAC,GMN,VORTAC,OPERATIONAL RESTRICTED,GORMAN,GORMAN,CA,US,AWP,34.80402861,-118.86136027,116.1,24,Y,Y
NAVAID:GON:VOR/DME,GON,VOR/DME,OPERATIONAL RESTRICTED,GROTON,GROTON (NEW LONDON),CT,US,ANE,41.33040205,-72.05198461,110.85,24,Y,Y
NAVAID:GRB:VORTAC,GRB,VORTAC,OPERATIONAL RESTRICTED,GREEN BAY,GREEN BAY,WI,US,AGL,44.55516002,-88.19485719,115.5,24,Y,Y
NAVAID:GSO:VORTAC,GSO,VORTAC,OPERATIONAL RESTRICTED,GREENSBORO,GREENSBORO,NC,US,ASO,36.045693,-79.976371,116.2,24,Y,Y
NAVAID:GUP:VORTAC,GUP,VORTAC,OPERATIONAL RESTRICTED,GALLUP,GALLUP,NM,US,ASW,35.47600072,-108.87261452,115.1,24,Y,Y
NAVAID:GVE:VORTAC,GVE,VORTAC,OPERATIONAL RESTRICTED,GORDONSVILLE,GORDONSVILLE,VA,US,AEA,38.01359938,-78.15302658,115.6,24,Y,Y
NAVAID:GVO:VORTAC,GVO,VORTAC,OPERATIONAL RESTRICTED,GAVIOTA,GAVIOTA,CA,US,AWP,34.53132016,-120.09108827,113.8,24,Y,Y
NAVAID:GXU:VORTAC,GXU,VORTAC,OPERATIONAL RESTRICTED,MC GUIRE,WRIGHTSTOWN,NJ,US,AEA,40.009475,-74.59651111,110.6,24,Y,Y
NAVAID:HAR:VORTAC,HAR,VORTAC,OPERATIONAL RESTRICTED,HARRISBURG,HARRISBURG,PA,US,AEA,40.30223972,-77.06955888,115.35,24,Y,Y
NAVAID:HBU:VOR/DME,HBU,VOR/DME,OPERATIONAL RESTRICTED,BLUE MESA,GUNNISON,CO,US,ANM,38.45211641,-107.03971411,114.9,24,Y,Y
NAVAID:HCM:VORTAC,HCM,VORTAC,OPERATIONAL RESTRICTED,HARCUM,HARCUM,VA,US,AEA,37.44865988,-76.71135391,108.8,24,Y,Y
NAVAID:HCT:VORTAC,HCT,VORTAC,OPERATIONAL IFR,HAYES CENTER,HAYES CENTER,NE,US,ACE,40.45406083,-100.92357333,117.7,24,Y,Y
NAVAID:HDF:VOR,HDF,VOR,OPERATIONAL RESTRICTED,HOMELAND,RIVERSIDE,CA,US,AWP,33.77632975,-117.18532438,112.05,24,Y,Y
NAVAID:HEC:VORTAC,HEC,VORTAC,OPERATIONAL RESTRICTED,HECTOR,HECTOR,CA,US,AWP,34.79701791,-116.46292202,112.7,24,Y,Y
NAVAID:HFD:VOR/DME,HFD,VOR/DME,OPERATIONAL RESTRICTED,HARTFORD,HARTFORD,CT,US,ANE,41.64110469,-72.547418,114.9,24,Y,Y
NAVAID:HGR:VOR,HGR,VOR,OPERATIONAL RESTRICTED,HAGERSTOWN,HAGERSTOWN,MD,US,AEA,39.69772661,-77.85571811,109.8,24,Y,Y
NAVAID:HIA:VOR/DME,HIA,VOR/DME,OPERATIONAL RESTRICTED,WHITEHALL,WHITEHALL,MT,US,ANM,45.86178761,-112.16960852,113.7,24,Y,Y
NAVAID:HLC:VORTAC,HLC,VORTAC,OPERATIONAL RESTRICTED,HILL CITY,HILL CITY,KS,US,ACE,39.25874666,-100.22585027,113.7,24,Y,Y
NAVAID:HLN:VORTAC,HLN,VORTAC,OPERATIONAL RESTRICTED,HELENA,HELENA,MT,US,ANM,46.60682138,-111.95347516,117.7,24,Y,Y
NAVAID:HMV:VORTAC,HMV,VORTAC,OPERATIONAL RESTRICTED,HOLSTON MOUNTAIN,HOLSTON MOUNTAIN,TN,US,ASO,36.43705555,-82.1296,114.6,24,Y,Y
NAVAID:HNK:VOR/DME,HNK,VOR/DME,OPERATIONAL IFR,HANCOCK,HANCOCK,NY,US,AEA,42.06305694,-75.31628444,116.8,24,Y,Y
NAVAID:HNN:DME,HNN,DME,OPERATIONAL RESTRICTED,HENDERSON,HENDERSON,WV,US,AEA,38.75412463,-82.02616761,115.9,24,Y,Y
NAVAID:HOB:VORTAC,HOB,VORTAC,OPERATIONAL IFR,HOBBS,HOBBS,NM,US,ASW,32.63823761,-103.26929894,111,24,Y,Y
NAVAID:HQM:VORTAC,HQM,VORTAC,OPERATIONAL RESTRICTED,HOQUIAM,HOQUIAM,WA,US,ANM,46.94704041,-124.14926888,117.7,24,Y,Y
NAVAID:HRV:VORTAC,HRV,VORTAC,OPERATIONAL RESTRICTED,HARVEY,NEW ORLEANS,LA,US,ASW,29.85019472,-90.00298416,114.1,24,Y,Y
NAVAID:HTO:VORTAC,HTO,VORTAC,OPERATIONAL RESTRICTED,HAMPTON,EAST HAMPTON,NY,US,AEA,40.91899572,-72.31670436,113.6,24,Y,Y
NAVAID:HUO:VOR/DME,HUO,VOR/DME,OPERATIONAL RESTRICTED,HUGUENOT,HUGUENOT,NY,US,AEA,41.40968661,-74.59159425,116.1,24,Y,Y
NAVAID:HVE:VORTAC,HVE,VORTAC,OPERATIONAL RESTRICTED,HANKSVILLE,HANKSVILLE,UT,US,ANM,38.41680833,-110.69974061,115.9,24,Y,Y
NAVAID:HVQ:VOR/DME,HVQ,VOR/DME,OPERATIONAL RESTRICTED,CHARLESTON,CHARLESTON,WV,US,AEA,38.349676,-81.76991455,117.4,24,Y,Y
NAVAID:IAH:VORTAC,IAH,VORTAC,OPERATIONAL RESTRICTED,HUMBLE,HOUSTON,TX,US,ASW,29.95691702,-95.34571902,116.6,24,Y,Y
NAVAID:ICT:VORTAC,ICT,VORTAC,OPERATIONAL RESTRICTED,WICHITA,WICHITA,KS,US,ACE,37.74525719,-97.58382833,113.8,24,Y,Y
NAVAID:IGB:VORTAC,IGB,VORTAC,OPERATIONAL RESTRICTED,BIGBEE,COLUMBUS,MS,US,ASO,33.4854873,-88.51359002,116.2,24,Y,Y
NAVAID:IGN:VOR/DME,IGN,VOR/DME,OPERATIONAL RESTRICTED,KINGSTON,KINGSTON,NY,US,AEA,41.66545161,-73.82223925,117.6,24,Y,Y
NAVAID:IHD:TACAN,IHD,TACAN,OPERATIONAL IFR,INDIAN HEAD,SEVEN SPRINGS,PA,US,AEA,39.97424166,-79.3583675,108.2,24,Y,Y
NAVAID:IIU:VORTAC,IIU,VORTAC,OPERATIONAL RESTRICTED,LOUISVILLE,LOUISVILLE,KY,US,ASO,38.10346438,-85.57743658,114.8,24,Y,Y
NAVAID:ILC:VORTAC,ILC,VORTAC,OPERATIONAL IFR,WILSON CREEK,WILSON CREEK,NV,US,AWP,38.25019277,-114.39422638,116.3,24,Y,Y
NAVAID:ILM:VORTAC,ILM,VORTAC,OPERATIONAL RESTRICTED,WILMINGTON,WILMINGTON,NC,US,ASO,34.35164822,-77.87438038,117,24,Y,Y
NAVAID:IMB:VOR/DME,IMB,VOR/DME,OPERATIONAL RESTRICTED,KIMBERLY,KIMBERLY,OR,US,ANM,44.64839166,-119.71163138,115.6,24,Y,Y
NAVAID:INW:VORTAC,INW,VORTAC,OPERATIONAL RESTRICTED,WINSLOW,WINSLOW,AZ,US,AWP,35.06159977,-110.79501961,112.6,24,Y,Y
NAVAID:IOW:VOR/DME,IOW,VOR/DME,OPERATIONAL IFR,IOWA CITY,IOWA CITY,IA,US,ACE,41.51896019,-91.61325252,116.2,24,Y,Y
NAVAID:IRK:VORTAC,IRK,VORTAC,OPERATIONAL IFR,KIRKSVILLE,KIRKSVILLE,MO,US,ACE,40.13501772,-92.59171463,114.6,24,Y,Y
NAVAID:IRQ:VORTAC,IRQ,VORTAC,OPERATIONAL IFR,COLLIERS,COLLIERS,SC,US,ASO,33.70735333,-82.16206444,113.9,24,Y,Y
NAVAID:IRW:VORTAC,IRW,VORTAC,OPERATIONAL IFR,WILL ROGERS,OKLAHOMA CITY,OK,US,ASW,35.35859655,-97.60922822,114.1,24,Y,Y
NAVAID:ISO:VORTAC,ISO,VORTAC,OPERATIONAL RESTRICTED,KINSTON,KINSTON,NC,US,ASO,35.37094752,-77.55831522,117.5,24,Y,Y
NAVAID:ITH:DME,ITH,DME,OPERATIONAL RESTRICTED,ITHACA,ITHACA,NY,US,AEA,42.49502661,-76.45972688,111.8,24,Y,Y
NAVAID:JAC:VOR/DME,JAC,VOR/DME,OPERATIONAL RESTRICTED,JACKSON,JACKSON,WY,US,ANM,43.6210375,-110.73168527,115.4,24,Y,Y
NAVAID:JCT:VORTAC,JCT,VORTAC,OPERATIONAL RESTRICTED,JUNCTION,JUNCTION,TX,US,ASW,30.59802113,-99.817481,116,24,Y,Y
NAVAID:JFK:VOR/DME,JFK,VOR/DME,OPERATIONAL RESTRICTED,KENNEDY,NEW YORK,NY,US,AEA,40.63288377,-73.77139175,115.9,24,Y,Y
NAVAID:JHW:VOR/DME,JHW,VOR/DME,OPERATIONAL RESTRICTED,JAMESTOWN,JAMESTOWN,NY,US,AEA,42.18860694,-79.12130763,114.7,24,Y,Y
NAVAID:JLI:VORTAC,JLI,VORTAC,OPERATIONAL RESTRICTED,JULIAN,JULIAN,CA,US,AWP,33.14045861,-116.58593472,113.75,24,Y,Y
NAVAID:JNC:VOR/DME,JNC,VOR/DME,OPERATIONAL RESTRICTED,GRAND JUNCTION,GRAND JUNCTION,CO,US,ANM,39.05956555,-108.79257388,112.4,24,Y,Y
NAVAID:JOT:VOR/DME,JOT,VOR/DME,OPERATIONAL RESTRICTED,JOLIET,JOLIET,IL,US,AGL,41.54641852,-88.31841055,112.3,24,Y,Y
NAVAID:JPU:VOR/DME,JPU,VOR/DME,OPERATIONAL IFR,PARKERSBURG,PARKERSBURG,WV,US,AEA,39.44118036,-81.37476047,114.45,24,Y,Y
NAVAID:JST:VOR/DME,JST,VOR/DME,OPERATIONAL RESTRICTED,JOHNSTOWN,JOHNSTOWN,PA,US,AEA,40.31672561,-78.8341665,113,24,Y,Y
NAVAID:JVL:VOR/DME,JVL,VOR/DME,OPERATIONAL RESTRICTED,JANESVILLE,JANESVILLE,WI,US,AGL,42.55800813,-89.10525736,114.3,24,Y,Y
NAVAID:LAA:VOR/DME,LAA,VOR/DME,OPERATIONAL IFR,LAMAR,LAMAR,CO,US,ANM,38.19709202,-102.68753233,116.9,24,Y,Y
NAVAID:LAL:VORTAC,LAL,VORTAC,OPERATIONAL RESTRICTED,LAKELAND,LAKELAND,FL,US,ASO,27.98619716,-82.01390436,116,24,Y,Y
NAVAID:LAX:VORTAC,LAX,VORTAC,OPERATIONAL RESTRICTED,LOS ANGELES,LOS ANGELES,CA,US,AWP,33.93314911,-118.43201277,113.6,24,Y,Y
NAVAID:LBB:VORTAC,LBB,VORTAC,OPERATIONAL RESTRICTED,LUBBOCK,LUBBOCK,TX,US,ASW,33.70495069,-101.91401038,109.2,24,Y,Y
NAVAID:LBY:VORTAC,LBY,VORTAC,OPERATIONAL RESTRICTED,EATON,HATTIESBURG,MS,US,ASO,31.41868272,-89.337602,110.6,24,Y,Y
NAVAID:LCH:VORTAC,LCH,VORTAC,OPERATIONAL RESTRICTED,LAKE CHARLES,LAKE CHARLES,LA,US,ASW,30.14151361,-93.10556916,113.4,24,Y,Y
NAVAID:LEV:VORTAC,LEV,VORTAC,OPERATIONAL IFR,LEEVILLE,GRAND ISLE,LA,US,ASW,29.17522944,-90.10401916,113.5,24,Y,Y
NAVAID:LFK:VORTAC,LFK,VORTAC,OPERATIONAL RESTRICTED,LUFKIN,LUFKIN,TX,US,ASW,31.16244188,-94.71683261,112.1,24,Y,Y
NAVAID:LFT:VORTAC,LFT,VORTAC,OPERATIONAL IFR,LAFAYETTE,LAFAYETTE,LA,US,ASW,30.19381455,-91.99257133,109.8,24,Y,Y
NAVAID:LFV:VOR/DME,LFV,VOR/DME,OPERATIONAL RESTRICTED,MARCONI,NORTH TRURO,MA,US,ANE,42.01718772,-70.03723258,114.7,24,Y,Y
NAVAID:LGA:VOR/DME,LGA,VOR/DME,OPERATIONAL RESTRICTED,LA GUARDIA,NEW YORK,NY,US,AEA,40.78371475,-73.86859913,113.1,24,Y,Y
NAVAID:LGC:VORTAC,LGC,VORTAC,OPERATIONAL RESTRICTED,LAGRANGE,LAGRANGE,GA,US,ASO,33.04911877,-85.20622144,115.6,24,Y,Y
NAVAID:LIN:VOR/DME,LIN,VOR/DME,OPERATIONAL RESTRICTED,LINDEN,LINDEN,CA,US,AWP,38.07458047,-121.00385797,114.8,24,Y,Y
NAVAID:LIT:VORTAC,LIT,VORTAC,OPERATIONAL RESTRICTED,LITTLE ROCK,LITTLE ROCK,AR,US,ASW,34.8101,-92.15206666,115.1,24,Y,Y
NAVAID:LLA:VOR/DME,LLA,VOR/DME,OPERATIONAL IFR,WHITE LAKE,WHITE LAKE,LA,US,ASW,29.66322527,-92.3736425,114.95,24,Y,Y
NAVAID:LLC:VORTAC,LLC,VORTAC,OPERATIONAL RESTRICTED,LOVELOCK,LOVELOCK,NV,US,AWP,40.12526258,-118.5775955,116.5,24,Y,Y
NAVAID:LMN:VOR/DME,LMN,VOR/DME,OPERATIONAL RESTRICTED,LAMONI,LAMONI,IA,US,ACE,40.59676452,-93.967592,116.7,24,Y,Y
NAVAID:LNK:VORTAC,LNK,VORTAC,OPERATIONAL IFR,LINCOLN,LINCOLN,NE,US,ACE,40.92379347,-96.7420095,116.1,24,Y,Y
NAVAID:LNR:DME,LNR,DME,OPERATIONAL IFR,LONE ROCK,LONE ROCK,WI,US,AGL,43.29440277,-90.13314602,116.05,24,Y,Y
NAVAID:LOZ:VOR/DME,LOZ,VOR/DME,OPERATIONAL RESTRICTED,LONDON,LONDON,KY,US,ASO,37.03315038,-84.11007466,116.55,24,Y,Y
NAVAID:LRP:VOR/DME,LRP,VOR/DME,OPERATIONAL RESTRICTED,LANCASTER,LANCASTER,PA,US,AEA,40.11997552,-76.29129536,117.3,24,Y,Y
NAVAID:LVZ:VORTAC,LVZ,VORTAC,OPERATIONAL RESTRICTED,WILKES-BARRE,WILKES BARRE SCRANTON,PA,US,AEA,41.27279891,-75.68946622,111.6,24,Y,Y
NAVAID:LWT:VOR/DME,LWT,VOR/DME,OPERATIONAL RESTRICTED,LEWISTOWN,LEWISTOWN,MT,US,ANM,47.05297008,-109.60616813,115.45,24,Y,Y
NAVAID:LYH:VOR/DME,LYH,VOR/DME,OPERATIONAL RESTRICTED,LYNCHBURG,LYNCHBURG,VA,US,AEA,37.25457702,-79.23638052,109.2,24,Y,Y
NAVAID:MAD:VOR/DME,MAD,VOR/DME,OPERATIONAL IFR,MADISON,MADISON,CT,US,ANE,41.31386111,-72.69220277,110.4,24,Y,Y
NAVAID:MAP:TACAN,MAP,TACAN,OPERATIONAL IFR,MAPLES,MAPLES,MO,US,ACE,37.59076527,-91.78856972,113.4,24,Y,Y
NAVAID:MCB:VORTAC,MCB,VORTAC,OPERATIONAL RESTRICTED,MC COMB,MC COMB,MS,US,ASO,31.30445277,-90.25820305,116.7,24,Y,Y
NAVAID:MCI:VORTAC,MCI,VORTAC,OPERATIONAL IFR,KANSAS CITY,KANSAS CITY,MO,US,ACE,39.28528333,-94.73706111,113.25,24,Y,Y
NAVAID:MCM:DME,MCM,DME,OPERATIONAL IFR,MACON,MACON,MO,US,ACE,39.65404716,-92.48213647,112.9,24,Y,Y
NAVAID:MCW:VOR/DME,MCW,VOR/DME,OPERATIONAL IFR,MASON CITY,MASON CITY,IA,US,ACE,43.09475708,-93.32987236,114.9,24,Y,Y
NAVAID:MEI:VORTAC,MEI,VORTAC,OPERATIONAL RESTRICTED,MERIDIAN,MERIDIAN,MS,US,ASO,32.37843902,-88.80426747,117,24,Y,Y
NAVAID:MEM:VORTAC,MEM,VORTAC,OPERATIONAL IFR,MEMPHIS,MEMPHIS,TN,US,ASO,35.01510577,-89.98320161,117.5,24,Y,Y
NAVAID:MGM:VORTAC,MGM,VORTAC,OPERATIONAL RESTRICTED,MONTGOMERY,MONTGOMERY,AL,US,ASO,32.22228161,-86.31972708,112.1,24,Y,Y
NAVAID:MGW:VOR/DME,MGW,VOR/DME,OPERATIONAL IFR,MORGANTOWN,MORGANTOWN,WV,US,AEA,39.55671525,-79.8604123,111.6,24,Y,Y
NAVAID:MHZ:VORTAC,MHZ,VORTAC,OPERATIONAL IFR,MAGNOLIA,MADISON,MS,US,ASO,32.43406944,-90.09977222,113.2,24,Y,Y
NAVAID:MIP:VORTAC,MIP,VORTAC,OPERATIONAL IFR,MILTON,MILTON,PA,US,AEA,41.02339191,-76.66528994,109.2,24,Y,Y
NAVAID:MKG:TACAN,MKG,TACAN,OPERATIONAL RESTRICTED,MUSKEGON,MUSKEGON,MI,US,AGL,43.1692528,-86.039378,115.2,24,Y,Y
NAVAID:MLC:TACAN,MLC,TACAN,OPERATIONAL IFR,MC ALESTER,MC ALESTER,OK,US,ASW,34.84944091,-95.78234422,112,24,Y,Y
NAVAID:MLF:VORTAC,MLF,VORTAC,OPERATIONAL RESTRICTED,MILFORD,MILFORD,UT,US,ANM,38.36035555,-113.01323277,112.1,24,Y,Y
NAVAID:MLP:VOR/DME,MLP,VOR/DME,OPERATIONAL RESTRICTED,MULLAN PASS,MULLAN PASS,MT,US,ANM,47.45690305,-115.646045,117.8,24,Y,Y
NAVAID:MLS:VOR/DME,MLS,VOR/DME,OPERATIONAL IFR,MILES CITY,MILES CITY,MT,US,ANM,46.38222658,-105.95353366,112.1,24,Y,Y
NAVAID:MLU:VORTAC,MLU,VORTAC,OPERATIONAL RESTRICTED,MONROE,MONROE,LA,US,ASW,32.51687938,-92.03601397,117.2,24,Y,Y
NAVAID:MMB:VORTAC,MMB,VORTAC,OPERATIONAL IFR,MITBEE,GAGE,OK,US,ASW,36.3437325,-99.88012194,115.6,24,Y,Y
NAVAID:MOD:VOR/DME,MOD,VOR/DME,OPERATIONAL RESTRICTED,MODESTO,MODESTO,CA,US,AWP,37.62737444,-120.95786847,114.6,24,Y,Y
NAVAID:MOL:VOR/DME,MOL,VOR/DME,OPERATIONAL IFR,MONTEBELLO,MONTEBELLO,VA,US,AEA,37.90052472,-79.10688916,115.3,24,Y,Y
NAVAID:MQP:VORTAC,MQP,VORTAC,OPERATIONAL RESTRICTED,MILLSAP,MINERAL WELLS,TX,US,ASW,32.72618055,-97.99744166,117.7,24,Y,Y
NAVAID:MRB:VORTAC,MRB,VORTAC,OPERATIONAL RESTRICTED,MARTINSBURG,MARTINSBURG,WV,US,AEA,39.38557222,-77.84835611,112.1,24,Y,Y
NAVAID:MTU:VOR/DME,MTU,VOR/DME,OPERATIONAL RESTRICTED,MYTON,MYTON,UT,US,ANM,40.14909575,-110.12702819,112.7,24,Y,Y
NAVAID:MVA:VORTAC,MVA,VORTAC,OPERATIONAL RESTRICTED,MINA,MINA,NV,US,AWP,38.56529944,-118.03285333,115.1,24,Y,Y
NAVAID:MVY:VOR/DME,MVY,VOR/DME,OPERATIONAL IFR,MARTHAS VINEYARD,VINEYARD HAVEN,MA,US,ANE,41.39621469,-70.61271588,114.5,24,Y,Y
NAVAID:MXE:VORTAC,MXE,VORTAC,OPERATIONAL RESTRICTED,MODENA,MODENA,PA,US,AEA,39.91805002,-75.6708215,113.2,24,Y,Y
NAVAID:MZB:VORTAC,MZB,VORTAC,OPERATIONAL RESTRICTED,MISSION BAY,SAN DIEGO,CA,US,AWP,32.78220741,-117.22542138,117.8,24,Y,Y
NAVAID:NUW:TACAN,NUW,TACAN,OPERATIONAL RESTRICTED,WHIDBEY ISLAND,OAK HARBOR,WA,US,ANM,48.35493447,-122.66178811,113.8,24,Y,Y
NAVAID:OAK:VOR/DME,OAK,VOR/DME,OPERATIONAL RESTRICTED,OAKLAND,OAKLAND,CA,US,AWP,37.72592555,-122.2235918,116.8,24,Y,Y
NAVAID:OAL:VORTAC,OAL,VORTAC,OPERATIONAL RESTRICTED,COALDALE,COALDALE,NV,US,AWP,38.00326138,-117.77044583,117.7,24,Y,Y
NAVAID:OBH:DME,OBH,DME,OPERATIONAL IFR,WOLBACH,WOLBACH,NE,US,ACE,41.37573555,-98.35359527,112,24,Y,Y
NAVAID:OBK:VOR/DME,OBK,VOR/DME,OPERATIONAL RESTRICTED,NORTHBROOK,NORTHBROOK,IL,US,AGL,42.22137652,-87.95167038,113,24,Y,Y
NAVAID:OCN:VORTAC,OCN,VORTAC,OPERATIONAL RESTRICTED,OCEANSIDE,OCEANSIDE,CA,US,AWP,33.24063375,-117.41772075,115.3,24,Y,Y
NAVAID:OCS:VOR/DME,OCS,VOR/DME,OPERATIONAL RESTRICTED,ROCK SPRINGS,ROCK SPRINGS,WY,US,ANM,41.59021111,-109.01532855,116,24,Y,Y
NAVAID:ODI:VORTAC,ODI,VORTAC,OPERATIONAL IFR,NODINE,NODINE,MN,US,AGL,43.91232916,-91.46751616,117.9,24,Y,Y
NAVAID:OKM:VOR/DME,OKM,VOR/DME,OPERATIONAL IFR,OKMULGEE,OKMULGEE,OK,US,ASW,35.69307433,-95.86595436,114.9,24,Y,Y
NAVAID:OLM:VORTAC,OLM,VORTAC,OPERATIONAL RESTRICTED,OLYMPIA,OLYMPIA,WA,US,ANM,46.97163888,-122.90183333,113.4,24,Y,Y
NAVAID:OMN:VORTAC,OMN,VORTAC,OPERATIONAL RESTRICTED,ORMOND BEACH,ORMOND BEACH,FL,US,ASO,29.30325055,-81.11269825,112.6,24,Y,Y
NAVAID:ONL:VORTAC,ONL,VORTAC,OPERATIONAL IFR,O'NEILL,O'NEILL,NE,US,ACE,42.4704988,-98.68692738,113.9,24,Y,Y
NAVAID:ONM:VORTAC,ONM,VORTAC,OPERATIONAL RESTRICTED,SOCORRO,SOCORRO,NM,US,ASW,34.3389,-106.82046944,116.8,24,Y,Y
NAVAID:OOD:VORTAC,OOD,VORTAC,OPERATIONAL RESTRICTED,WOODSTOWN,WOODSTOWN,NJ,US,AEA,39.63607752,-75.30305627,112.8,24,Y,Y
NAVAID:ORF:VORTAC,ORF,VORTAC,OPERATIONAL RESTRICTED,NORFOLK,NORFOLK,VA,US,AEA,36.89190469,-76.20032705,116.9,24,Y,Y
NAVAID:ORL:VORTAC,ORL,VORTAC,OPERATIONAL RESTRICTED,ORLANDO,ORLANDO,FL,US,ASO,28.54272266,-81.33501477,112.2,24,Y,Y
NAVAID:ORW:VOR/DME,ORW,VOR/DME,OPERATIONAL IFR,NORWICH,NORWICH,CT,US,ANE,41.55640372,-71.9993533,110,24,Y,Y
NAVAID:OSI:VOR/DME,OSI,VOR/DME,OPERATIONAL RESTRICTED,WOODSIDE,WOODSIDE,CA,US,AWP,37.3925,-122.28130277,113.9,24,Y,Y
NAVAID:OTK:VOR/DME,OTK,VOR/DME,OPERATIONAL RESTRICTED,VALDOSTA,VALDOSTA,GA,US,ASO,30.78044602,-83.27972694,114.8,24,Y,Y
NAVAID:OVR:VORTAC,OVR,VORTAC,OPERATIONAL IFR,OMAHA,MINEOLA,IA,US,ACE,41.1671668,-95.73685322,116.3,24,Y,Y
NAVAID:PAE:VOR/DME,PAE,VOR/DME,OPERATIONAL IFR,PAINE,EVERETT,WA,US,ANM,47.91983322,-122.27780177,110.6,24,Y,Y
NAVAID:PDT:VORTAC,PDT,VORTAC,OPERATIONAL RESTRICTED,PENDLETON,PENDLETON,OR,US,ANM,45.69842077,-118.93871044,114.7,24,Y,Y
NAVAID:PDZ:VORTAC,PDZ,VORTAC,OPERATIONAL RESTRICTED,PARADISE,ONTARIO,CA,US,AWP,33.91833688,-117.52999713,112.2,24,Y,Y
NAVAID:PEQ:VOR/DME,PEQ,VOR/DME,OPERATIONAL RESTRICTED,PECOS,PECOS,TX,US,ASW,31.46931433,-103.5747543,116.5,24,Y,Y
NAVAID:PER:VORTAC,PER,VORTAC,OPERATIONAL RESTRICTED,PIONEER,PONCA CITY,OK,US,ASW,36.74653,-97.16015555,113.2,24,Y,Y
NAVAID:PGO:VORTAC,PGO,VORTAC,OPERATIONAL RESTRICTED,RICH MOUNTAIN,PAGE,OK,US,ASW,34.68046458,-94.6090023,113.5,24,Y,Y
NAVAID:PIE:VORTAC,PIE,VORTAC,OPERATIONAL RESTRICTED,ST PETERSBURG,ST PETERSBURG-CLEARWATER,FL,US,ASO,27.90776438,-82.68430919,116.4,24,Y,Y
NAVAID:PIH:VOR/DME,PIH,VOR/DME,OPERATIONAL RESTRICTED,POCATELLO,POCATELLO,ID,US,ANM,42.87038452,-112.65222961,112.6,24,Y,Y
NAVAID:PKE:VORTAC,PKE,VORTAC,OPERATIONAL RESTRICTED,PARKER,PARKER,CA,US,AWP,34.10197277,-114.68206638,117.9,24,Y,Y
NAVAID:PMD:VORTAC,PMD,VORTAC,OPERATIONAL RESTRICTED,PALMDALE,PALMDALE,CA,US,AWP,34.63139836,-118.06382241,115.55,24,Y,Y
NAVAID:PMM:VOR/DME,PMM,VOR/DME,OPERATIONAL RESTRICTED,PULLMAN,PULLMAN,MI,US,AGL,42.46603383,-86.10480811,112.1,24,Y,Y
NAVAID:PNH:VORTAC,PNH,VORTAC,OPERATIONAL IFR,PANHANDLE,AMARILLO,TX,US,ASW,35.23506208,-101.69903088,116.6,24,Y,Y
NAVAID:POM:VORTAC,POM,VORTAC,OPERATIONAL RESTRICTED,POMONA,POMONA,CA,US,AWP,34.07838783,-117.78707313,110.4,24,Y,Y
NAVAID:PSB:VORTAC,PSB,VORTAC,OPERATIONAL RESTRICTED,PHILIPSBURG,PHILIPSBURG,PA,US,AEA,40.91625888,-77.99271694,115.5,24,Y,Y
NAVAID:PSK:VORTAC,PSK,VORTAC,OPERATIONAL RESTRICTED,PULASKI,DUBLIN,VA,US,AEA,37.08768544,-80.71288241,116.8,24,Y,Y
NAVAID:PSP:VORTAC,PSP,VORTAC,OPERATIONAL RESTRICTED,PALM SPRINGS,PALM SPRINGS,CA,US,AWP,33.87001358,-116.42977258,115.5,24,Y,Y
NAVAID:PSX:VORTAC,PSX,VORTAC,OPERATIONAL IFR,PALACIOS,PALACIOS,TX,US,ASW,28.76441838,-96.30617977,117.3,24,Y,Y
NAVAID:PTW:VORTAC,PTW,VORTAC,OPERATIONAL RESTRICTED,POTTSTOWN,POTTSTOWN,PA,US,AEA,40.22223183,-75.56025083,116.5,24,Y,Y
NAVAID:PUB:VORTAC,PUB,VORTAC,OPERATIONAL RESTRICTED,PUEBLO,PUEBLO,CO,US,ANM,38.29425366,-104.42944741,116.7,24,Y,Y
NAVAID:PUT:VOR/DME,PUT,VOR/DME,OPERATIONAL RESTRICTED,PUTNAM,PUTNAM,CT,US,ANE,41.95546033,-71.84409483,117.4,24,Y,Y
NAVAID:PVC:NDB,PVC,NDB,OPERATIONAL IFR,PROVINCETOWN,PROVINCETOWN,MA,US,ANE,42.06881672,-70.22344333,389,24,Y,Y
NAVAID:PVD:VOR/DME,PVD,VOR/DME,OPERATIONAL RESTRICTED,PROVIDENCE,PROVIDENCE,RI,US,ANE,41.72434394,-71.42963861,115.6,24,Y,Y
NAVAID:PWE:DME,PWE,DME,OPERATIONAL IFR,PAWNEE CITY,PAWNEE CITY,NE,US,ACE,40.20024211,-96.20629947,112.4,24,Y,Y
NAVAID:PWL:VOR/DME,PWL,VOR/DME,OPERATIONAL IFR,PAWLING,POUGHKEEPSIE,NY,US,AEA,41.76977138,-73.60055138,114.3,24,Y,Y
NAVAID:PXN:VORTAC,PXN,VORTAC,OPERATIONAL RESTRICTED,PANOCHE,PANOCHE,CA,US,AWP,36.71545861,-120.77868361,112.6,24,Y,Y
NAVAID:PXR:VORTAC,PXR,VORTAC,OPERATIONAL RESTRICTED,PHOENIX,PHOENIX,AZ,US,AWP,33.43301725,-111.97020183,115.6,24,Y,Y
NAVAID:PXV:VORTAC,PXV,VORTAC,OPERATIONAL RESTRICTED,POCKET CITY,EVANSVILLE,IN,US,AGL,37.92831983,-87.76237986,113.3,24,Y,Y
NAVAID:PZD:VOR/DME,PZD,VOR/DME,OPERATIONAL IFR,PECAN,ALBANY,GA,US,ASO,31.65520583,-84.29310047,116.1,24,Y,Y
NAVAID:RAP:VORTAC,RAP,VORTAC,OPERATIONAL RESTRICTED,RAPID CITY,RAPID CITY,SD,US,AGL,43.97603836,-103.01232822,112.3,24,Y,Y
NAVAID:RAV:VORTAC,RAV,VORTAC,OPERATIONAL IFR,RAVINE,RAVINE,PA,US,AEA,40.55339291,-76.59938072,114.6,24,Y,Y
NAVAID:RBS:VOR/DME,RBS,VOR/DME,OPERATIONAL IFR,ROBERTS,ROBERTS,IL,US,AGL,40.58170138,-88.16426777,116.8,24,Y,Y
NAVAID:RBV:VORTAC,RBV,VORTAC,OPERATIONAL IFR,ROBBINSVILLE,ROBBINSVILLE,NJ,US,AEA,40.20240208,-74.49502611,113.8,24,Y,Y
NAVAID:RDU:VORTAC,RDU,VORTAC,OPERATIONAL IFR,RALEIGH/DURHAM,RALEIGH/DURHAM,NC,US,ASO,35.87252113,-78.78334211,117.2,24,Y,Y
NAVAID:RID:DME,RID,DME,OPERATIONAL RESTRICTED,RICHMOND,RICHMOND,IN,US,AGL,39.75500802,-84.83882877,113.65,24,Y,Y
NAVAID:RKA:VOR/DME,RKA,VOR/DME,OPERATIONAL IFR,ROCKDALE,ROCKDALE,NY,US,AEA,42.46633055,-75.23922805,112.6,24,Y,Y
NAVAID:ROC:VOR/DME,ROC,VOR/DME,OPERATIONAL IFR,ROCHESTER,ROCHESTER,NY,US,AEA,43.11795933,-77.67279475,110,24,Y,Y
NAVAID:ROD:VORTAC,ROD,VORTAC,OPERATIONAL RESTRICTED,ROSEWOOD,ROSEWOOD,OH,US,AGL,40.28780083,-84.04309641,117.5,24,Y,Y
NAVAID:RQZ:VORTAC,RQZ,VORTAC,OPERATIONAL RESTRICTED,ROCKET,HUNTSVILLE,AL,US,ASO,34.79723908,-86.63384655,112.2,24,Y,Y
NAVAID:RRS:VORTAC,RRS,VORTAC,OPERATIONAL RESTRICTED,WIREGRASS,DOTHAN,AL,US,ASO,31.28458733,-85.43120969,111.6,24,Y,Y
NAVAID:RSK:VORTAC,RSK,VORTAC,OPERATIONAL RESTRICTED,RATTLESNAKE,FARMINGTON,NM,US,ASW,36.74839255,-108.09889877,115.3,24,Y,Y
NAVAID:RST:VOR/DME,RST,VOR/DME,OPERATIONAL IFR,ROCHESTER,ROCHESTER,MN,US,AGL,43.7829028,-92.59696,112,24,Y,Y
NAVAID:RSW:VORTAC,RSW,VORTAC,OPERATIONAL RESTRICTED,LEE COUNTY,FORT MYERS,FL,US,ASO,26.52988669,-81.7757685,114.15,24,Y,Y
NAVAID:RWF:VOR/DME,RWF,VOR/DME,OPERATIONAL RESTRICTED,REDWOOD FALLS,REDWOOD FALLS,MN,US,AGL,44.46727372,-95.12822988,113.3,24,Y,Y
NAVAID:RZC:VORTAC,RZC,VORTAC,OPERATIONAL RESTRICTED,RAZORBACK,FAYETTEVILLE,AR,US,ASW,36.24642652,-94.12139058,116.4,24,Y,Y
NAVAID:RZS:VORTAC,RZS,VORTAC,OPERATIONAL RESTRICTED,SAN MARCUS,SANTA BARBARA,CA,US,AWP,34.50953197,-119.77098813,114.9,24,Y,Y
NAVAID:SAC:VORTAC,SAC,VORTAC,OPERATIONAL RESTRICTED,SACRAMENTO,SACRAMENTO,CA,US,AWP,38.4437393,-121.55165286,115.2,24,Y,Y
NAVAID:SAT:VORTAC,SAT,VORTAC,OPERATIONAL RESTRICTED,SAN ANTONIO,SAN ANTONIO,TX,US,ASW,29.64403,-98.4613158,116.8,24,Y,Y
NAVAID:SAU:VOR/DME,SAU,VOR/DME,OPERATIONAL RESTRICTED,SAUSALITO,SAUSALITO,CA,US,AWP,37.85533416,-122.52275222,116.2,24,Y,Y
NAVAID:SAV:VORTAC,SAV,VORTAC,OPERATIONAL RESTRICTED,SAVANNAH,SAVANNAH,GA,US,ASO,32.1462675,-81.19910555,115.95,24,Y,Y
NAVAID:SAX:VORTAC,SAX,VORTAC,OPERATIONAL RESTRICTED,SPARTA,SPARTA,NJ,US,AEA,41.06754127,-74.53830816,115.7,24,Y,Y
NAVAID:SBI:VOR/DME,SBI,VOR/DME,OPERATIONAL IFR,SABINE PASS,SABINE PASS,TX,US,ASW,29.68671972,-94.03797861,115.4,24,Y,Y
NAVAID:SBJ:VOR/DME,SBJ,VOR/DME,OPERATIONAL RESTRICTED,SOLBERG,SOLBERG,NJ,US,AEA,40.58304425,-74.74179144,112.9,24,N,Y
NAVAID:SBV:VORTAC,SBV,VORTAC,OPERATIONAL IFR,SOUTH BOSTON,SOUTH BOSTON,VA,US,AEA,36.67503858,-79.01449916,110.4,24,Y,Y
NAVAID:SEA:VORTAC,SEA,VORTAC,OPERATIONAL RESTRICTED,SEATTLE,SEATTLE,WA,US,ANM,47.43537316,-122.30961611,116.8,24,Y,Y
NAVAID:SEG:VOR/DME,SEG,VOR/DME,OPERATIONAL RESTRICTED,SELINSGROVE,SELINSGROVE,PA,US,AEA,40.79085919,-76.88404152,110.4,24,Y,Y
NAVAID:SEY:VOR/DME,SEY,VOR/DME,OPERATIONAL RESTRICTED,SANDY POINT,BLOCK ISLAND,RI,US,ANE,41.16743611,-71.57608611,117.8,24,Y,Y
NAVAID:SFO:VOR/DME,SFO,VOR/DME,OPERATIONAL RESTRICTED,SAN FRANCISCO,SAN FRANCISCO,CA,US,AWP,37.61948513,-122.37389347,115.8,24,Y,Y
NAVAID:SGD:VORTAC,SGD,VORTAC,OPERATIONAL RESTRICTED,SCAGGS ISLAND,NAPA,CA,US,AWP,38.17936216,-122.37315261,112.1,24,Y,Y
NAVAID:SGF:VORTAC,SGF,VORTAC,OPERATIONAL RESTRICTED,SPRINGFIELD,SPRINGFIELD,MO,US,ACE,37.35594713,-93.33404452,116.9,24,Y,Y
NAVAID:SIE:VORTAC,SIE,VORTAC,OPERATIONAL RESTRICTED,SEA ISLE,SEA ISLE,NJ,US,AEA,39.095509,-74.80034394,114.8,24,Y,Y
NAVAID:SJC:VOR/DME,SJC,VOR/DME,OPERATIONAL RESTRICTED,SAN JOSE,SAN JOSE,CA,US,AWP,37.37471216,-121.94466858,114.1,24,Y,Y
NAVAID:SJI:VORTAC,SJI,VORTAC,OPERATIONAL RESTRICTED,SEMMES,MOBILE,AL,US,ASO,30.72597991,-88.359294,115.3,24,Y,Y
NAVAID:SJN:VORTAC,SJN,VORTAC,OPERATIONAL RESTRICTED,ST JOHNS,ST JOHNS,AZ,US,AWP,34.42404166,-109.14353055,112.3,24,Y,Y
NAVAID:SJT:VORTAC,SJT,VORTAC,OPERATIONAL RESTRICTED,SAN ANGELO,SAN ANGELO,TX,US,ASW,31.37495561,-100.45487027,115.1,24,Y,Y
NAVAID:SLI:VORTAC,SLI,VORTAC,OPERATIONAL RESTRICTED,SEAL BEACH,LOS ALAMITOS,CA,US,AWP,33.78330108,-118.05475844,115.7,24,Y,Y
NAVAID:SLN:VORTAC,SLN,VORTAC,OPERATIONAL RESTRICTED,SALINA,SALINA,KS,US,ACE,38.92513808,-97.62133225,117.1,24,Y,Y
NAVAID:SLT:VORTAC,SLT,VORTAC,OPERATIONAL IFR,SLATE RUN,SLATE RUN,PA,US,AEA,41.51275944,-77.97010972,113.9,24,Y,Y
NAVAID:SMO:VOR/DME,SMO,VOR/DME,OPERATIONAL RESTRICTED,SANTA MONICA,SANTA MONICA,CA,US,AWP,34.01024491,-118.4567155,110.8,24,Y,Y
NAVAID:SNS:VORTAC,SNS,VORTAC,OPERATIONAL RESTRICTED,SALINAS,SALINAS,CA,US,AWP,36.66383744,-121.60318413,117.3,24,Y,Y
NAVAID:SNY:VOR/DME,SNY,VOR/DME,OPERATIONAL RESTRICTED,SIDNEY,SIDNEY,NE,US,ACE,41.09668241,-102.98299272,115.9,24,Y,Y
NAVAID:SPA:VORTAC,SPA,VORTAC,OPERATIONAL RESTRICTED,SPARTANBURG,SPARTANBURG,SC,US,ASO,35.03362588,-81.92701,115.7,24,Y,Y
NAVAID:SPI:VORTAC,SPI,VORTAC,OPERATIONAL RESTRICTED,SPINNER,SPRINGFIELD,IL,US,AGL,39.83973316,-89.67773577,112.7,24,Y,Y
NAVAID:SPS:VORTAC,SPS,VORTAC,OPERATIONAL IFR,WICHITA FALLS,WICHITA FALLS,TX,US,ASW,33.98728736,-98.59347188,112.7,24,Y,Y
NAVAID:SQS:VORTAC,SQS,VORTAC,OPERATIONAL RESTRICTED,SIDON,SIDON,MS,US,ASO,33.46384936,-90.27735055,114.7,24,Y,Y
NAVAID:SSO:VORTAC,SSO,VORTAC,OPERATIONAL RESTRICTED,SAN SIMON,SAN SIMON,AZ,US,AWP,32.269245,-109.2630875,115.4,24,Y,Y
NAVAID:STL:VORTAC,STL,VORTAC,OPERATIONAL RESTRICTED,ST LOUIS,ST LOUIS,MO,US,ACE,38.8607233,-90.48234888,117.4,24,Y,Y
NAVAID:STW:VOR/DME,STW,VOR/DME,OPERATIONAL IFR,STILLWATER,STILLWATER,NJ,US,AEA,40.99581972,-74.86903027,109.6,24,Y,Y
NAVAID:SUG:VORTAC,SUG,VORTAC,OPERATIONAL IFR,SUGARLOAF MOUNTAIN,ASHEVILLE,NC,US,ASO,35.40650638,-82.26861416,112.2,24,Y,Y
NAVAID:SVM:VORTAC,SVM,VORTAC,OPERATIONAL RESTRICTED,SALEM,SALEM,MI,US,AGL,42.40864041,-83.59390152,114.3,24,Y,Y
NAVAID:SXC:VORTAC,SXC,VORTAC,OPERATIONAL RESTRICTED,SANTA CATALINA,SANTA CATALINA,CA,US,AWP,33.37505583,-118.41990972,114.15,24,Y,Y
NAVAID:SYR:VORTAC,SYR,VORTAC,OPERATIONAL RESTRICTED,SYRACUSE,SYRACUSE,NY,US,AEA,43.160519,-76.2045585,117,24,Y,Y
NAVAID:SZW:VORTAC,SZW,VORTAC,OPERATIONAL RESTRICTED,SEMINOLE,TALLAHASSEE,FL,US,ASO,30.55622719,-84.37394211,117.5,24,Y,Y
NAVAID:TBC:VORTAC,TBC,VORTAC,OPERATIONAL RESTRICTED,TUBA CITY,TUBA CITY,AZ,US,AWP,36.12131194,-111.26958777,113.5,24,Y,Y
NAVAID:TBD:VOR/DME,TBD,VOR/DME,OPERATIONAL RESTRICTED,TIBBY,THIBODAUX,LA,US,ASW,29.66432222,-90.82909305,117.15,24,Y,Y
NAVAID:TCC:VORTAC,TCC,VORTAC,OPERATIONAL RESTRICTED,TUCUMCARI,TUCUMCARI,NM,US,ASW,35.18220591,-103.59858083,113.6,24,Y,Y
NAVAID:TCH:VORTAC,TCH,VORTAC,OPERATIONAL RESTRICTED,WASATCH,SALT LAKE CITY,UT,US,ANM,40.85025913,-111.98190558,116.8,24,Y,Y
NAVAID:TFD:VORTAC,TFD,VORTAC,OPERATIONAL RESTRICTED,STANFIELD,CASA GRANDE,AZ,US,AWP,32.88585436,-111.90873452,114.8,24,Y,Y
NAVAID:TNP:VORTAC,TNP,VORTAC,OPERATIONAL RESTRICTED,TWENTYNINE PALMS,TWENTYNINE PALMS,CA,US,AWP,34.11223452,-115.769905,114.2,24,Y,Y
NAVAID:TNV:VOR/DME,TNV,VOR/DME,OPERATIONAL RESTRICTED,NAVASOTA,NAVASOTA,TX,US,ASW,30.2885265,-96.05823986,115.9,24,Y,Y
NAVAID:TOY:VORTAC,TOY,VORTAC,OPERATIONAL IFR,TROY,TROY,IL,US,AGL,38.73914961,-89.91859258,116,24,Y,Y
NAVAID:TRM:VORTAC,TRM,VORTAC,OPERATIONAL RESTRICTED,THERMAL,PALM SPRINGS,CA,US,AWP,33.62809658,-116.16019355,116.2,24,Y,Y
NAVAID:TTE:VOR/DME,TTE,VOR/DME,OPERATIONAL IFR,TULE,PORTERVILLE,CA,US,AWP,35.91305116,-119.02080955,116.25,24,Y,Y
NAVAID:TTH:VORTAC,TTH,VORTAC,OPERATIONAL IFR,TERRE HAUTE,TERRE HAUTE,IN,US,AGL,39.48894175,-87.249013,115.3,24,Y,Y
NAVAID:TUL:VORTAC,TUL,VORTAC,OPERATIONAL IFR,TULSA,TULSA,OK,US,ASW,36.19625341,-95.78809038,114.4,24,Y,Y
NAVAID:TUS:VORTAC,TUS,VORTAC,OPERATIONAL RESTRICTED,TUCSON,TUCSON,AZ,US,AWP,32.09520266,-110.91485502,116,24,Y,Y
NAVAID:TXK:VORTAC,TXK,VORTAC,OPERATIONAL IFR,TEXARKANA,TEXARKANA,AR,US,ASW,33.513882,-94.0732375,116.3,24,Y,Y
NAVAID:TXO:VORTAC,TXO,VORTAC,OPERATIONAL RESTRICTED,TEXICO,TEXICO,TX,US,ASW,34.49512669,-102.83966327,112.2,24,Y,Y
NAVAID:TYI:VORTAC,TYI,VORTAC,OPERATIONAL RESTRICTED,TAR RIVER,ROCKY MOUNT,NC,US,ASO,35.97672361,-77.70373166,117.8,24,Y,Y
NAVAID:UJM:VOR/DME,UJM,VOR/DME,OPERATIONAL IFR,MARVELL,HELENA/WEST HELENA,AR,US,ASW,34.57504661,-90.67440141,113.65,24,Y,Y
NAVAID:VCN:VOR/DME,VCN,VOR/DME,OPERATIONAL IFR,CEDAR LAKE,MILLVILLE,NJ,US,AEA,39.53767111,-74.96714388,115.2,24,Y,Y
NAVAID:VHP:VORTAC,VHP,VORTAC,OPERATIONAL RESTRICTED,BRICKYARD,INDIANAPOLIS,IN,US,AGL,39.81472905,-86.36749977,116.3,24,Y,Y
NAVAID:VIH:VOR/DME,VIH,VOR/DME,OPERATIONAL IFR,VICHY,ROLLA/VICHY,MO,US,ACE,38.15407194,-91.70677194,117.7,24,Y,Y
NAVAID:VIO:VOR/DME,VIO,VOR/DME,OPERATIONAL RESTRICTED,VICTORY,GRAND RAPIDS,MI,US,AGL,42.78671727,-85.49707277,115.95,24,Y,Y
NAVAID:VNY:VOR/DME,VNY,VOR/DME,OPERATIONAL RESTRICTED,VAN NUYS,VAN NUYS,CA,US,AWP,34.2234585,-118.49167438,113.1,24,Y,Y
NAVAID:VTU:VOR/DME,VTU,VOR/DME,OPERATIONAL RESTRICTED,VENTURA,OXNARD,CA,US,AWP,34.11506461,-119.04949866,116.55,24,Y,Y
NAVAID:VUZ:VORTAC,VUZ,VORTAC,OPERATIONAL RESTRICTED,VULCAN,BIRMINGHAM,AL,US,ASO,33.67013233,-86.89983716,114.4,24,Y,Y
NAVAID:VXV:VORTAC,VXV,VORTAC,OPERATIONAL IFR,VOLUNTEER,KNOXVILLE,TN,US,ASO,35.90483869,-83.89472038,116.4,24,Y,Y
NAVAID:YKM:VORTAC,YKM,VORTAC,OPERATIONAL RESTRICTED,YAKIMA,YAKIMA,WA,US,ANM,46.57024361,-120.44463677,116,24,Y,Y
NAVAID:YXU:VOR/DME,YXU,VOR/DME,OPERATIONAL IFR,LONDON,LONDON,,CA,,43.03791055,-81.14892961,117.2,24,Y,Y
NAVAID:ZFP:VOR/DME,ZFP,VOR/DME,OPERATIONAL IFR,FREEPORT,FREEPORT,,BS,,26.55534722,-78.69784722,113.2,24,Y,Y
NAVAID:ZQA:VOR/DME,ZQA,VOR/DME,OPERATIONAL IFR,NASSAU,NASSAU,,BS,,25.0255,-77.44641666,112.7,24,Y,Y
NAVAID:ZUN:VORTAC,ZUN,VORTAC,OPERATIONAL RESTRICTED,ZUNI,ZUNI PUEBLO,NM,US,ASW,34.96575333,-109.15450944,113.4,24,Y,Y
