procedureKey,procedureId,procedureType,sourceSegmentCount
PROCEDURE:DP:ACCRA5,ACCRA5,DP,1
PROCEDURE:DP:AGERS1,AGERS1,DP,43
PROCEDURE:DP:AKUNA9,AKUNA9,DP,5
PROCEDURE:DP:ALISS7,ALISS7,DP,6
PROCEDURE:DP:ALTNN2,ALTNN2,DP,22
PROCEDURE:DP:AMEEE1,AMEEE1,DP,31
PROCEDURE:DP:ARDIA7,ARDIA7,DP,1
PROCEDURE:DP:AZONE7,AZONE7,DP,1
PROCEDURE:DP:BANNG3,BANNG3,DP,7
PROCEDURE:DP:BARII3,BARII3,DP,8
PROCEDURE:DP:BARMY6,BARMY6,DP,17
PROCEDURE:DP:BAYLR6,BAYLR6,DP,1
PROCEDURE:DP:BAYPO2,BAYPO2,DP,23
PROCEDURE:DP:BEAVY7,BEAVY7,DP,2
PROCEDURE:DP:BERYY6,BERYY6,DP,3
PROCEDURE:DP:BETES-DP,BETES-DP,DP,11
PROCEDURE:DP:BEXGO5,BEXGO5,DP,9
PROCEDURE:DP:BIMMR3,BIMMR3,DP,8
PROCEDURE:DP:BINKY6,BINKY6,DP,1
PROCEDURE:DP:BLTWY7,BLTWY7,DP,7
PROCEDURE:DP:BLZZR6,BLZZR6,DP,20
PROCEDURE:DP:BNDTO6,BNDTO6,DP,14
PROCEDURE:DP:BNGOS4,BNGOS4,DP,12
PROCEDURE:DP:BNICE2,BNICE2,DP,25
PROCEDURE:DP:BOBZY6,BOBZY6,DP,1
PROCEDURE:DP:BROAK1,BROAK1,DP,1
PROCEDURE:DP:BRSTL1,BRSTL1,DP,1
PROCEDURE:DP:BUFTT1,BUFTT1,DP,3
PROCEDURE:DP:BUNZZ3,BUNZZ3,DP,8
PROCEDURE:DP:BWALL2,BWALL2,DP,7
PROCEDURE:DP:CAVVS5,CAVVS5,DP,9
PROCEDURE:DP:CCOBB3,CCOBB3,DP,1
PROCEDURE:DP:CHADM4,CHADM4,DP,8
PROCEDURE:DP:CHATY5,CHATY5,DP,5
PROCEDURE:DP:CHCLL6,CHCLL6,DP,5
PROCEDURE:DP:CHLDR5,CHLDR5,DP,3
PROCEDURE:DP:CHUUC6,CHUUC6,DP,2
PROCEDURE:DP:CLTCH3,CLTCH3,DP,32
PROCEDURE:DP:CLVIN3,CLVIN3,DP,12
PROCEDURE:DP:CNDEL5,CNDEL5,DP,1
PROCEDURE:DP:CONLE5,CONLE5,DP,31
PROCEDURE:DP:COULT7,COULT7,DP,13
PROCEDURE:DP:CROSB2,CROSB2,DP,16
PROCEDURE:DP:CROWD8,CROWD8,DP,3
PROCEDURE:DP:CRSON7,CRSON7,DP,5
PROCEDURE:DP:CSHEL8,CSHEL8,DP,58
PROCEDURE:DP:CURLO6,CURLO6,DP,1
PROCEDURE:DP:CUTTN2,CUTTN2,DP,2
PROCEDURE:DP:CWARD2,CWARD2,DP,253
PROCEDURE:DP:DANLS4,DANLS4,DP,6
PROCEDURE:DP:DARTZ9,DARTZ9,DP,2
PROCEDURE:DP:DAWNN1,DAWNN1,DP,1
PROCEDURE:DP:DDANY3,DDANY3,DP,4
PROCEDURE:DP:DEEZZ6,DEEZZ6,DP,4
PROCEDURE:DP:DOCTR5,DOCTR5,DP,19
PROCEDURE:DP:DORMR3,DORMR3,DP,10
PROCEDURE:DP:DORRL2,DORRL2,DP,1
PROCEDURE:DP:DOTSS2,DOTSS2,DP,2
PROCEDURE:DP:DRUSE5,DRUSE5,DP,4
PROCEDURE:DP:DUKPN1,DUKPN1,DP,37
PROCEDURE:DP:ECLPS1,ECLPS1,DP,4
PROCEDURE:DP:EEVAA1,EEVAA1,DP,1
PROCEDURE:DP:ELOCO6,ELOCO6,DP,38
PROCEDURE:DP:EMMTT4,EMMTT4,DP,4
PROCEDURE:DP:ENDED2,ENDED2,DP,16
PROCEDURE:DP:ESNYE7,ESNYE7,DP,3
PROCEDURE:DP:ESTRR6,ESTRR6,DP,11
PROCEDURE:DP:EXBOX2,EXBOX2,DP,1
PROCEDURE:DP:FATHE4,FATHE4,DP,25
PROCEDURE:DP:FEALX2,FEALX2,DP,41
PROCEDURE:DP:FLAME4,FLAME4,DP,6
PROCEDURE:DP:FLL2,FLL2,DP,1
PROCEDURE:DP:FLMGO2,FLMGO2,DP,15
PROCEDURE:DP:FOLZZ3,FOLZZ3,DP,41
PROCEDURE:DP:FORCK3,FORCK3,DP,8
PROCEDURE:DP:FORPE1,FORPE1,DP,4
PROCEDURE:DP:FOXHL1,FOXHL1,DP,33
PROCEDURE:DP:FRSBE2,FRSBE2,DP,14
PROCEDURE:DP:FYSTA3,FYSTA3,DP,1
PROCEDURE:DP:GAIRY2,GAIRY2,DP,1
PROCEDURE:DP:GANDY8,GANDY8,DP,12
PROCEDURE:DP:GATWY1,GATWY1,DP,5
PROCEDURE:DP:GDOGG4,GDOGG4,DP,2
PROCEDURE:DP:GLADZ4,GLADZ4,DP,8
PROCEDURE:DP:GOETZ7,GOETZ7,DP,4
PROCEDURE:DP:GOPUP-DP,GOPUP-DP,DP,1
PROCEDURE:DP:GTLKE5,GTLKE5,DP,10
PROCEDURE:DP:GUMBY3,GUMBY3,DP,40
PROCEDURE:DP:HAALO3,HAALO3,DP,3
PROCEDURE:DP:HHOWE4,HHOWE4,DP,9
PROCEDURE:DP:HIDEY1,HIDEY1,DP,2
PROCEDURE:DP:HOLND1,HOLND1,DP,9
PROCEDURE:DP:HOOKZ5,HOOKZ5,DP,6
PROCEDURE:DP:HORTO4,HORTO4,DP,30
PROCEDURE:DP:HROCK2,HROCK2,DP,17
PROCEDURE:DP:HRPER3,HRPER3,DP,3
PROCEDURE:DP:HSKEL3,HSKEL3,DP,12
PROCEDURE:DP:HURCN4,HURCN4,DP,21
PROCEDURE:DP:HURIC4,HURIC4,DP,8
PROCEDURE:DP:HYLND7,HYLND7,DP,25
PROCEDURE:DP:ICONS6,ICONS6,DP,11
PROCEDURE:DP:ILEXY4,ILEXY4,DP,18
PROCEDURE:DP:INDIE8,INDIE8,DP,30
PROCEDURE:DP:JACCC2,JACCC2,DP,4
PROCEDURE:DP:JAHNY6,JAHNY6,DP,1
PROCEDURE:DP:JASPA7,JASPA7,DP,1
PROCEDURE:DP:JCOBY4,JCOBY4,DP,32
PROCEDURE:DP:JDUBB4,JDUBB4,DP,27
PROCEDURE:DP:JEANY1,JEANY1,DP,7
PROCEDURE:DP:JEEMY4,JEEMY4,DP,7
PROCEDURE:DP:JERES2,JERES2,DP,16
PROCEDURE:DP:JETIN2,JETIN2,DP,4
PROCEDURE:DP:JHART7,JHART7,DP,4
PROCEDURE:DP:JOJJO6,JOJJO6,DP,4
PROCEDURE:DP:JPOOL8,JPOOL8,DP,2
PROCEDURE:DP:KAJIN2,KAJIN2,DP,5
PROCEDURE:DP:KALLI7,KALLI7,DP,38
PROCEDURE:DP:KAYLN3,KAYLN3,DP,3
PROCEDURE:DP:KEENS3,KEENS3,DP,3
PROCEDURE:DP:KENLN6,KENLN6,DP,1
PROCEDURE:DP:KEPTA-DP,KEPTA-DP,DP,2
PROCEDURE:DP:KILNS6,KILNS6,DP,5
PROCEDURE:DP:KKIDS1,KKIDS1,DP,4
PROCEDURE:DP:KRITR7,KRITR7,DP,12
PROCEDURE:DP:KRSTA4,KRSTA4,DP,9
PROCEDURE:DP:KSHEE5,KSHEE5,DP,2
PROCEDURE:DP:LAKES5,LAKES5,DP,7
PROCEDURE:DP:LAXX1,LAXX1,DP,62
PROCEDURE:DP:LCH5,LCH5,DP,2
PROCEDURE:DP:LEINY6,LEINY6,DP,2
PROCEDURE:DP:LGRHD3,LGRHD3,DP,13
PROCEDURE:DP:LIDDS4,LIDDS4,DP,10
PROCEDURE:DP:LINSE2,LINSE2,DP,30
PROCEDURE:DP:LNDRE5,LNDRE5,DP,14
PROCEDURE:DP:LOA4,LOA4,DP,6
PROCEDURE:DP:LOKRD1,LOKRD1,DP,5
PROCEDURE:DP:LOWGN8,LOWGN8,DP,1
PROCEDURE:DP:LUCYL6,LUCYL6,DP,13
PROCEDURE:DP:LURIC8,LURIC8,DP,8
PROCEDURE:DP:LWOOD5,LWOOD5,DP,8
PROCEDURE:DP:MCRAY2,MCRAY2,DP,14
PROCEDURE:DP:MIGGY3,MIGGY3,DP,2
PROCEDURE:DP:MIXUT-DP,MIXUT-DP,DP,1
PROCEDURE:DP:MLTRE3,MLTRE3,DP,3
PROCEDURE:DP:MMUGS4,MMUGS4,DP,40
PROCEDURE:DP:MNZNO3,MNZNO3,DP,2
PROCEDURE:DP:MRBIL1,MRBIL1,DP,2
PROCEDURE:DP:MRSSH3,MRSSH3,DP,9
PROCEDURE:DP:MYZNR3,MYZNR3,DP,1
PROCEDURE:DP:MZULO3,MZULO3,DP,24
PROCEDURE:DP:NATCA5,NATCA5,DP,1
PROCEDURE:DP:NEVUE3,NEVUE3,DP,1
PROCEDURE:DP:NIITZ4,NIITZ4,DP,2
PROCEDURE:DP:NUBLE4,NUBLE4,DP,22
PROCEDURE:DP:NUTIY1,NUTIY1,DP,45
PROCEDURE:DP:NYTES2,NYTES2,DP,56
PROCEDURE:DP:OLAKE3,OLAKE3,DP,11
PROCEDURE:DP:ORSKY3,ORSKY3,DP,2
PROCEDURE:DP:OSPRY1,OSPRY1,DP,6
PROCEDURE:DP:OXFRD5,OXFRD5,DP,9
PROCEDURE:DP:PADGT2,PADGT2,DP,6
PROCEDURE:DP:PARDN4,PARDN4,DP,3
PROCEDURE:DP:PATSS7,PATSS7,DP,17
PROCEDURE:DP:PAVYL3,PAVYL3,DP,5
PROCEDURE:DP:PENCL2,PENCL2,DP,1
PROCEDURE:DP:PFLYD1,PFLYD1,DP,4
PROCEDURE:DP:PHIIL3,PHIIL3,DP,4
PROCEDURE:DP:PIEPE6,PIEPE6,DP,10
PROCEDURE:DP:PITZZ5,PITZZ5,DP,14
PROCEDURE:DP:PLESS5,PLESS5,DP,2
PROCEDURE:DP:PLMMR3,PLMMR3,DP,9
PROCEDURE:DP:PLMTO3,PLMTO3,DP,3
PROCEDURE:DP:POUNC2,POUNC2,DP,1
PROCEDURE:DP:PPORT4,PPORT4,DP,24
PROCEDURE:DP:QUAKY1,QUAKY1,DP,1
PROCEDURE:DP:RACER8,RACER8,DP,1
PROCEDURE:DP:RAJEE4,RAJEE4,DP,1
PROCEDURE:DP:RAMBL6,RAMBL6,DP,1
PROCEDURE:DP:RDSOX1,RDSOX1,DP,14
PROCEDURE:DP:REBLL5,REBLL5,DP,26
PROCEDURE:DP:RETYR8,RETYR8,DP,14
PROCEDURE:DP:REVSS6,REVSS6,DP,4
PROCEDURE:DP:RNLDI4,RNLDI4,DP,25
PROCEDURE:DP:ROCKT4,ROCKT4,DP,1
PROCEDURE:DP:ROYAL2,ROYAL2,DP,6
PROCEDURE:DP:ROYES7,ROYES7,DP,1
PROCEDURE:DP:ROZBO5,ROZBO5,DP,11
PROCEDURE:DP:RST1,RST1,DP,13
PROCEDURE:DP:RUGGD3,RUGGD3,DP,1
PROCEDURE:DP:SABTH2,SABTH2,DP,2
PROCEDURE:DP:SCHEP1,SCHEP1,DP,3
PROCEDURE:DP:SCRAM6,SCRAM6,DP,25
PROCEDURE:DP:SCTWN4,SCTWN4,DP,1
PROCEDURE:DP:SHPRD4,SHPRD4,DP,22
PROCEDURE:DP:SILKS6,SILKS6,DP,4
PROCEDURE:DP:SLAPP2,SLAPP2,DP,1
PROCEDURE:DP:SLI8,SLI8,DP,87
PROCEDURE:DP:SLIDZ3,SLIDZ3,DP,42
PROCEDURE:DP:SMLTZ3,SMLTZ3,DP,7
PROCEDURE:DP:SNDLR3,SNDLR3,DP,2
PROCEDURE:DP:SNDRS3,SNDRS3,DP,6
PROCEDURE:DP:SNIDR2,SNIDR2,DP,29
PROCEDURE:DP:SOOKI6,SOOKI6,DP,21
PROCEDURE:DP:SPILR1,SPILR1,DP,1
PROCEDURE:DP:SPTNS1,SPTNS1,DP,1
PROCEDURE:DP:SSOXS7,SSOXS7,DP,35
PROCEDURE:DP:STAYY4,STAYY4,DP,1
PROCEDURE:DP:STRRM1,STRRM1,DP,2
PROCEDURE:DP:STRYA8,STRYA8,DP,4
PROCEDURE:DP:STUNO1,STUNO1,DP,5
PROCEDURE:DP:STYCK8,STYCK8,DP,31
PROCEDURE:DP:SUDDZ1,SUDDZ1,DP,1
PROCEDURE:DP:SUMMA2,SUMMA2,DP,1
PROCEDURE:DP:SWOPE1,SWOPE1,DP,9
PROCEDURE:DP:SWPFX3,SWPFX3,DP,8
PROCEDURE:DP:SWTSR7,SWTSR7,DP,1
PROCEDURE:DP:TAFOY3,TAFOY3,DP,1
PROCEDURE:DP:TAZMO4,TAZMO4,DP,5
PROCEDURE:DP:TBIRD7,TBIRD7,DP,44
PROCEDURE:DP:TERPZ8,TERPZ8,DP,34
PROCEDURE:DP:THUMB1,THUMB1,DP,26
PROCEDURE:DP:TIDES1,TIDES1,DP,29
PROCEDURE:DP:TIPPN4,TIPPN4,DP,2
PROCEDURE:DP:TOLLZ2,TOLLZ2,DP,55
PROCEDURE:DP:TRSHA1,TRSHA1,DP,7
PROCEDURE:DP:TRUKN2,TRUKN2,DP,1
PROCEDURE:DP:TRUPR3,TRUPR3,DP,3
PROCEDURE:DP:TRYTN4,TRYTN4,DP,9
PROCEDURE:DP:UECKR6,UECKR6,DP,8
PROCEDURE:DP:VARNM2,VARNM2,DP,3
PROCEDURE:DP:VTU8,VTU8,DP,13
PROCEDURE:DP:WEAZL6,WEAZL6,DP,5
PROCEDURE:DP:WELLY4,WELLY4,DP,1
PROCEDURE:DP:WHRLI7,WHRLI7,DP,2
PROCEDURE:DP:WLSTN7,WLSTN7,DP,2
PROCEDURE:DP:WOOLY2,WOOLY2,DP,28
PROCEDURE:DP:WYLSN8,WYLSN8,DP,4
PROCEDURE:DP:WYNGS5,WYNGS5,DP,8
PROCEDURE:DP:YODUH2,YODUH2,DP,13
PROCEDURE:DP:ZAAPA6,ZAAPA6,DP,9
PROCEDURE:DP:ZACHH4,ZACHH4,DP,7
PROCEDURE:DP:ZIONZ1,ZIONZ1,DP,2
PROCEDURE:DP:ZMBRO7,ZMBRO7,DP,9
PROCEDURE:DP:ZZOOO4,ZZOOO4,DP,1
PROCEDURE:STAR:AALLE4,AALLE4,STAR,12
PROCEDURE:STAR:AARCH2,AARCH2,STAR,10
PROCEDURE:STAR:AAVON1,AAVON1,STAR,1
PROCEDURE:STAR:ALDAN4,ALDAN4,STAR,10
PROCEDURE:STAR:ALYNA4,ALYNA4,STAR,38
PROCEDURE:STAR:AMYLU3,AMYLU3,STAR,15
PROCEDURE:STAR:ANJLL4,ANJLL4,STAR,2
PROCEDURE:STAR:ANTHM5,ANTHM5,STAR,8
PROCEDURE:STAR:APPLE3,APPLE3,STAR,3
PROCEDURE:STAR:AWDAD1,AWDAD1,STAR,10
PROCEDURE:STAR:BACHR4,BACHR4,STAR,5
PROCEDURE:STAR:BAGGY3,BAGGY3,STAR,3
PROCEDURE:STAR:BANGZ2,BANGZ2,STAR,6
PROCEDURE:STAR:BANKR6,BANKR6,STAR,6
PROCEDURE:STAR:BAYYY5,BAYYY5,STAR,23
PROCEDURE:STAR:BDEGA4,BDEGA4,STAR,7
PROCEDURE:STAR:BEAHR3,BEAHR3,STAR,1
PROCEDURE:STAR:BEARR5,BEARR5,STAR,2
PROCEDURE:STAR:BELLR6,BELLR6,STAR,3
PROCEDURE:STAR:BENKY6,BENKY6,STAR,6
PROCEDURE:STAR:BEREE3,BEREE3,STAR,28
PROCEDURE:STAR:BHHIA3,BHHIA3,STAR,2
PROCEDURE:STAR:BITHO7,BITHO7,STAR,5
PROCEDURE:STAR:BLFRG3,BLFRG3,STAR,14
PROCEDURE:STAR:BLOGS3,BLOGS3,STAR,3
PROCEDURE:STAR:BLUEM5,BLUEM5,STAR,7
PROCEDURE:STAR:BLUZZ5,BLUZZ5,STAR,22
PROCEDURE:STAR:BNFSH3,BNFSH3,STAR,27
PROCEDURE:STAR:BOJID4,BOJID4,STAR,8
PROCEDURE:STAR:BONJO3,BONJO3,STAR,1
PROCEDURE:STAR:BONZZ2,BONZZ2,STAR,18
PROCEDURE:STAR:BOOSH3,BOOSH3,STAR,14
PROCEDURE:STAR:BOOVE7,BOOVE7,STAR,5
PROCEDURE:STAR:BOUNO5,BOUNO5,STAR,25
PROCEDURE:STAR:BQS8,BQS8,STAR,2
PROCEDURE:STAR:BRAND1,BRAND1,STAR,4
PROCEDURE:STAR:BRBBQ3,BRBBQ3,STAR,7
PROCEDURE:STAR:BRDJE5,BRDJE5,STAR,27
PROCEDURE:STAR:BRIXX4,BRIXX4,STAR,2
PROCEDURE:STAR:BRWNZ4,BRWNZ4,STAR,19
PROCEDURE:STAR:BUNTS3,BUNTS3,STAR,1
PROCEDURE:STAR:CAMRN5,CAMRN5,STAR,34
PROCEDURE:STAR:CAPSS4,CAPSS4,STAR,31
PROCEDURE:STAR:CARTR1,CARTR1,STAR,7
PROCEDURE:STAR:CAVLR6,CAVLR6,STAR,29
PROCEDURE:STAR:CDOGG4,CDOGG4,STAR,18
PROCEDURE:STAR:CEGRM8,CEGRM8,STAR,2
PROCEDURE:STAR:CESAN4,CESAN4,STAR,5
PROCEDURE:STAR:CHINS5,CHINS5,STAR,3
PROCEDURE:STAR:CHOWW4,CHOWW4,STAR,5
PROCEDURE:STAR:CHPPR1,CHPPR1,STAR,10
PROCEDURE:STAR:CHSLY7,CHSLY7,STAR,27
PROCEDURE:STAR:CHSNE3,CHSNE3,STAR,4
PROCEDURE:STAR:CLASH5,CLASH5,STAR,15
PROCEDURE:STAR:CLIPR3,CLIPR3,STAR,11
PROCEDURE:STAR:CLMNT2,CLMNT2,STAR,43
PROCEDURE:STAR:CLPRR3,CLPRR3,STAR,7
PROCEDURE:STAR:COMIX2,COMIX2,STAR,3
PROCEDURE:STAR:CPTAN3,CPTAN3,STAR,61
PROCEDURE:STAR:CQY3,CQY3,STAR,8
PROCEDURE:STAR:CRAKN2,CRAKN2,STAR,8
PROCEDURE:STAR:CSTAL3,CSTAL3,STAR,41
PROCEDURE:STAR:CUUDA3,CUUDA3,STAR,72
PROCEDURE:STAR:CUUGR2,CUUGR2,STAR,10
PROCEDURE:STAR:CUURT1,CUURT1,STAR,2
PROCEDURE:STAR:DADES2,DADES2,STAR,50
PROCEDURE:STAR:DANEI3,DANEI3,STAR,10
PROCEDURE:STAR:DAWGG2,DAWGG2,STAR,5
PROCEDURE:STAR:DEALE3,DEALE3,STAR,12
PROCEDURE:STAR:DEANS-STAR,DEANS-STAR,STAR,7
PROCEDURE:STAR:DEEPO2,DEEPO2,STAR,26
PROCEDURE:STAR:DEHAN3,DEHAN3,STAR,8
PROCEDURE:STAR:DEMME5,DEMME5,STAR,21
PROCEDURE:STAR:DENNA1,DENNA1,STAR,4
PROCEDURE:STAR:DLAMP8,DLAMP8,STAR,1
PROCEDURE:STAR:DMSTR2,DMSTR2,STAR,11
PROCEDURE:STAR:DNKIN2,DNKIN2,STAR,6
PROCEDURE:STAR:DOOBI3,DOOBI3,STAR,18
PROCEDURE:STAR:DPK3,DPK3,STAR,48
PROCEDURE:STAR:DREEM3,DREEM3,STAR,55
PROCEDURE:STAR:DRLLR5,DRLLR5,STAR,6
PROCEDURE:STAR:DRYYE2,DRYYE2,STAR,5
PROCEDURE:STAR:DUBLN1,DUBLN1,STAR,3
PROCEDURE:STAR:DUCXS5,DUCXS5,STAR,8
PROCEDURE:STAR:DVALL4,DVALL4,STAR,4
PROCEDURE:STAR:DYAMD5,DYAMD5,STAR,11
PROCEDURE:STAR:EAGUL6,EAGUL6,STAR,13
PROCEDURE:STAR:EEGOR1,EEGOR1,STAR,13
PROCEDURE:STAR:EESAT4,EESAT4,STAR,4
PROCEDURE:STAR:EMMAS1,EMMAS1,STAR,3
PROCEDURE:STAR:EMZOH4,EMZOH4,STAR,1
PROCEDURE:STAR:ENDEE8,ENDEE8,STAR,15
PROCEDURE:STAR:FERN7,FERN7,STAR,10
PROCEDURE:STAR:FERRL2,FERRL2,STAR,6
PROCEDURE:STAR:FEVTA1,FEVTA1,STAR,3
PROCEDURE:STAR:FEWGA7,FEWGA7,STAR,7
PROCEDURE:STAR:FILPZ5,FILPZ5,STAR,3
PROCEDURE:STAR:FISSK7,FISSK7,STAR,10
PROCEDURE:STAR:FLOSI4,FLOSI4,STAR,15
PROCEDURE:STAR:FNTSY1,FNTSY1,STAR,25
PROCEDURE:STAR:FOREY2,FOREY2,STAR,4
PROCEDURE:STAR:FORTL9,FORTL9,STAR,9
PROCEDURE:STAR:FQM3,FQM3,STAR,14
PROCEDURE:STAR:FRDMM6,FRDMM6,STAR,9
PROCEDURE:STAR:FROGZ5,FROGZ5,STAR,33
PROCEDURE:STAR:FYTTE7,FYTTE7,STAR,14
PROCEDURE:STAR:GAVNN8,GAVNN8,STAR,17
PROCEDURE:STAR:GESNR2,GESNR2,STAR,13
PROCEDURE:STAR:GIBBZ5,GIBBZ5,STAR,18
PROCEDURE:STAR:GIGGY2,GIGGY2,STAR,11
PROCEDURE:STAR:GIIBS4,GIIBS4,STAR,9
PROCEDURE:STAR:GILCO5,GILCO5,STAR,2
PROCEDURE:STAR:GLASR3,GLASR3,STAR,4
PROCEDURE:STAR:GLAVN2,GLAVN2,STAR,13
PROCEDURE:STAR:GNDLF3,GNDLF3,STAR,15
PROCEDURE:STAR:GOPAC3,GOPAC3,STAR,3
PROCEDURE:STAR:GRNCH5,GRNCH5,STAR,19
PROCEDURE:STAR:GTOUT1,GTOUT1,STAR,36
PROCEDURE:STAR:GUSHR3,GUSHR3,STAR,6
PROCEDURE:STAR:HANBL3,HANBL3,STAR,14
PROCEDURE:STAR:HAYLL3,HAYLL3,STAR,3
PROCEDURE:STAR:HAYNZ7,HAYNZ7,STAR,15
PROCEDURE:STAR:HELNS6,HELNS6,STAR,3
PROCEDURE:STAR:HENBY1,HENBY1,STAR,17
PROCEDURE:STAR:HHOOD6,HHOOD6,STAR,9
PROCEDURE:STAR:HIBIL3,HIBIL3,STAR,3
PROCEDURE:STAR:HLYWD1,HLYWD1,STAR,4
PROCEDURE:STAR:HOBRK4,HOBRK4,STAR,4
PROCEDURE:STAR:HOBTT3,HOBTT3,STAR,15
PROCEDURE:STAR:HTOWN3,HTOWN3,STAR,3
PROCEDURE:STAR:HTROD2,HTROD2,STAR,8
PROCEDURE:STAR:HYDRR1,HYDRR1,STAR,3
PROCEDURE:STAR:HYPER9,HYPER9,STAR,17
PROCEDURE:STAR:IRNMN2,IRNMN2,STAR,3
PROCEDURE:STAR:IRONS7,IRONS7,STAR,1
PROCEDURE:STAR:IVINS2,IVINS2,STAR,3
PROCEDURE:STAR:JAFAR3,JAFAR3,STAR,8
PROCEDURE:STAR:JAIKE4,JAIKE4,STAR,55
PROCEDURE:STAR:JAKIE7,JAKIE7,STAR,14
PROCEDURE:STAR:JAKKS2,JAKKS2,STAR,2
PROCEDURE:STAR:JAKTZ2,JAKTZ2,STAR,3
PROCEDURE:STAR:JANNY5,JANNY5,STAR,1
PROCEDURE:STAR:JAZZZ1,JAZZZ1,STAR,7
PROCEDURE:STAR:JESEY5,JESEY5,STAR,8
PROCEDURE:STAR:JESTR1,JESTR1,STAR,1
PROCEDURE:STAR:JFUND2,JFUND2,STAR,21
PROCEDURE:STAR:JIIMS4,JIIMS4,STAR,29
PROCEDURE:STAR:JJEDI4,JJEDI4,STAR,14
PROCEDURE:STAR:JOKRS4,JOKRS4,STAR,4
PROCEDURE:STAR:JONZE6,JONZE6,STAR,8
PROCEDURE:STAR:JORDN2,JORDN2,STAR,19
PROCEDURE:STAR:JOVEM6,JOVEM6,STAR,2
PROCEDURE:STAR:JUNNR4,JUNNR4,STAR,12
PROCEDURE:STAR:JVL1,JVL1,STAR,7
PROCEDURE:STAR:KAYOH8,KAYOH8,STAR,18
PROCEDURE:STAR:KIDDZ5,KIDDZ5,STAR,11
PROCEDURE:STAR:KKILR4,KKILR4,STAR,19
PROCEDURE:STAR:KKISS2,KKISS2,STAR,10
PROCEDURE:STAR:KLYNK3,KLYNK3,STAR,18
PROCEDURE:STAR:KOHLS1,KOHLS1,STAR,9
PROCEDURE:STAR:KOLTS2,KOLTS2,STAR,1
PROCEDURE:STAR:KRAKN1,KRAKN1,STAR,6
PROCEDURE:STAR:LAIKS4,LAIKS4,STAR,19
PROCEDURE:STAR:LAWGR4,LAWGR4,STAR,7
PROCEDURE:STAR:LECTR3,LECTR3,STAR,14
PROCEDURE:STAR:LEDDL1,LEDDL1,STAR,26
PROCEDURE:STAR:LHO5,LHO5,STAR,1
PROCEDURE:STAR:LIKES4,LIKES4,STAR,5
PROCEDURE:STAR:LINKK1,LINKK1,STAR,23
PROCEDURE:STAR:LINNG-STAR,LINNG-STAR,STAR,22
PROCEDURE:STAR:LOADS4,LOADS4,STAR,4
PROCEDURE:STAR:LONGZ4,LONGZ4,STAR,11
PROCEDURE:STAR:LORLE3,LORLE3,STAR,1
PROCEDURE:STAR:LOYYD1,LOYYD1,STAR,1
PROCEDURE:STAR:LUBBR4,LUBBR4,STAR,24
PROCEDURE:STAR:LUCKI1,LUCKI1,STAR,7
PROCEDURE:STAR:LUNNI2,LUNNI2,STAR,15
PROCEDURE:STAR:LVZ5,LVZ5,STAR,3
PROCEDURE:STAR:MAATY5,MAATY5,STAR,11
PROCEDURE:STAR:MARQO3,MARQO3,STAR,3
PROCEDURE:STAR:MARWI4,MARWI4,STAR,3
PROCEDURE:STAR:MAZIE3,MAZIE3,STAR,4
PROCEDURE:STAR:MBELL5,MBELL5,STAR,8
PROCEDURE:STAR:MHOMS3,MHOMS3,STAR,1
PROCEDURE:STAR:MIIDY4,MIIDY4,STAR,10
PROCEDURE:STAR:MINEE6,MINEE6,STAR,4
PROCEDURE:STAR:MIP4,MIP4,STAR,10
PROCEDURE:STAR:MLLET4,MLLET4,STAR,5
PROCEDURE:STAR:MMARY1,MMARY1,STAR,2
PROCEDURE:STAR:MNNDO4,MNNDO4,STAR,8
PROCEDURE:STAR:MNSTR2,MNSTR2,STAR,3
PROCEDURE:STAR:MSCOT4,MSCOT4,STAR,6
PROCEDURE:STAR:MUNGI1,MUNGI1,STAR,10
PROCEDURE:STAR:MURAH3,MURAH3,STAR,3
PROCEDURE:STAR:MUSCL4,MUSCL4,STAR,10
PROCEDURE:STAR:NASCR1,NASCR1,STAR,3
PROCEDURE:STAR:NELIE4,NELIE4,STAR,1
PROCEDURE:STAR:NIIXX4,NIIXX4,STAR,13
PROCEDURE:STAR:NITZR4,NITZR4,STAR,2
PROCEDURE:STAR:NNCEE2,NNCEE2,STAR,23
PROCEDURE:STAR:NOBBI1,NOBBI1,STAR,13
PROCEDURE:STAR:NUBER-STAR,NUBER-STAR,STAR,3
PROCEDURE:STAR:NUMMY3,NUMMY3,STAR,7
PROCEDURE:STAR:OAKES3,OAKES3,STAR,3
PROCEDURE:STAR:OHDEA2,OHDEA2,STAR,2
PROCEDURE:STAR:OHSEA3,OHSEA3,STAR,3
PROCEDURE:STAR:OKLND1,OKLND1,STAR,10
PROCEDURE:STAR:ONDRE1,ONDRE1,STAR,5
PROCEDURE:STAR:OSPRI7,OSPRI7,STAR,5
PROCEDURE:STAR:OUTLA1,OUTLA1,STAR,23
PROCEDURE:STAR:OZZZI2,OZZZI2,STAR,19
PROCEDURE:STAR:OZZZY5,OZZZY5,STAR,5
PROCEDURE:STAR:PAATS4,PAATS4,STAR,26
PROCEDURE:STAR:PALMZ2,PALMZ2,STAR,11
PROCEDURE:STAR:PANGG7,PANGG7,STAR,31
PROCEDURE:STAR:PARCH4,PARCH4,STAR,6
PROCEDURE:STAR:PARQR5,PARQR5,STAR,9
PROCEDURE:STAR:PASLY5,PASLY5,STAR,12
PROCEDURE:STAR:PAWLN1,PAWLN1,STAR,3
PROCEDURE:STAR:PCIFC3,PCIFC3,STAR,3
PROCEDURE:STAR:PETTE2,PETTE2,STAR,1
PROCEDURE:STAR:PHLBO4,PHLBO4,STAR,42
PROCEDURE:STAR:PIKKR7,PIKKR7,STAR,3
PROCEDURE:STAR:PINNG1,PINNG1,STAR,1
PROCEDURE:STAR:POGIE2,POGIE2,STAR,2
PROCEDURE:STAR:POPPO2,POPPO2,STAR,1
PROCEDURE:STAR:PRICY5,PRICY5,STAR,5
PROCEDURE:STAR:PROUD2,PROUD2,STAR,43
PROCEDURE:STAR:PRTZL1,PRTZL1,STAR,7
PROCEDURE:STAR:PUCKS4,PUCKS4,STAR,23
PROCEDURE:STAR:PUCKY1,PUCKY1,STAR,18
PROCEDURE:STAR:PXN6,PXN6,STAR,1
PROCEDURE:STAR:QERVO3,QERVO3,STAR,20
PROCEDURE:STAR:QUBEN2,QUBEN2,STAR,3
PROCEDURE:STAR:RAVNN9,RAVNN9,STAR,38
PROCEDURE:STAR:RAYZZ3,RAYZZ3,STAR,4
PROCEDURE:STAR:RAZRR5,RAZRR5,STAR,4
PROCEDURE:STAR:RCTOR3,RCTOR3,STAR,4
PROCEDURE:STAR:REDDN4,REDDN4,STAR,10
PROCEDURE:STAR:REEKO3,REEKO3,STAR,4
PROCEDURE:STAR:RIICE1,RIICE1,STAR,1
PROCEDURE:STAR:RISTI1,RISTI1,STAR,2
PROCEDURE:STAR:RKCTY2,RKCTY2,STAR,14
PROCEDURE:STAR:RKSTR4,RKSTR4,STAR,11
PROCEDURE:STAR:ROBUC3,ROBUC3,STAR,63
PROCEDURE:STAR:ROKKR3,ROKKR3,STAR,3
PROCEDURE:STAR:ROKNN4,ROKNN4,STAR,7
PROCEDURE:STAR:ROLLN2,ROLLN2,STAR,18
PROCEDURE:STAR:ROZZE2,ROZZE2,STAR,34
PROCEDURE:STAR:RRALF3,RRALF3,STAR,6
PROCEDURE:STAR:RUDDH3,RUDDH3,STAR,12
PROCEDURE:STAR:RYYMN3,RYYMN3,STAR,4
PROCEDURE:STAR:SADDE8,SADDE8,STAR,5
PROCEDURE:STAR:SARDI1,SARDI1,STAR,76
PROCEDURE:STAR:SARGO5,SARGO5,STAR,5
PROCEDURE:STAR:SCBBY2,SCBBY2,STAR,3
PROCEDURE:STAR:SCOGS3,SCOGS3,STAR,11
PROCEDURE:STAR:SCRLT2,SCRLT2,STAR,29
PROCEDURE:STAR:SEAVU2,SEAVU2,STAR,3
PROCEDURE:STAR:SEEVR4,SEEVR4,STAR,26
PROCEDURE:STAR:SERFR4,SERFR4,STAR,2
PROCEDURE:STAR:SEWZY6,SEWZY6,STAR,18
PROCEDURE:STAR:SHAIN2,SHAIN2,STAR,18
PROCEDURE:STAR:SHFTY6,SHFTY6,STAR,67
PROCEDURE:STAR:SHREK2,SHREK2,STAR,1
PROCEDURE:STAR:SILCN6,SILCN6,STAR,5
PROCEDURE:STAR:SITTH3,SITTH3,STAR,14
PROCEDURE:STAR:SIZLR4,SIZLR4,STAR,1
PROCEDURE:STAR:SKILS5,SKILS5,STAR,2
PROCEDURE:STAR:SKNRD5,SKNRD5,STAR,18
PROCEDURE:STAR:SLATT6,SLATT6,STAR,2
PROCEDURE:STAR:SLMMR5,SLMMR5,STAR,3
PROCEDURE:STAR:SLOAO1,SLOAO1,STAR,6
PROCEDURE:STAR:SMUKE3,SMUKE3,STAR,4
PROCEDURE:STAR:SNDAY1,SNDAY1,STAR,3
PROCEDURE:STAR:SNDBR3,SNDBR3,STAR,2
PROCEDURE:STAR:SNFLD3,SNFLD3,STAR,39
PROCEDURE:STAR:SNKPT2,SNKPT2,STAR,14
PROCEDURE:STAR:SOCKK4,SOCKK4,STAR,5
PROCEDURE:STAR:SPIDR5,SPIDR5,STAR,4
PROCEDURE:STAR:SPISY2,SPISY2,STAR,2
PROCEDURE:STAR:SPUDS7,SPUDS7,STAR,3
PROCEDURE:STAR:STELA1,STELA1,STAR,7
PROCEDURE:STAR:STOCR5,STOCR5,STAR,9
PROCEDURE:STAR:STWRT3,STWRT3,STAR,6
PROCEDURE:STAR:SWFFT3,SWFFT3,STAR,12
PROCEDURE:STAR:SWVAY4,SWVAY4,STAR,5
PROCEDURE:STAR:TAQLE3,TAQLE3,STAR,14
PROCEDURE:STAR:TARPN3,TARPN3,STAR,23
PROCEDURE:STAR:TBARR4,TBARR4,STAR,1
PROCEDURE:STAR:TEEKY4,TEEKY4,STAR,28
PROCEDURE:STAR:TEJAS5,TEJAS5,STAR,3
PROCEDURE:STAR:TIGRR4,TIGRR4,STAR,14
PROCEDURE:STAR:TIMMO1,TIMMO1,STAR,2
PROCEDURE:STAR:TKNIQ3,TKNIQ3,STAR,5
PROCEDURE:STAR:TOPGN2,TOPGN2,STAR,1
PROCEDURE:STAR:TPGUN2,TPGUN2,STAR,9
PROCEDURE:STAR:TRAKS4,TRAKS4,STAR,5
PROCEDURE:STAR:TRESA1,TRESA1,STAR,15
PROCEDURE:STAR:TRISH4,TRISH4,STAR,15
PROCEDURE:STAR:TRSSH2,TRSSH2,STAR,12
PROCEDURE:STAR:TRTLL6,TRTLL6,STAR,29
PROCEDURE:STAR:TRUPS5,TRUPS5,STAR,7
PROCEDURE:STAR:TRUUK3,TRUUK3,STAR,2
PROCEDURE:STAR:TRYBE4,TRYBE4,STAR,23
PROCEDURE:STAR:TTHOR3,TTHOR3,STAR,31
PROCEDURE:STAR:TTORO3,TTORO3,STAR,6
PROCEDURE:STAR:TTYLR4,TTYLR4,STAR,1
PROCEDURE:STAR:TYNEE4,TYNEE4,STAR,16
PROCEDURE:STAR:UJM6,UJM6,STAR,3
PROCEDURE:STAR:UKW8,UKW8,STAR,1
PROCEDURE:STAR:VADDR1,VADDR1,STAR,18
PROCEDURE:STAR:VALRE1,VALRE1,STAR,17
PROCEDURE:STAR:VCTRZ2,VCTRZ2,STAR,3
PROCEDURE:STAR:VEECK5,VEECK5,STAR,22
PROCEDURE:STAR:VERKO-STAR,VERKO-STAR,STAR,6
PROCEDURE:STAR:VINTA3,VINTA3,STAR,3
PROCEDURE:STAR:VKTRY2,VKTRY2,STAR,2
PROCEDURE:STAR:VUUDU1,VUUDU1,STAR,43
PROCEDURE:STAR:WAPPL7,WAPPL7,STAR,27
PROCEDURE:STAR:WATSN4,WATSN4,STAR,14
PROCEDURE:STAR:WAYNZ1,WAYNZ1,STAR,1
PROCEDURE:STAR:WHINY4,WHINY4,STAR,25
PROCEDURE:STAR:WILBR1,WILBR1,STAR,2
PROCEDURE:STAR:WIPOR4,WIPOR4,STAR,5
PROCEDURE:STAR:WLDER1,WLDER1,STAR,1
PROCEDURE:STAR:WLEEE7,WLEEE7,STAR,14
PROCEDURE:STAR:WNDSR2,WNDSR2,STAR,2
PROCEDURE:STAR:WNGNT2,WNGNT2,STAR,6
PROCEDURE:STAR:WOONS2,WOONS2,STAR,15
PROCEDURE:STAR:WORXS2,WORXS2,STAR,3
PROCEDURE:STAR:WRGNZ3,WRGNZ3,STAR,5
PROCEDURE:STAR:WUTNG3,WUTNG3,STAR,2
PROCEDURE:STAR:WYNDE3,WYNDE3,STAR,16
PROCEDURE:STAR:YEAGR4,YEAGR4,STAR,10
PROCEDURE:STAR:ZEEKK3,ZEEKK3,STAR,12
PROCEDURE:STAR:ZELKA2,ZELKA2,STAR,5
PROCEDURE:STAR:ZIGGY8,ZIGGY8,STAR,3
PROCEDURE:STAR:ZONNA2,ZONNA2,STAR,3
PROCEDURE:STAR:ZZIPS1,ZZIPS1,STAR,8
