"EFF_DATE","REGULATORY","AWY_DESIGNATION","AWY_LOCATION","AWY_ID","UPDATE_DATE","REMARK","AIRWAY_STRING","File","Action","Mods"
"2026/03/19","Y","J","C","J162","2017/05/22","","DJB GAABE MAINE SPOOL AIR MGW BAABY LIZIO MRB","1","Modified","UPDATE_DATE"
"2026/05/14","Y","J","C","J162","2026/03/26","","DJB GAABE MAINE SPOOL AIR MGW BAABY LIZIO MRB","2","Modified","UPDATE_DATE"
"2026/03/19","Y","J","C","J34","2017/05/22","","HQM OLM RADDY MWH ODESS HLN BIL RECAP DPR RWF HARPI ODI HILRO DLL BAE ADALE VIO HASTE ALPHE CRL WOOST RIEKE DJB GAABE MAINE SPOOL AIR BUCKO SHAAR ESL DRUZZ TRIXY","1","Modified","UPDATE_DATE"
"2026/05/14","Y","J","C","J34","2026/03/25","","HQM OLM RADDY MWH ODESS HLN BIL RECAP DPR RWF HARPI ODI HILRO DLL BAE ADALE VIO HASTE ALPHE CRL WOOST RIEKE DJB GAABE MAINE SPOOL AIR BUCKO SHAAR ESL DRUZZ TRIXY","2","Modified","UPDATE_DATE"
"2026/03/19","Y","J","C","J517","2020/03/25","","BOI GEG EDGES BZXIV","2","Deleted",""
"2026/03/19","Y","J","C","J60","2025/04/21","","LAX PDZ CIVET RESOR HEC BLD BCE HVE DBL DVV HCT DRABS LNK CNOTA IOW VORIN JOT DJB CANCR HAGUD TYSUN MIDST PSB DOOTH FORTT DANNR GYNTS NEWEL CANDR SAX","1","Modified","UPDATE_DATE"
"2026/05/14","Y","J","C","J60","2026/03/23","","LAX PDZ CIVET RESOR HEC BLD BCE HVE DBL DVV HCT DRABS LNK CNOTA IOW VORIN JOT DJB CANCR HAGUD TYSUN MIDST PSB DOOTH FORTT DANNR GYNTS NEWEL CANDR SAX","2","Modified","UPDATE_DATE"
"2026/03/19","Y","J","C","J74","2017/05/23","","LAX PDZ YCDIL PKE NICKT NABOB PAYSO CHEAR SJN DRYHT MAXXO CNX TXO IRW","1","Modified","UPDATE_DATE"
"2026/05/14","Y","J","C","J74","2026/03/27","","LAX PDZ YCDIL PKE NICKT NABOB PAYSO CHEAR SJN DRYHT MAXXO CNX TXO IRW","2","Modified","UPDATE_DATE"
"2026/03/19","Y","RN","C","Q121","2019/10/04","","PARZZ PIH SWTHN","1","Modified","UPDATE_DATE AIRWAY_STRING"
"2026/05/14","Y","RN","C","Q121","2026/03/24","","PARZZ PIH STORZ","2","Modified","UPDATE_DATE AIRWAY_STRING"
"2026/03/19","Y","RN","C","Q156","2019/10/04","","STEVS ZAXUL FINUT TUFFY UPUGE HEXOL SWTHN JELRO KEKPE UFFDA HSTIN ZZIPR","1","Modified","UPDATE_DATE AIRWAY_STRING"
"2026/05/14","Y","RN","C","Q156","2026/03/24","","STEVS ZAXUL FINUT TUFFY UPUGE HEXOL STORZ JELRO KEKPE UFFDA HSTIN ZZIPR","2","Modified","UPDATE_DATE AIRWAY_STRING"
"2026/03/19","Y","RN","C","Q186","2026/02/04","","ZIINE PLAIN GERBS IDEAS STUNK FOODO SPYDY TEESY MIGET WEVEL SCAAM","1","Modified","UPDATE_DATE AIRWAY_STRING"
"2026/05/14","Y","RN","C","Q186","2026/02/17","","ZIINE PLAIN GERBS IDEAS WOOST STUNK FOODO SPYDY TEESY MIGET WEVEL SCAAM","2","Modified","UPDATE_DATE AIRWAY_STRING"
"2026/03/19","Y","RN","C","Q82","2017/05/24","","WWSHR DORET JHW WAYLA VIEEW TYROD MEMMS LOXXE PONCT","1","Modified","UPDATE_DATE AIRWAY_STRING"
"2026/05/14","Y","RN","C","Q82","2026/03/20","","WWSHR SPYDY DORET JHW WAYLA VIEEW TYROD MEMMS LOXXE PONCT","2","Modified","UPDATE_DATE AIRWAY_STRING"
"2026/03/19","Y","RN","C","Q842","2026/02/03","","BEALE BLIPP HOLTS WINEN TABLL PICHO PATIO PROXI VAANE KEETA CFXHJ","1","Modified","UPDATE_DATE"
"2026/05/14","Y","RN","C","Q842","2026/03/23","","BEALE BLIPP HOLTS WINEN TABLL PICHO PATIO PROXI VAANE KEETA CFXHJ","2","Modified","UPDATE_DATE"
"2026/03/19","Y","V","C","V102","2024/03/28","","SFL AXEPE JALEB CNM KEHFY HOMEX WUDRU DYETT HOB DEKEC IBOCO ELOYE TASNE RUKTE HEGTA MANIC JOXUL LBB","1","Modified","UPDATE_DATE AIRWAY_STRING"
"2026/05/14","Y","V","C","V102","2026/03/30","","SFL AXEPE CNM HOMEX WUDRU DYETT HOB DEKEC IBOCO ELOYE TASNE RUKTE HEGTA MANIC JOXUL LBB","2","Modified","UPDATE_DATE AIRWAY_STRING"
"2026/03/19","Y","V","C","V112","2022/04/12","","HQM ZEDAT ILWAC AST KEIKO PITER BTG PIQRI CARBY LTJ VECCU OGPAY LOAMS ECHOD FODOP PDT TACUP LYLES RODNA GEG DAZIE CEMOM JOMRU DIANN EDGES BZXIV","1","Modified","UPDATE_DATE AIRWAY_STRING"
"2026/05/14","Y","V","C","V112","2026/03/16","","HQM ZEDAT ILWAC AST KEIKO PITER BTG PIQRI CARBY LTJ VECCU OGPAY LOAMS ECHOD FODOP PDT TACUP LYLES RODNA GEG DAZIE CEMOM JOMRU DIANN EDGES","2","Modified","UPDATE_DATE AIRWAY_STRING"
"2026/03/19","Y","V","C","V114","2025/04/16","","PNH CAUDE DOGIN CDS PEWAE VASTY SPS FLOPP FERET BYP GGG SPOUT EKPOW CARTH EXITE COVEX MARTA NUBOY AEX CATCS MIKLE MOGAN KNAPP ALIYA LSU VEILS RQR SNAKI SLIDD CLERY MUDDA GPT MINDO WIGGO AKXUT LBY","1","Modified","UPDATE_DATE"
"2026/05/14","Y","V","C","V114","2026/03/27","","PNH CAUDE DOGIN CDS PEWAE VASTY SPS FLOPP FERET BYP GGG SPOUT EKPOW CARTH EXITE COVEX MARTA NUBOY AEX CATCS MIKLE MOGAN KNAPP ALIYA LSU VEILS RQR SNAKI SLIDD CLERY MUDDA GPT MINDO WIGGO AKXUT LBY","2","Modified","UPDATE_DATE"
"2026/03/19","Y","V","C","V123","2023/10/02","","MITCH GEEMO SWANN TACKS UKIEY CANUV OOD RUUTH DAVYS ENZEW HOLEY BRAND KORRY RBV TYKES MINKS RENUE APPLE TICKL PROUD DIALS LGA FAMMA CRALY HAARP RYMES CMK NOBBI CASSH TRESA WIGAN ATHOS GROUP ALB TIMKE CAM","1","Modified","UPDATE_DATE"
"2026/05/14","Y","V","C","V123","2026/03/26","","MITCH GEEMO SWANN TACKS UKIEY CANUV OOD RUUTH DAVYS ENZEW HOLEY BRAND KORRY RBV TYKES MINKS RENUE APPLE TICKL PROUD DIALS LGA FAMMA CRALY HAARP RYMES CMK NOBBI CASSH TRESA WIGAN ATHOS GROUP ALB TIMKE CAM","2","Modified","UPDATE_DATE"
"2026/03/19","Y","V","C","V135","2017/12/04","","SAYUL BZA COPAW CAZZI YOCEP BLH ROGBE PKE EED GORSY GFS WHIGG CLARR HIDEN BTY LIDAT TEZUM TPH","1","Modified","UPDATE_DATE AIRWAY_STRING"
"2026/05/14","Y","V","C","V135","2026/02/23","","SAYUL BZA COPAW YOCEP BLH ROGBE PKE EED GORSY GFS WHIGG CLARR HIDEN BTY LIDAT TEZUM TPH","2","Modified","UPDATE_DATE AIRWAY_STRING"
"2026/03/19","Y","V","C","V14","2023/12/04","","CME ONSOM CAPRO WINNS FLATT LBB SHOES FLOYD EXONE CDS JAPUX SMOTE JAMMZ ADOBE JUMEK HBR CARFF IRW TOTES DROPS KEVIL TUL SGF ROBCO LANEZ STEME REBBS VIH STEER DERDF STL TTH KIYSI MATAN FILMS VHP JOLVU CLANG PENDS MIE FAXIG REDKE BOOKS NADIR HINES LINZZ FBC","1","Modified","UPDATE_DATE AIRWAY_STRING"
"2026/05/14","Y","V","C","V14","2026/03/18","","CME ONSOM CAPRO WINNS FLATT LBB SHOES FLOYD EXONE CDS JAPUX SMOTE JAMMZ ADOBE JUMEK HBR CARFF IRW TOTES DROPS KEVIL TUL SGF ROBCO LANEZ STEME REBBS VIH STEER DERDF STL","2","Modified","UPDATE_DATE AIRWAY_STRING"
"2026/03/19","Y","V","C","V157","2025/06/17","","EYW STRAP TIGAR CARNU DVALL WEVER FAMIN FOGSO DHP LAL URIVE WEBBS HYZER SADEY OCF LEJKO GNV TAALR WIWHE FEGOP JOPXU AYS MAYBE DBN FLO TROCK ROWEL CEGAD FAY BYRNE MANWE JOSCH ISO WIBID TYI RBV TYKES MINKS RENUE APPLE TICKL PROUD DIALS LGA FAMMA CRALY HAARP BASYE VALRE IGN TRESA WIGAN ATHOS GROUP ALB","1","Modified","UPDATE_DATE"
"2026/05/14","Y","V","C","V157","2026/03/26","","EYW STRAP TIGAR CARNU DVALL WEVER FAMIN FOGSO DHP LAL URIVE WEBBS HYZER SADEY OCF LEJKO GNV TAALR WIWHE FEGOP JOPXU AYS MAYBE DBN FLO TROCK ROWEL CEGAD FAY BYRNE MANWE JOSCH ISO WIBID TYI RBV TYKES MINKS RENUE APPLE TICKL PROUD DIALS LGA FAMMA CRALY HAARP BASYE VALRE IGN TRESA WIGAN ATHOS GROUP ALB","2","Modified","UPDATE_DATE"
"2026/03/19","Y","V","C","V16","2025/04/21","","LAX DODGR LAHAB PRADO WISUP PDZ EDITS SETER BANDS AHLEX GARNE PSP CONES BLH JAROZ SODSE VICKO BXK ALLIS PERKY AVONA PXR TUKEE SACAT IFNUR JIPON RIYCO GICGE TOTEC PICLI PIMMA TUS SSO ANIMA DARCE CUS HANCH ELP GIFEN RIOWE SFL DILLI CAVRN FEVOM INK JUGUD GOMIT PIZON MERGE TARZN BGS WEEPE LORAN TREAT MERKE ABI ROGEE CIYAL GACEB SHAKY HIBIS UKW ZUMKI BYP OKUCI MONTE RAKOC PRX LENYI GIGVE TXK KECEC HOSES SPARO BUNNS IYUNE PBF KIYEL UJM JEPOB WSTON YUGPU HLI SYI KEYSE FOSUL WAKEE LAUNS HCH BUCKY SWASO VXV PENCE WHINS OTWAY TAKEN HMV DAMAS STOVE SPEEL MAXME PSK LYH LOSEC CONCO VOUCH SHEPS CRUMB FAK RIC ENO BRIEF VCN LEBVE CYN WHITE DIXIE MOVFA JFK KEEPM TRANZ JAFFY CCC KEYED VIKKY CREAM","1","Modified","UPDATE_DATE"
"2026/05/14","Y","V","C","V16","2026/03/26","","LAX DODGR LAHAB PRADO WISUP PDZ EDITS SETER BANDS AHLEX GARNE PSP CONES BLH JAROZ SODSE VICKO BXK ALLIS PERKY AVONA PXR TUKEE SACAT IFNUR JIPON RIYCO GICGE TOTEC PICLI PIMMA TUS SSO ANIMA DARCE CUS HANCH ELP GIFEN RIOWE SFL DILLI CAVRN FEVOM INK JUGUD GOMIT PIZON MERGE TARZN BGS WEEPE LORAN TREAT MERKE ABI ROGEE CIYAL GACEB SHAKY HIBIS UKW ZUMKI BYP OKUCI MONTE RAKOC PRX LENYI GIGVE TXK KECEC HOSES SPARO BUNNS IYUNE PBF KIYEL UJM JEPOB WSTON YUGPU HLI SYI KEYSE FOSUL WAKEE LAUNS HCH BUCKY SWASO VXV PENCE WHINS OTWAY TAKEN HMV DAMAS STOVE SPEEL MAXME PSK LYH LOSEC CONCO VOUCH SHEPS CRUMB FAK RIC ENO BRIEF VCN LEBVE CYN WHITE DIXIE MOVFA JFK KEEPM TRANZ JAFFY CCC KEYED VIKKY CREAM","2","Modified","UPDATE_DATE"
"2026/03/19","Y","V","C","V192","2018/09/11","","CMI NEWMY BLANO TTH CLOTT VHP JOLVU CLANG PENDS MIE DQN","1","Modified","UPDATE_DATE AIRWAY_STRING"
"2026/05/14","Y","V","C","V192","2026/03/24","","CMI NEWMY BLANO TTH CLOTT VHP","2","Modified","UPDATE_DATE AIRWAY_STRING"
"2026/03/19","Y","V","C","V2","2025/08/18","","SEA VAMPS BANDR BEEZR ELN BOVYA DOFDO EDSEW UDECU PLUSS MWH BATUM SUBDY ZOOMR YICUB GANGS GEG ROPES HIPRR HILIE MLP LIBRE ALTON MSO SPUNK BAMBE PIXXI RICHD HLN CUSRI SWEDD CONNS NUKUW LVM SUBKY REEPO COLUS NARUW BIL KOXMY NIBBE CONUK ASHLI MLS KIXCO UMWEL QATSA RUNYO DIK POCIG SOXOW ULLIN SAILM HIPNU BIS ZOLUN STIEL TAPNN CAXOL HOLKS JMS HUHJO DUXHO CHAFE HONET FAR WIRDE PANIC TILER AXN OBARE OKOMY TLBAT SODIE GEP KANAC PRESS MANIE TROLL PEGGS ODI","1","Modified","UPDATE_DATE AIRWAY_STRING"
"2026/05/14","Y","V","C","V2","2026/03/26","","SEA VAMPS BANDR BEEZR ELN BOVYA DOFDO EDSEW UDECU PLUSS MWH BATUM SUBDY ZOOMR YICUB GANGS GEG ROPES HIPRR HILIE MLP LIBRE ALTON MSO SPUNK BAMBE PIXXI RICHD HLN CUSRI SWEDD CONNS NUKUW LVM SUBKY REEPO COLUS NARUW BIL KOXMY NIBBE CONUK ASHLI MLS KIXCO UMWEL QATSA DIK SOXOW ULLIN SAILM HIPNU BIS ZOLUN STIEL TAPNN CAXOL HOLKS JMS HUHJO DUXHO CHAFE HONET FAR WIRDE PANIC TILER AXN OBARE OKOMY TLBAT SODIE GEP KANAC PRESS MANIE TROLL PEGGS ODI","2","Modified","UPDATE_DATE AIRWAY_STRING"
"2026/03/19","Y","V","C","V204","2014/10/03","","HQM HIGDA SOUPY DOCRA OLM MCKEN ALDER WEBIM WHYTE WOREM TAMPO TUDGY YKM MARRK PAPPS PAIDS GUSSE PSC SMITT WATSY CFFMJ GRAPH GEG","1","Modified","UPDATE_DATE"
"2026/05/14","Y","V","C","V204","2026/03/26","","HQM HIGDA SOUPY DOCRA OLM MCKEN ALDER WEBIM WHYTE WOREM TAMPO TUDGY YKM MARRK PAPPS PAIDS GUSSE PSC SMITT WATSY CFFMJ GRAPH GEG","2","Modified","UPDATE_DATE"
"2026/03/19","Y","V","C","V208","2026/01/27","","VTU WEEZL SXC AVOLS PACIF HUBRD OCN VISTA ROBNN BONDO JLI WARNE TRM CONES CLOWD TNP EED PATOK PGS GUCRU AMERE GCN AWIZO TBC CELAY AROGE PGA AXGEX HVE ADIBE FOSOV PUC MTU EGRIW VEL SNAKY CKW","1","Modified","UPDATE_DATE"
"2026/05/14","Y","V","C","V208","2026/03/17","","VTU WEEZL SXC AVOLS PACIF HUBRD OCN VISTA ROBNN BONDO JLI WARNE TRM CONES CLOWD TNP EED PATOK PGS GUCRU AMERE GCN AWIZO TBC CELAY AROGE PGA AXGEX HVE ADIBE FOSOV PUC MTU EGRIW VEL SNAKY CKW","2","Modified","UPDATE_DATE"
"2026/03/19","Y","V","C","V210","2025/10/09","","LAX DOWNE WUJEG PIRRO POM CALBE MEANT GARDY HESPE APLES BASAL HEC GFS UNPAS PRFUM DOMMS PGS GUCRU AMERE GCN TBC YIKLO ROUGH WUDIR FULLY RSK PELDY RESER BBRTA GEMKY MRKKO ALS BLOKE GOSIP RADIO JUKEX BLOOM KINGO TEKAE LAA IRW MINGG LOBOE OKM VHP JOLVU CLANG PENDS MIE DEBAR ROSSY RUSIA ROD HAR WILEN LRP TRAGG PIKKE BUNTS SPERY AWISA ARD","1","Modified","UPDATE_DATE AIRWAY_STRING"
"2026/05/14","Y","V","C","V210","2026/03/25","","LAX DOWNE WUJEG PIRRO POM CALBE MEANT GARDY HESPE APLES BASAL HEC GFS UNPAS PRFUM DOMMS PGS GUCRU AMERE GCN TBC YIKLO ROUGH WUDIR FULLY RSK PELDY RESER BBRTA GEMKY MRKKO ALS BLOKE GOSIP RADIO JUKEX BLOOM KINGO TEKAE LAA IRW MINGG LOBOE OKM HAR WILEN LRP TRAGG PIKKE BUNTS SPERY AWISA ARD","2","Modified","UPDATE_DATE AIRWAY_STRING"
"2026/03/19","Y","V","C","V221","2025/04/17","","BIB LISLE BUNKA RACYR OPMUC OOM MOUTH SHB HOMAR MIE HAROD AJAYS WGNER FWA","1","Modified","UPDATE_DATE AIRWAY_STRING"
"2026/05/14","Y","V","C","V221","2026/03/25","","BIB LISLE BUNKA RACYR OPMUC OOM MOUTH SHB","2","Modified","UPDATE_DATE AIRWAY_STRING"
"2026/03/19","Y","V","H","V23","2024/03/28","","UPP JESSI FIRES","1","Modified","UPDATE_DATE"
"2026/05/14","Y","V","H","V23","2026/03/19","","UPP JESSI FIRES","2","Modified","UPDATE_DATE"
"2026/03/19","Y","V","C","V26","2024/03/29","","HBU MEYRS MTJ PAGRE BRICK SPADA JNC RAYMN AWRAW HAPRA EKR STRIM CELIA NEDAE CKW ARFEJ CHOMP ALCOS DDY AFYAB SALON WILDA RULER RAP CRETO PHP CABKU PIR RWF OSHOF BEEGR WULEP LYDIA FGT LDASH PRESS ELPAS UCEGA EAU","1","Modified","UPDATE_DATE AIRWAY_STRING"
"2026/05/14","Y","V","C","V26","2026/03/26","","HBU MEYRS MTJ PAGRE BRICK SPADA JNC RAYMN AWRAW HAPRA EKR STRIM CELIA NEDAE CKW ARFEJ CHOMP ALCOS DDY AFYAB SALON WILDA RULER RAP CRETO PHP CABKU PIR RWF OSHOF BEEGR WULEP LYDIA FGT LDASH PRESS ELPAS EAU","2","Modified","UPDATE_DATE AIRWAY_STRING"
"2026/03/19","Y","V","C","V263","2024/07/09","","CNX BUDPY FOSED ENCIA MOPSE BUPNY ABQ FRIHO ZIASE HEGMI SAF FTI CELAV ADOZO CIM SAYKA FOGLE WATGU ECDOL TBE KOWTO LAA WEYYI ZANON HGO LIMEX KANDO AKO PIR HATKA LIVVA ALLOT ARJEL OPNAH ABR","1","Modified","UPDATE_DATE AIRWAY_STRING"
"2026/05/14","Y","V","C","V263","2026/03/27","","CNX CFLMZ FOSED ENCIA MOPSE BUPNY ABQ FRIHO ZIASE HEGMI SAF FTI CELAV ADOZO CIM SAYKA FOGLE WATGU ECDOL TBE KOWTO LAA WEYYI ZANON HGO LIMEX KANDO AKO PIR HATKA LIVVA ALLOT ARJEL OPNAH ABR","2","Modified","UPDATE_DATE AIRWAY_STRING"
"2026/03/19","Y","V","C","V280","2020/09/08","","FARCY ELP WHOLE CORUD PIO JAKKY HOPET CME FRAIZ CURIB DEBRA HIMRO KEBYO TXO ZULAK YACUL PNH UKDEW BROKE HINOD MMB RICBU CARKO WIPET HUT BUHLS STONS WILSY HEYDN DIETS TOP","1","Modified","UPDATE_DATE"
"2026/05/14","Y","V","C","V280","2026/03/27","","FARCY ELP WHOLE CORUD PIO JAKKY HOPET CME FRAIZ CURIB DEBRA HIMRO KEBYO TXO ZULAK YACUL PNH UKDEW BROKE HINOD MMB RICBU CARKO WIPET HUT BUHLS STONS WILSY HEYDN DIETS TOP","2","Modified","UPDATE_DATE"
"2026/03/19","Y","V","C","V306","2024/09/25","","JCT CORVY FLIES AMUSE CWK HOOKK ILEXY JAYJO BLUBL COUTH TNV GOMER ZMSKL CLEEP DAS KIELL SILBE KUUPR OFERS STRUT LCH","1","Modified","UPDATE_DATE"
"2026/05/14","Y","V","C","V306","2026/03/24","","JCT CORVY FLIES AMUSE CWK HOOKK ILEXY JAYJO BLUBL COUTH TNV GOMER ZMSKL CLEEP DAS KIELL SILBE KUUPR OFERS STRUT LCH","2","Modified","UPDATE_DATE"
"2026/03/19","Y","V","C","V328","2024/03/28","","JAC EBACA TUVOC IDECA BPI SEYTO FETLI OCS CEBAL SNAKY CELIA MEKWY HUPEG CHE EGFAX HABRO SBURG TILLI GUVYU RLG DOBEE SKEED POWDR DVV","1","Modified","UPDATE_DATE"
"2026/05/14","Y","V","C","V328","2026/03/26","","JAC EBACA TUVOC IDECA BPI SEYTO FETLI OCS CEBAL SNAKY CELIA MEKWY HUPEG CHE EGFAX HABRO SBURG TILLI GUVYU RLG DOBEE SKEED POWDR DVV","2","Modified","UPDATE_DATE"
"2026/03/19","Y","V","C","V344","2018/01/08","","DPR CALOG UNIBY ABR OPLOW OPILY EVUKY DAYAV FAR","1","Modified","UPDATE_DATE AIRWAY_STRING"
"2026/05/14","Y","V","C","V344","2026/03/19","","DPR JOBOD CALOG UNIBY ABR OPLOW OPILY EVUKY DAYAV FAR","2","Modified","UPDATE_DATE AIRWAY_STRING"
"2026/03/19","Y","V","C","V345","2021/03/01","","DLL HURST MILTO FALEN RUYBO EAU","1","Modified","UPDATE_DATE AIRWAY_STRING"
"2026/05/14","Y","V","C","V345","2026/03/26","","DLL HURST MILTO FALEN EAU","2","Modified","UPDATE_DATE AIRWAY_STRING"
"2026/03/19","Y","V","C","V394","2018/11/05","","SLI AHEIM POWUP DOWDD ADAMM POM CALBE MEANT GARDY HESPE APLES BASAL DAG DISBE CHRLT CLARR OASYS LAS SUVIE MMM","1","Modified","UPDATE_DATE"
"2026/05/14","Y","V","C","V394","2026/03/17","","SLI AHEIM POWUP DOWDD ADAMM POM CALBE MEANT GARDY HESPE APLES BASAL DAG DISBE CHRLT CLARR OASYS LAS SUVIE MMM","2","Modified","UPDATE_DATE"
"2026/03/19","Y","V","C","V44","2024/05/17","","COU HODGS FTZ FEKRO MOODS SUGAR DUTMY COFEY ENL JPU BENDS RANDE STORE MGW PINIC BAABY LIZIO KEYER MUMSY MRB WOOLY YANNI BAL PALEO AGARD SPEAK CANNY DONIL SIE HOGGS PANZE WINKK KARRS GAMBY CAMRN SATES CREEL DPK BELTT NESSI BDR DENNA FZOOL LOVES DEEDE PWL GELAW ATHOS GROUP ALB","1","Modified","UPDATE_DATE"
"2026/05/14","Y","V","C","V44","2026/03/16","","COU HODGS FTZ FEKRO MOODS SUGAR DUTMY COFEY ENL JPU BENDS RANDE STORE MGW PINIC BAABY LIZIO KEYER MUMSY MRB WOOLY YANNI BAL PALEO AGARD SPEAK CANNY DONIL SIE HOGGS PANZE WINKK KARRS GAMBY CAMRN SATES CREEL DPK BELTT NESSI BDR DENNA FZOOL LOVES DEEDE PWL GELAW ATHOS GROUP ALB","2","Modified","UPDATE_DATE"
"2026/03/19","Y","V","C","V483","2021/11/04","","DPK JOHNE RYMES CMK NOBBI CASSH IGN WEETS FILPS PRNCE RIMBA DNY RKA SHERB EATEN DINNO TEBOR STODA FAYET SYR WACOR LYSAN DINES ROC","1","Modified","UPDATE_DATE"
"2026/05/14","Y","V","C","V483","2026/03/26","","DPK JOHNE RYMES CMK NOBBI CASSH IGN WEETS FILPS PRNCE RIMBA DNY RKA SHERB EATEN DINNO TEBOR STODA FAYET SYR WACOR LYSAN DINES ROC","2","Modified","UPDATE_DATE"
"2026/03/19","Y","V","C","V514","2025/08/01","","MZB HAILE RYAHH BARET CANNO JLI WARNE TRM CONES CLOWD TNP JOTNU ZELMA GFS SHUSS LYNSY BLD","1","Modified","UPDATE_DATE"
"2026/05/14","Y","V","C","V514","2026/03/19","","MZB HAILE RYAHH BARET CANNO JLI WARNE TRM CONES CLOWD TNP JOTNU ZELMA GFS SHUSS LYNSY BLD","2","Modified","UPDATE_DATE"
"2026/03/19","Y","V","C","V518","2024/05/13","","FIM TWINE LANGE KIMMO SLAPP BOGET PMD","1","Modified","UPDATE_DATE"
"2026/05/14","Y","V","C","V518","2026/03/17","","FIM TWINE LANGE KIMMO SLAPP BOGET PMD","2","Modified","UPDATE_DATE"
"2026/03/19","Y","V","C","V527","2021/12/01","","HOT KRAMS HIDER VALLS ROVER DANIL SCRAN CASKS WESTY RZC GAMPS CITGA SUEEY JENKY BILIE RIZUR SGF","1","Modified","UPDATE_DATE AIRWAY_STRING"
"2026/05/14","Y","V","C","V527","2026/03/26","","HOT HIDER ROVER DANIL SCRAN CASKS WESTY RZC GAMPS CITGA SUEEY JENKY BILIE RIZUR SGF","2","Modified","UPDATE_DATE AIRWAY_STRING"
"2026/03/19","Y","V","C","V54","2025/10/08","","ACT OVFAC IMIPE DRILL THING CQY TXK WASHO MUFRE LIT SDZ RAEFO LORRY FAY BYRNE MANWE JOSCH ISO","1","Modified","UPDATE_DATE"
"2026/05/14","Y","V","C","V54","2026/03/26","","ACT OVFAC IMIPE DRILL THING CQY TXK WASHO MUFRE LIT SDZ RAEFO LORRY FAY BYRNE MANWE JOSCH ISO","2","Modified","UPDATE_DATE"
"2026/03/19","Y","V","C","V560","2022/08/25","","EWM PRISO PIERS WHOLE DECAN MAYFY CONNE SFL DILLI LANIC CNM","1","Modified","UPDATE_DATE"
"2026/05/14","Y","V","C","V560","2026/03/27","","EWM PRISO PIERS WHOLE DECAN MAYFY CONNE SFL DILLI LANIC CNM","2","Modified","UPDATE_DATE"
"2026/03/19","Y","V","C","V583","2025/10/06","","CWK TOAMY CLL GIFLE LOA OXAKY FZT","1","Modified","UPDATE_DATE AIRWAY_STRING"
"2026/05/14","Y","V","C","V583","2026/03/31","","CWK TOAMY CLL GIFLE LOA FZT","2","Modified","UPDATE_DATE AIRWAY_STRING"
"2026/03/19","Y","V","C","V80","2023/02/21","","AKO CITMU NACIK HOLYO UYOGI LBF OGEZO ECYUS BOKKI JIKNU ONL CURIR TYNDA PUKIC DOLTS FSD","1","Modified","UPDATE_DATE"
"2026/05/14","Y","V","C","V80","2026/03/23","","AKO CITMU NACIK HOLYO UYOGI LBF OGEZO ECYUS BOKKI JIKNU ONL CURIR TYNDA PUKIC DOLTS FSD","2","Modified","UPDATE_DATE"
"2026/03/19","Y","V","C","V94","2026/01/22","","BLH JAROZ SODSE VICKO SADLL GBN POTER TFD TOTEC CROME ITEMM DEPHE SSO KUNRE FAAST DMN AXARY SEMRE ZAXOX CRATT COSES MOLLY WIKKR WATEX EWM SFL DILLI CAVRN FEVOM INK YOGSU MAF BYPAS TAYOL HYMAN SHEPP TQA CQY SWANI SNOWE CAPTI OTTIF GODHO GGG TUYPO GIDER BEKEN LUCEN EMG JENNA WETER YAKUC MLU GALIO AVONS GLH BARGE DEYEV AKAYI CRINK ZETUR VOSFY HLI","1","Modified","UPDATE_DATE"
"2026/05/14","Y","V","C","V94","2026/03/26","","BLH JAROZ SODSE VICKO SADLL GBN POTER TFD TOTEC CROME ITEMM DEPHE SSO KUNRE FAAST DMN AXARY SEMRE ZAXOX CRATT COSES MOLLY WIKKR WATEX EWM SFL DILLI CAVRN FEVOM INK YOGSU MAF BYPAS TAYOL HYMAN SHEPP TQA CQY SWANI SNOWE CAPTI OTTIF GODHO GGG TUYPO GIDER BEKEN LUCEN EMG JENNA WETER YAKUC MLU GALIO AVONS GLH BARGE DEYEV AKAYI CRINK ZETUR VOSFY HLI","2","Modified","UPDATE_DATE"
"2026/05/14","Y","RN","C","Q151","2026/03/25","","WINEN TABLL PICHO PATIO BROPH BOI HILIE EDGES","2","Added",""
