"EFF_DATE","FIX_ID","ICAO_REGION_CODE","STATE_CODE","COUNTRY_CODE","NAV_ID","NAV_TYPE","BEARING","DISTANCE","File","Action","Mods"
"2026/04/16","ACUNO","K6","VA","US","ORF","LOC","226.79","3.88","1","Modified","BEARING DISTANCE"
"2026/05/14","ACUNO","K6","VA","US","ORF","LOC","226.78","3.87","2","Modified","BEARING DISTANCE"
"2026/04/16","AGAST","K3","MO","US","COU","VOR/DME","52.97","","2","Deleted",""
"2026/04/16","AGAST","K3","MO","US","HLV","VORTAC","154","12.5","2","Deleted",""
"2026/04/16","AGBAH","K3","SD","US","ELR","LOC","310.06","","1","Modified","BEARING"
"2026/05/14","AGBAH","K3","SD","US","ELR","LOC","310.09","","2","Modified","BEARING"
"2026/04/16","AJAYS","K5","IN","US","MIE","VOR/DME","14.88","21","2","Deleted",""
"2026/04/16","AJAYS","K5","IN","US","MZZ","VOR/DME","76.23","","2","Deleted",""
"2026/04/16","AMDEE","K5","MI","US","PLN","VORTAC","11.66","10","2","Deleted",""
"2026/04/16","AMOSE","K5","OH","US","BSV","VOR/DME","295.67","17","2","Deleted",""
"2026/04/16","ANARE","K4","OK","US","PER","VORTAC","189.98","7","2","Deleted",""
"2026/04/16","ANDOE","K3","MN","US","DLH","VORTAC","","6.49","1","Modified","BEARING DISTANCE"
"2026/05/14","ANDOE","K3","MN","US","DLH","VORTAC","66.15","6.63","2","Modified","BEARING DISTANCE"
"2026/04/16","ANDYS","K7","SC","US","CLT","VOR/DME","196","50.01","2","Deleted",""
"2026/04/16","APDAG","K4","LA","US","BAD","LOC","149.44","","1","Modified","BEARING"
"2026/05/14","APDAG","K4","LA","US","BAD","LOC","149.42","","2","Modified","BEARING"
"2026/04/16","APDAG","K4","LA","US","EMG","VORTAC","","5.4","1","Modified","BEARING"
"2026/05/14","APDAG","K4","LA","US","EMG","VORTAC","323.37","5.4","2","Modified","BEARING"
"2026/04/16","APLES","K2","CA","US","VCV","VOR/DME","88.87","","2","Deleted",""
"2026/04/16","ASUBE","K3","IA","US","SPW","VOR/DME","5","6","2","Deleted",""
"2026/04/16","AWJUB","K3","IA","US","BRL","VOR/DME","253.25","14","2","Deleted",""
"2026/04/16","AYSHA","K3","IA","US","CID","VOR/DME","99.44","14","2","Deleted",""
"2026/04/16","AYSHA","K3","IA","US","IOW","VOR/DME","12.39","","2","Deleted",""
"2026/04/16","BAABE","K5","OH","US","FBC","VORTAC","73.39","10","2","Deleted",""
"2026/04/16","BAFEL","K5","OH","US","AIR","VOR/DME","274.23","12","2","Deleted",""
"2026/04/16","BAIZA","K5","IN","US","TTH","VORTAC","227.9","6.51","2","Deleted",""
"2026/04/16","BALEY","K3","MN","US","RWF","VOR/DME","151.99","10","2","Deleted",""
"2026/04/16","BALLL","K5","IN","US","MIE","VOR/DME","","4.77","2","Deleted",""
"2026/04/16","BDOCK","K5","OH","US","ROD","VORTAC","207.58","","2","Deleted",""
"2026/04/16","BDOCK","K5","OH","US","VHP","VORTAC","84.13","","2","Deleted",""
"2026/04/16","BEDAY","K5","WI","US","IWD","VOR/DME","259","6.3","2","Deleted",""
"2026/04/16","BEFNO","K3","SD","US","ELR","LOC","310.06","","1","Modified","BEARING"
"2026/05/14","BEFNO","K3","SD","US","ELR","LOC","310.09","","2","Modified","BEARING"
"2026/04/16","BEFNO","K3","SD","US","RCA","TACAN","","7.22","1","Modified","BEARING DISTANCE"
"2026/05/14","BEFNO","K3","SD","US","RCA","TACAN","311.5","7.31","2","Modified","BEARING DISTANCE"
"2026/04/16","BEIRA","K2","CA","US","RDD","VOR/DME","256.01","5.32","1","Modified","DISTANCE"
"2026/05/14","BEIRA","K2","CA","US","RDD","VOR/DME","256.01","","2","Modified","DISTANCE"
"2026/04/16","BETAY","K5","MI","US","PLN","VORTAC","294.67","8","2","Deleted",""
"2026/04/16","BLOON","K3","NE","US","BIE","VOR","255","","2","Deleted",""
"2026/04/16","BLOON","K3","NE","US","FBY","NDB","6","","2","Deleted",""
"2026/04/16","BOHUW","K5","IN","US","MIE","VOR/DME","323","2.9","2","Deleted",""
"2026/04/16","BONNI","K6","MA","US","EWB","LOC","234.45","11.38","1","Modified","BEARING"
"2026/05/14","BONNI","K6","MA","US","EWB","LOC","234.44","11.38","2","Modified","BEARING"
"2026/04/16","BONNI","K6","MA","US","PVD","VOR/DME","142","18.36","1","Modified","DISTANCE"
"2026/05/14","BONNI","K6","MA","US","PVD","VOR/DME","142","18.37","2","Modified","DISTANCE"
"2026/04/16","BONNI","K6","MA","US","SEY","VOR/DME","58.61","30.55","2","Deleted",""
"2026/04/16","BONVL","K1","OR","US","LTJ","VOR/DME","229.73","35.9","2","Deleted",""
"2026/04/16","BOOKS","K5","OH","US","MIE","VOR/DME","62.57","31.82","2","Deleted",""
"2026/04/16","BUCRA","K5","IN","US","MZZ","VOR/DME","323","3","2","Deleted",""
"2026/04/16","BUDKE","K7","NC","US","BZM","VOR/DME","184.06","31.51","1","Modified","DISTANCE"
"2026/05/14","BUDKE","K7","NC","US","BZM","VOR/DME","184.06","26.51","2","Modified","DISTANCE"
"2026/04/16","BUDKE","K7","NC","US","CLT","VOR/DME","310","16","2","Deleted",""
"2026/04/16","BUNTS","K6","PA","US","MXE","VORTAC","349","","1","Modified","BEARING"
"2026/05/14","BUNTS","K6","PA","US","MXE","VORTAC","349.01","","2","Modified","BEARING"
"2026/04/16","BURGE","K4","TX","US","ABI","VORTAC","104.97","5","2","Deleted",""
"2026/04/16","BURGE","K4","TX","US","TQA","VOR/DME","359.74","","2","Deleted",""
"2026/04/16","BVRLY","K3","MO","US","GWA","LOC","","11","1","Modified","BEARING DISTANCE"
"2026/05/14","BVRLY","K3","MO","US","GWA","LOC","318.78","13.64","2","Modified","BEARING DISTANCE"
"2026/04/16","BVRLY","K3","MO","US","SGF","VORTAC","275.66","","1","Modified","BEARING"
"2026/05/14","BVRLY","K3","MO","US","SGF","VORTAC","284.24","","2","Modified","BEARING"
"2026/04/16","BYRNS","K5","IL","US","STL","VORTAC","27.93","10","2","Deleted",""
"2026/04/16","BYRNS","K5","IL","US","TOY","VORTAC","302.77","26.88","2","Deleted",""
"2026/04/16","CADAY","K5","OH","US","ROD","VORTAC","68.89","15.39","2","Deleted",""
"2026/04/16","CAGYA","K4","LA","US","MLU","VORTAC","94.47","13.48","2","Deleted",""
"2026/04/16","CAKRO","K4","TX","US","ABI","VORTAC","104.97","9.3","2","Deleted",""
"2026/04/16","CAKRO","K4","TX","US","TQA","VOR/DME","19.35","","2","Deleted",""
"2026/04/16","CALEY","K6","VA","US","ORF","LOC","226.79","12.63","1","Modified","BEARING DISTANCE"
"2026/05/14","CALEY","K6","VA","US","ORF","LOC","226.78","12.62","2","Modified","BEARING DISTANCE"
"2026/04/16","CAMIN","K4","TX","US","FUZ","VORTAC","264.57","13.18","1","Modified","DISTANCE"
"2026/05/14","CAMIN","K4","TX","US","FUZ","VORTAC","264.57","","2","Modified","DISTANCE"
"2026/04/16","CANUE","K7","FL","US","NPA","TACAN","360","33","1","Modified","BEARING"
"2026/05/14","CANUE","K7","FL","US","NPA","TACAN","4","33","2","Modified","BEARING"
"2026/04/16","CASTY","K5","OH","US","FBC","VORTAC","51","10","2","Deleted",""
"2026/04/16","CASUP","K4","OK","US","PER","VORTAC","188.98","16","2","Deleted",""
"2026/04/16","CAVOK","K5","MI","US","MOP","VOR/DME","178.38","13","2","Deleted",""
"2026/04/16","CEGUL","K3","MN","US","MML","VOR/DME","310","3","2","Deleted",""
"2026/04/16","CEMET","K4","TX","US","ACT","VORTAC","185.1","6.11","1","Modified","BEARING"
"2026/05/14","CEMET","K4","TX","US","ACT","VORTAC","185.09","6.11","2","Modified","BEARING"
"2026/04/16","CEMET","K4","TX","US","ROB","NDB","283.95","","2","Deleted",""
"2026/04/16","CEPED","K4","LA","US","MLU","VORTAC","26","11","2","Deleted",""
"2026/04/16","CHEVY","K4","TX","US","TYR","VOR/DME","211.86","4.98","2","Deleted",""
"2026/04/16","CHEZE","K5","OH","US","ACO","VOR/DME","146.01","10","2","Deleted",""
"2026/04/16","CHEZE","K5","OH","US","BSV","VOR/DME","54","","2","Deleted",""
"2026/04/16","CHMLY","K5","IN","US","MIE","VOR/DME","360","","2","Deleted",""
"2026/04/16","CHOWE","K5","OH","US","DQN","VOR/DME","25","6","2","Deleted",""
"2026/04/16","CIBAY","K3","MN","US","AEL","VOR/DME","353","11","2","Deleted",""
"2026/04/16","CIKPI","K2","CA","US","SGD","VORTAC","129.61","","2","Deleted",""
"2026/04/16","CILSO","K3","MN","US","AEL","VOR/DME","162","2.1","2","Deleted",""
"2026/04/16","CINEN","K4","TX","US","UKW","VORTAC","174.95","6","2","Deleted",""
"2026/04/16","CIPET","K4","LA","US","LFT","VORTAC","197.08","27.98","2","Deleted",""
"2026/04/16","CIVEG","K4","TX","US","FZT","VOR/DME","121.2","9","2","Deleted",""
"2026/04/16","CLANG","K5","IN","US","MIE","VOR/DME","243.86","26.9","2","Deleted",""
"2026/04/16","CLAPS","K3","MN","US","BDH","VOR/DME","243.38","9.04","2","Deleted",""
"2026/04/16","CLAPS","K3","MN","US","RWF","VOR/DME","339.87","36.5","2","Deleted",""
"2026/04/16","CLOAK","K3","IA","US","OVR","VORTAC","105","19","2","Deleted",""
"2026/04/16","COALA","K5","MI","US","GIJ","VORTAC","268","8","2","Deleted",""
"2026/04/16","COBOS","K3","MN","US","AEL","VOR/DME","162","0.48","2","Deleted",""
"2026/04/16","COCDO","K4","LA","US","AEX","VORTAC","139.5","17.8","2","Deleted",""
"2026/04/16","COLEN","K5","OH","US","ACO","VOR/DME","277.5","","2","Deleted",""
"2026/04/16","COLEN","K5","OH","US","BSV","VOR/DME","0.17","","2","Deleted",""
"2026/04/16","CORKS","K5","MI","US","GIJ","VORTAC","89","8","2","Deleted",""
"2026/04/16","CRETE","K5","IN","US","MIE","VOR/DME","3","","2","Deleted",""
"2026/04/16","CROOZ","K6","MD","US","ASO","LOC","329","17","2","Deleted",""
"2026/04/16","CUCOO","K3","MO","US","FAM","VORTAC","209.99","11","2","Deleted",""
"2026/04/16","CURPI","K3","SD","US","RCA","LOC","130.08","","1","Modified","BEARING"
"2026/05/14","CURPI","K3","SD","US","RCA","LOC","130.05","","2","Modified","BEARING"
"2026/04/16","CURPI","K3","SD","US","RCA","TACAN","","6.25","1","Modified","BEARING DISTANCE"
"2026/05/14","CURPI","K3","SD","US","RCA","TACAN","128.43","6.34","2","Modified","BEARING DISTANCE"
"2026/04/16","CUTUP","K5","MI","US","PLN","VORTAC","82.17","3.5","2","Deleted",""
"2026/04/16","DACUG","K5","MI","US","MBS","VOR/DME","102","23","2","Deleted",""
"2026/04/16","DANIL","K4","AR","US","RZC","VORTAC","150.17","","1","Modified","DISTANCE"
"2026/05/14","DANIL","K4","AR","US","RZC","VORTAC","150.17","75.03","2","Modified","DISTANCE"
"2026/04/16","DAPAC","K5","WI","US","RHI","VOR/DME","101","10","2","Deleted",""
"2026/04/16","DARIA","K5","WI","US","BAE","VOR/DME","179.99","14","2","Deleted",""
"2026/04/16","DASHL","K3","SD","US","ABR","VOR/DME","305.23","8","2","Deleted",""
"2026/04/16","DEBAR","K5","IN","US","MIE","VOR/DME","89.77","19.06","2","Deleted",""
"2026/04/16","DELYE","K3","KS","US","EMP","VORTAC","187.49","12","2","Deleted",""
"2026/04/16","DIBLE","K2","CA","US","RBL","VORTAC","321.93","","1","Modified","DISTANCE"
"2026/05/14","DIBLE","K2","CA","US","RBL","VORTAC","321.93","7.91","2","Modified","DISTANCE"
"2026/04/16","DILLI","K4","TX","US","CNM","VORTAC","208","37","1","Modified","DISTANCE"
"2026/05/14","DILLI","K4","TX","US","CNM","VORTAC","208","37.4","2","Modified","DISTANCE"
"2026/04/16","DILLI","K4","TX","US","SFL","VORTAC","73","20","1","Modified","BEARING DISTANCE"
"2026/05/14","DILLI","K4","TX","US","SFL","VORTAC","72.91","20.06","2","Modified","BEARING DISTANCE"
"2026/04/16","DIMNI","K5","MI","US","IWD","VOR/DME","259","0.8","2","Deleted",""
"2026/04/16","DIVCE","K5","WI","US","DLL","VORTAC","117.13","","1","Modified","BEARING"
"2026/05/14","DIVCE","K5","WI","US","DLL","VORTAC","117.12","","2","Modified","BEARING"
"2026/04/16","DIVCE","K5","WI","US","MSN","VORTAC","29.5","11.69","2","Deleted",""
"2026/04/16","DIXBO","K5","MI","US","SVM","VORTAC","213","8","2","Deleted",""
"2026/04/16","DMGEZ","K3","MN","US","RWF","VOR/DME","195.57","7","2","Deleted",""
"2026/04/16","DOBYE","K4","LA","US","MLU","VORTAC","26","6","2","Deleted",""
"2026/04/16","DOTTS","K6","VA","US","CCV","VORTAC","222","24","2","Deleted",""
"2026/04/16","DRAPE","K2","UT","US","BNT","LOC","","9.6","2","Deleted",""
"2026/04/16","DRAPE","K2","UT","US","UTJ","LOC","163.95","","1","Modified","DISTANCE"
"2026/05/14","DRAPE","K2","UT","US","UTJ","LOC","163.95","9.6","2","Modified","DISTANCE"
"2026/04/16","DROBB","K3","MN","US","AXN","VOR/DME","223.75","6","2","Deleted",""
"2026/04/16","DRUGG","K4","TX","US","DHT","VORTAC","169.03","9","2","Deleted",""
"2026/04/16","DUCKA","K1","OR","US","UBG","VOR/DME","317.82","29","2","Deleted",""
"2026/04/16","DUMON","K5","KY","US","EWO","VOR/DME","132","10","2","Deleted",""
"2026/04/16","DUNKI","K5","IN","US","MIE","VOR/DME","21.05","3","2","Deleted",""
"2026/04/16","DUNKI","K5","IN","US","MZZ","VOR/DME","134.65","","2","Deleted",""
"2026/04/16","DUNME","K4","LA","US","MLU","VORTAC","266.7","16","2","Deleted",""
"2026/04/16","DURHE","K3","MO","US","IRK","VORTAC","314","7","2","Deleted",""
"2026/04/16","DUVEC","K5","OH","US","ROD","VORTAC","68.89","16.87","2","Deleted",""
"2026/04/16","DYKEE","K2","CA","US","PYE","VOR/DME","76.27","","2","Deleted",""
"2026/04/16","DYKEE","K2","CA","US","SAU","VOR/DME","3","13","2","Deleted",""
"2026/04/16","EBNOW","K3","MN","US","BDH","VOR/DME","135.98","2.26","2","Deleted",""
"2026/04/16","ECTOR","K4","TX","US","MAF","LOC","284.66","","2","Deleted",""
"2026/04/16","ECTOR","K4","TX","US","MAF","VORTAC","231.14","5","2","Deleted",""
"2026/04/16","EDGES","K1","ID","US","YXC","VOR/DME","191.78","40","1","Modified","BEARING DISTANCE"
"2026/05/14","EDGES","K1","ID","US","YXC","VOR/DME","191.76","37.6","2","Modified","BEARING DISTANCE"
"2026/04/16","EGMON","K4","OK","US","HBR","VORTAC","238.87","","2","Deleted",""
"2026/04/16","EGMON","K4","OK","US","LTS","VORTAC","302.3","8.98","2","Deleted",""
"2026/04/16","EHXIV","K4","TX","US","UKW","VORTAC","137.32","20","2","Deleted",""
"2026/04/16","EKUKS","K4","OK","US","PER","VORTAC","263.4","9.13","2","Deleted",""
"2026/04/16","ELKOE","K2","CA","US","MYV","VOR/DME","174","29.51","2","Deleted",""
"2026/04/16","ELKOE","K2","CA","US","SAC","VORTAC","311.99","11.9","2","Deleted",""
"2026/04/16","ELYSE","K5","IN","US","MQJ","LOC","72.01","","1","Modified","BEARING"
"2026/05/14","ELYSE","K5","IN","US","MQJ","LOC","72.02","","2","Modified","BEARING"
"2026/04/16","EMDEW","K3","ND","US","MOT","VOR/DME","247","3","2","Deleted",""
"2026/04/16","EMEBY","K3","ND","US","MOT","VOR/DME","84","3.6","2","Deleted",""
"2026/04/16","EMMLN","K2","CA","US","VCV","VOR/DME","122.58","","2","Deleted",""
"2026/04/16","EMPOR","K6","PA","US","ETG","VORTAC","333.11","","2","Deleted",""
"2026/04/16","EMPOR","K6","PA","US","SLT","VORTAC","263.92","18.37","2","Deleted",""
"2026/04/16","EMUNY","K6","PA","US","GXU","VORTAC","332.38","","2","Deleted",""
"2026/04/16","EMUNY","K6","PA","US","TTN","LOC","238.48","","2","Deleted",""
"2026/04/16","EMUPE","K4","LA","US","MLU","VORTAC","26","16.11","2","Deleted",""
"2026/04/16","ENTUR","K4","TX","US","UKW","VORTAC","137.32","15","2","Deleted",""
"2026/04/16","EPICI","K3","KS","US","DDC","VORTAC","332.98","7","2","Deleted",""
"2026/04/16","EUREK","K3","KS","US","EMP","VORTAC","187.49","21.27","2","Deleted",""
"2026/04/16","EWABE","PH","HI","US","HNL","LOC","259.01","8.08","2","Deleted",""
"2026/04/16","FANAB","K5","IN","US","OOM","VORTAC","159","19.38","2","Deleted",""
"2026/04/16","FAXIG","K5","IN","US","MIE","VOR/DME","62.57","8.77","2","Deleted",""
"2026/04/16","FEBOM","K4","LA","US","BAD","LOC","149.44","","1","Modified","BEARING"
"2026/05/14","FEBOM","K4","LA","US","BAD","LOC","149.42","","2","Modified","BEARING"
"2026/04/16","FEBOM","K4","LA","US","EMG","VORTAC","","1.31","1","Modified","BEARING DISTANCE"
"2026/05/14","FEBOM","K4","LA","US","EMG","VORTAC","148.41","1.5","2","Modified","BEARING DISTANCE"
"2026/04/16","FELIT","K5","KY","US","LOZ","VOR/DME","205.32","8.96","2","Deleted",""
"2026/04/16","FESAV","K2","CA","US","CCR","VOR/DME","249.59","","2","Deleted",""
"2026/04/16","FESAV","K2","CA","US","SGD","VORTAC","162.31","","2","Deleted",""
"2026/04/16","FIKIB","K5","MI","US","MOP","VOR/DME","178.38","17.97","2","Deleted",""
"2026/04/16","FILKO","K5","MI","US","MOP","VOR/DME","178.38","7","2","Deleted",""
"2026/04/16","FILMA","K4","TX","US","FZT","VOR/DME","201.67","19.32","2","Deleted",""
"2026/04/16","FISBI","K2","AZ","US","RYN","NDB","254.47","","2","Deleted",""
"2026/04/16","FISBI","K2","AZ","US","TUS","VORTAC","","16.59","2","Deleted",""
"2026/04/16","FLEAT","K2","CA","US","CCR","VOR/DME","314.99","","2","Deleted",""
"2026/04/16","FLIED","K5","OH","US","ROD","VORTAC","68.89","14.31","2","Deleted",""
"2026/04/16","FODAR","K5","MI","US","PLN","VORTAC","261.99","8","2","Deleted",""
"2026/04/16","FOGEM","K2","UT","US","TVY","LOC","346.12","25.15","1","Modified","BEARING"
"2026/05/14","FOGEM","K2","UT","US","TVY","LOC","346.11","25.15","2","Modified","BEARING"
"2026/04/16","FOOTE","K5","IN","US","FWA","VORTAC","209.38","","2","Deleted",""
"2026/04/16","FOOTE","K5","IN","US","MIE","VOR/DME","322.66","10","2","Deleted",""
"2026/04/16","FORRA","K7","FL","US","EYW","VORTAC","98","4","2","Deleted",""
"2026/04/16","FORXS","K2","UT","US","BNT","LOC","","0.19","2","Deleted",""
"2026/04/16","FORXS","K2","UT","US","UTJ","LOC","163.95","","1","Modified","DISTANCE"
"2026/05/14","FORXS","K2","UT","US","UTJ","LOC","163.95","0.19","2","Modified","DISTANCE"
"2026/04/16","FROLY","K6","MA","US","EWB","LOC","234.45","5.33","1","Modified","BEARING"
"2026/05/14","FROLY","K6","MA","US","EWB","LOC","234.44","5.33","2","Modified","BEARING"
"2026/04/16","FRYII","K5","MI","US","PLN","VORTAC","65","14.71","2","Deleted",""
"2026/04/16","FRYII","K5","MI","US","SSM","VOR/DME","187","39.4","2","Deleted",""
"2026/04/16","GARON","K7","AL","US","BFM","VORTAC","310.04","6","2","Deleted",""
"2026/04/16","GARYS","K4","TX","US","RUM","LOC","","","1","Modified","BEARING"
"2026/05/14","GARYS","K4","TX","US","RUM","LOC","305.87","","2","Modified","BEARING"
"2026/04/16","GEBEC","K2","NM","US","CNM","VORTAC","145","13","2","Deleted",""
"2026/04/16","GEBEL","K3","SD","US","MHE","VOR/DME","297.21","2.2","2","Deleted",""
"2026/04/16","GHIIA","K4","LA","US","AEX","VORTAC","146.98","6","2","Deleted",""
"2026/04/16","GILBA","K5","OH","US","FBC","VORTAC","297.99","6","2","Deleted",""
"2026/04/16","GIRSE","K5","OH","US","ROD","VORTAC","68.89","11.87","2","Deleted",""
"2026/04/16","GOKKE","K4","LA","US","LFT","VORTAC","197.08","14.2","2","Deleted",""
"2026/04/16","GOPLY","K4","TX","US","CLL","VORTAC","242.99","11","2","Deleted",""
"2026/04/16","GOVEC","K4","TX","US","TYR","VOR/DME","124.99","0.57","2","Deleted",""
"2026/04/16","GROVY","K3","MN","US","AEL","VOR/DME","353","5","2","Deleted",""
"2026/04/16","HADUX","K6","CT","US","ORW","VOR/DME","317.29","","2","Deleted",""
"2026/04/16","HAKRE","K3","SD","US","ABR","VOR/DME","305.23","16","2","Deleted",""
"2026/04/16","HAROD","K5","IN","US","MIE","VOR/DME","14.88","10","2","Deleted",""
"2026/04/16","HAROD","K5","IN","US","MZZ","VOR/DME","113.1","","2","Deleted",""
"2026/04/16","HARTZ","K5","MI","US","CRL","VOR/DME","294.25","","2","Deleted",""
"2026/04/16","HARTZ","K5","MI","US","SVM","VORTAC","215","18.3","2","Deleted",""
"2026/04/16","HATNI","K3","SD","US","ELR","LOC","310.06","","1","Modified","BEARING"
"2026/05/14","HATNI","K3","SD","US","ELR","LOC","310.09","","2","Modified","BEARING"
"2026/04/16","HAUWK","K4","LA","US","LFT","VORTAC","342.67","17","2","Deleted",""
"2026/04/16","HAZKU","K5","IN","US","FWA","VORTAC","245","19.73","2","Deleted",""
"2026/04/16","HEIST","K5","MI","US","GIJ","VORTAC","0.81","8","2","Deleted",""
"2026/04/16","HELOW","K5","IN","US","OOM","VORTAC","159","7","2","Deleted",""
"2026/04/16","HESAB","K7","NC","US","SVH","LOC","104.84","6.2","1","Modified","BEARING DISTANCE"
"2026/05/14","HESAB","K7","NC","US","SVH","LOC","104.85","6.22","2","Modified","BEARING DISTANCE"
"2026/04/16","HICNY","K4","LA","US","MLU","VORTAC","266.7","23","2","Deleted",""
"2026/04/16","HIDER","K4","AR","US","LIT","VORTAC","263.38","","2","Deleted",""
"2026/04/16","HINES","K5","OH","US","DQN","VOR/DME","358.77","","2","Deleted",""
"2026/04/16","HINES","K5","OH","US","FBC","VORTAC","242.63","35.31","2","Deleted",""
"2026/04/16","HIPOL","K4","TX","US","FUZ","VORTAC","279.67","18.25","1","Modified","BEARING"
"2026/05/14","HIPOL","K4","TX","US","FUZ","VORTAC","276.67","18.25","2","Modified","BEARING"
"2026/04/16","HIVAX","K5","IN","US","CGT","VORTAC","83.9","5.9","2","Deleted",""
"2026/04/16","HIWAY","K5","IN","US","FWA","VORTAC","349.3","","2","Deleted",""
"2026/04/16","HIWAY","K5","IN","US","OLK","VOR","114.44","","2","Deleted",""
"2026/04/16","HLMET","K2","UT","US","BNT","LOC","","20.89","2","Deleted",""
"2026/04/16","HLMET","K2","UT","US","UTJ","LOC","163.95","","1","Modified","DISTANCE"
"2026/05/14","HLMET","K2","UT","US","UTJ","LOC","163.95","20.89","2","Modified","DISTANCE"
"2026/04/16","HOBIG","K5","WI","US","DLL","VORTAC","128.98","","2","Deleted",""
"2026/04/16","HOBIG","K5","WI","US","DQJ","LOC","34.42","6.11","1","Modified","DISTANCE"
"2026/05/14","HOBIG","K5","WI","US","DQJ","LOC","34.42","5.87","2","Modified","DISTANCE"
"2026/04/16","HOUSR","K5","OH","US","AIR","VOR/DME","229.46","14","2","Deleted",""
"2026/04/16","HUDDS","K3","MN","US","ODI","VORTAC","248.91","11","2","Deleted",""
"2026/04/16","HUGUN","K2","AZ","US","RYN","NDB","254.47","","2","Deleted",""
"2026/04/16","HUGUN","K2","AZ","US","TUS","VORTAC","","28","2","Deleted",""
"2026/04/16","HUTIT","K7","AL","US","BFM","VORTAC","310.04","3.44","2","Deleted",""
"2026/04/16","ICENU","K7","NC","US","SVH","LOC","104.84","3.6","1","Modified","BEARING DISTANCE"
"2026/05/14","ICENU","K7","NC","US","SVH","LOC","104.85","3.63","2","Modified","BEARING DISTANCE"
"2026/04/16","IDOHY","K4","OK","US","IRW","VORTAC","299.84","12.81","2","Deleted",""
"2026/04/16","IKABE","K3","MN","US","AEL","VOR/DME","162","11","2","Deleted",""
"2026/04/16","INDEP","K7","TN","US","LVT","VOR/DME","216.25","8","2","Deleted",""
"2026/04/16","INDOO","K4","TX","US","FZT","VOR/DME","2.7","20.66","2","Deleted",""
"2026/04/16","INDOO","K4","TX","US","GGG","VORTAC","262.99","36.37","2","Deleted",""
"2026/04/16","INDOO","K4","TX","US","TYR","VOR/DME","310.96","4.9","2","Deleted",""
"2026/04/16","INILE","K5","WI","US","RHI","VOR/DME","101","5","2","Deleted",""
"2026/04/16","INNDY","K6","MA","US","SEY","VOR/DME","45.54","42.16","1","Modified","BEARING DISTANCE"
"2026/05/14","INNDY","K6","MA","US","SEY","VOR/DME","45.55","42.17","2","Modified","BEARING DISTANCE"
"2026/04/16","ISYOH","K2","CA","US","CCR","VOR/DME","20","24.17","2","Deleted",""
"2026/04/16","ISYOH","K2","CA","US","SAC","VORTAC","225.16","","2","Deleted",""
"2026/04/16","ITECO","K4","LA","US","BAD","LOC","149.44","","1","Modified","BEARING"
"2026/05/14","ITECO","K4","LA","US","BAD","LOC","149.42","","2","Modified","BEARING"
"2026/04/16","ITECO","K4","LA","US","BAD","TACAN","","7.04","1","Modified","BEARING DISTANCE"
"2026/05/14","ITECO","K4","LA","US","BAD","TACAN","147.91","7.16","2","Modified","BEARING DISTANCE"
"2026/04/16","IZANO","K4","AR","US","TXK","VORTAC","52.05","12.56","2","Deleted",""
"2026/04/16","JABAB","K4","TX","US","MQP","VORTAC","89.03","28.38","2","Deleted",""
"2026/04/16","JALEB","K2","NM","US","CNM","VORTAC","223.5","13","2","Deleted",""
"2026/04/16","JAMMS","K3","IA","US","CID","VOR/DME","99.44","24","2","Deleted",""
"2026/04/16","JAMMS","K3","IA","US","IOW","VOR/DME","38.95","","2","Deleted",""
"2026/04/16","JANEE","K5","OH","US","ROD","VORTAC","243","9","2","Deleted",""
"2026/04/16","JAROT","K5","IN","US","FWA","VORTAC","244.92","14.73","2","Deleted",""
"2026/04/16","JEDRI","K5","OH","US","ROD","VORTAC","68.49","5.86","2","Deleted",""
"2026/04/16","JEGUP","K3","MN","US","GFK","VOR/DME","97.23","8.44","2","Deleted",""
"2026/04/16","JELBI","K4","LA","US","AEX","VORTAC","139.5","8.8","2","Deleted",""
"2026/04/16","JELID","K5","KY","US","HYK","VOR/DME","288.22","","1","Modified","BEARING"
"2026/05/14","JELID","K5","KY","US","HYK","VOR/DME","287.81","","2","Modified","BEARING"
"2026/04/16","JEVGA","K6","VA","US","ASO","LOC","329","3.5","2","Deleted",""
"2026/04/16","JEVGA","K6","VA","US","BAL","VORTAC","242.21","","2","Deleted",""
"2026/04/16","JEXIR","K3","MN","US","MOX","VOR/DME","135.1","2.3","2","Deleted",""
"2026/04/16","JIMMY","K6","VA","US","HCM","VORTAC","134","","2","Deleted",""
"2026/04/16","JIMMY","K6","VA","US","ORF","VORTAC","41","11.81","2","Deleted",""
"2026/04/16","JIMOB","K5","WI","US","RHI","VOR/DME","101","8","2","Deleted",""
"2026/04/16","JITOB","K3","MN","US","TVF","VOR/DME","297","12","2","Deleted",""
"2026/04/16","JOBAX","K3","MO","US","DGD","VORTAC","107.19","6.21","2","Deleted",""
"2026/04/16","JOBRK","K3","MO","US","FTZ","VORTAC","143.25","","1","Modified","BEARING"
"2026/05/14","JOBRK","K3","MO","US","FTZ","VORTAC","143.2","","2","Modified","BEARING"
"2026/04/16","JOGAB","K4","LA","US","BAD","LOC","149.44","","1","Modified","BEARING"
"2026/05/14","JOGAB","K4","LA","US","BAD","LOC","149.42","","2","Modified","BEARING"
"2026/04/16","JOGAB","K4","LA","US","BAD","TACAN","","1.8","1","Modified","BEARING"
"2026/05/14","JOGAB","K4","LA","US","BAD","TACAN","143.39","1.8","2","Modified","BEARING"
"2026/04/16","JOLLY","K4","TX","US","FZT","VOR/DME","201.67","14","2","Deleted",""
"2026/04/16","JOLVU","K5","IN","US","SHB","VOR/DME","330.32","","2","Deleted",""
"2026/04/16","JOLVU","K5","IN","US","VHP","VORTAC","59.24","16.75","2","Deleted",""
"2026/04/16","JONEK","K2","UT","US","TVY","LOC","346.12","6.72","1","Modified","BEARING"
"2026/05/14","JONEK","K2","UT","US","TVY","LOC","346.11","6.72","2","Modified","BEARING"
"2026/04/16","JOSCH","K7","NC","US","TYI","VORTAC","195.97","42.4","1","Modified","DISTANCE"
"2026/05/14","JOSCH","K7","NC","US","TYI","VORTAC","195.97","42.39","2","Modified","DISTANCE"
"2026/04/16","JOTED","K2","AZ","US","RYN","NDB","254.47","","2","Deleted",""
"2026/04/16","JOTED","K2","AZ","US","TUS","VORTAC","","20.98","2","Deleted",""
"2026/04/16","JOVIR","K3","MN","US","RWF","VOR/DME","283.32","7","2","Deleted",""
"2026/04/16","JULBU","K3","MN","US","AEL","VOR/DME","353.01","0.36","2","Deleted",""
"2026/04/16","KATTO","K3","MN","US","TVF","VOR/DME","297","6","2","Deleted",""
"2026/04/16","KEDLE","K5","KY","US","EWO","VOR/DME","220.33","10","2","Deleted",""
"2026/04/16","KEHFY","K2","NM","US","CNM","VORTAC","52.55","13","2","Deleted",""
"2026/04/16","KENDE","K3","MN","US","AXN","VOR/DME","299","7","2","Deleted",""
"2026/04/16","KERNN","K2","UT","US","BNT","LOC","","5.47","2","Deleted",""
"2026/04/16","KERNN","K2","UT","US","UTJ","LOC","163.95","","1","Modified","DISTANCE"
"2026/05/14","KERNN","K2","UT","US","UTJ","LOC","163.95","5.47","2","Modified","DISTANCE"
"2026/04/16","KEYLE","K3","KS","US","DDC","VORTAC","151.62","16","2","Deleted",""
"2026/04/16","KIKKE","K4","TX","US","FZT","VOR/DME","201.67","8","2","Deleted",""
"2026/04/16","KINIC","K5","WI","US","MWC","LOC","327.58","","1","Modified","BEARING"
"2026/05/14","KINIC","K5","WI","US","MWC","LOC","327.57","","2","Modified","BEARING"
"2026/04/16","KRAMS","K4","AR","US","HOT","VOR/DME","330.77","10.06","2","Deleted",""
"2026/04/16","KUKGE","K3","MN","US","RWF","VOR/DME","102.96","7","1","Modified","BEARING"
"2026/05/14","KUKGE","K3","MN","US","RWF","VOR/DME","102.72","7","2","Modified","BEARING"
"2026/04/16","LATES","K5","IN","US","MIE","VOR/DME","350","25.53","2","Deleted",""
"2026/04/16","LEASE","K6","MD","US","MGW","VOR/DME","91.57","19","2","Deleted",""
"2026/04/16","LEKBE","K3","ND","US","DIK","VORTAC","3","7","2","Deleted",""
"2026/04/16","LERNK","K4","LA","US","BAD","LOC","149.44","","1","Modified","BEARING"
"2026/05/14","LERNK","K4","LA","US","BAD","LOC","149.42","","2","Modified","BEARING"
"2026/04/16","LERNK","K4","LA","US","EMG","VORTAC","","3","1","Modified","BEARING"
"2026/05/14","LERNK","K4","LA","US","EMG","VORTAC","322.49","3","2","Modified","BEARING"
"2026/04/16","LEVEL","K4","OK","US","IRW","VORTAC","299.84","9","2","Deleted",""
"2026/04/16","LEVEL","K4","OK","US","PWA","VOR/DME","218.61","","2","Deleted",""
"2026/04/16","LINCY","K5","IN","US","FWA","VORTAC","44","2.5","2","Deleted",""
"2026/04/16","LISSI","K5","WI","US","BAE","VOR/DME","179.99","20","2","Deleted",""
"2026/04/16","LOINS","K3","IA","US","TNU","VOR/DME","295.84","15","2","Deleted",""
"2026/04/16","LUCCK","K4","TX","US","FUZ","VORTAC","206.78","24.79","1","Modified","DISTANCE"
"2026/05/14","LUCCK","K4","TX","US","FUZ","VORTAC","206.78","","2","Modified","DISTANCE"
"2026/04/16","LUCCK","K4","TX","US","MQP","VORTAC","102.42","30.15","2","Deleted",""
"2026/04/16","LUERS","K5","IN","US","FWA","VORTAC","44","5","1","Modified","DISTANCE"
"2026/05/14","LUERS","K5","IN","US","FWA","VORTAC","44","4.98","2","Modified","DISTANCE"
"2026/04/16","LUERS","K5","IN","US","OLK","VOR","128.22","","2","Deleted",""
"2026/04/16","LUFSY","K6","VA","US","JZQ","LOC","46.8","4.64","1","Modified","DISTANCE"
"2026/05/14","LUFSY","K6","VA","US","JZQ","LOC","46.8","4.65","2","Modified","DISTANCE"
"2026/04/16","LUKCO","K3","MN","US","AXN","VOR/DME","170","7","2","Deleted",""
"2026/04/16","LUYIB","K3","MN","US","ODI","VORTAC","248.91","16.76","2","Deleted",""
"2026/04/16","LYHNE","K4","TX","US","INK","VORTAC","124.62","19","2","Deleted",""
"2026/04/16","MABEH","K5","MI","US","PLN","VORTAC","11.66","14","2","Deleted",""
"2026/04/16","MABGY","K3","MN","US","RWF","VOR/DME","15.57","4.98","2","Deleted",""
"2026/04/16","MABTE","K5","MI","US","GIJ","VORTAC","45.93","5.56","2","Deleted",""
"2026/04/16","MACCY","K5","OH","US","FBC","VORTAC","51","21.38","2","Deleted",""
"2026/04/16","MACEP","K3","MO","US","FAM","VORTAC","55.62","20.77","2","Deleted",""
"2026/04/16","MACHE","TJ","PR","US","NRR","TACAN","218","38","2","Deleted",""
"2026/04/16","MACHL","K2","CA","US","RDD","VOR/DME","175","3.77","1","Modified","DISTANCE"
"2026/05/14","MACHL","K2","CA","US","RDD","VOR/DME","175","3.7","2","Modified","DISTANCE"
"2026/04/16","MACJE","K2","AZ","US","RYN","NDB","253.75","","2","Deleted",""
"2026/04/16","MACJE","K2","AZ","US","TUS","VORTAC","","13.7","2","Deleted",""
"2026/04/16","MACVE","K7","MS","US","HLI","VORTAC","93.68","23.84","2","Deleted",""
"2026/04/16","MADBE","K5","MI","US","MBS","VOR/DME","102","27.63","2","Deleted",""
"2026/04/16","MADGE","K4","OK","US","BVO","VOR/DME","23","9.45","2","Deleted",""
"2026/04/16","MADYA","K3","MN","US","RWF","VOR/DME","151.99","14.5","2","Deleted",""
"2026/04/16","MAFAX","K3","MO","US","IRK","VORTAC","134","2.94","2","Deleted",""
"2026/04/16","MAFDY","K4","LA","US","AEX","VORTAC","139.5","22.42","2","Deleted",""
"2026/04/16","MAFJA","K3","MO","US","HLV","VORTAC","154","17.22","2","Deleted",""
"2026/04/16","MAFWI","K5","WI","US","BAE","VOR/DME","179.99","25.42","2","Deleted",""
"2026/04/16","MAGOW","K7","TN","US","LVT","VOR/DME","216.25","11","2","Deleted",""
"2026/04/16","MAHFI","K4","TX","US","CLL","VORTAC","242.99","15.59","2","Deleted",""
"2026/04/16","MAHIW","K3","IA","US","BRL","VOR/DME","253.25","18.46","2","Deleted",""
"2026/04/16","MAHLA","K4","TX","US","COT","VORTAC","258.63","5","2","Deleted",""
"2026/04/16","MAHYE","K3","KS","US","ICT","VORTAC","103","17","2","Deleted",""
"2026/04/16","MAINE","K5","OH","US","EWC","VOR/DME","281.96","67.34","1","Modified","BEARING"
"2026/05/14","MAINE","K5","OH","US","EWC","VOR/DME","281.98","67.34","2","Modified","BEARING"
"2026/04/16","MAJAK","K4","LA","US","EIC","VORTAC","291","11.25","2","Deleted",""
"2026/04/16","MAJLO","K4","TX","US","TNV","VOR/DME","320.92","5.13","2","Deleted",""
"2026/04/16","MAJLY","K6","NY","US","GEE","VOR/DME","323.39","12.31","2","Deleted",""
"2026/04/16","MALDS","K5","WI","US","BAE","VOR/DME","246.8","24.97","2","Deleted",""
"2026/04/16","MALKS","K3","MN","US","HIB","VOR/DME","47","10.9","2","Deleted",""
"2026/04/16","MALNC","K3","KS","US","ICT","VORTAC","93.22","24.52","2","Deleted",""
"2026/04/16","MALYS","K3","MO","US","FAM","VORTAC","299","10.6","2","Deleted",""
"2026/04/16","MANGK","K3","KS","US","BVO","VOR/DME","23","22.18","2","Deleted",""
"2026/04/16","MAREO","K5","IN","US","MIE","VOR/DME","165.42","","2","Deleted",""
"2026/04/16","MAREO","K5","IN","US","VHP","VORTAC","84.13","51.88","2","Deleted",""
"2026/04/16","MARNY","K5","KY","US","EWO","VOR/DME","36.92","8.48","2","Deleted",""
"2026/04/16","MASZU","K3","MO","US","FAM","VORTAC","55.62","18.5","2","Deleted",""
"2026/04/16","MATEC","K3","MN","US","DLH","VORTAC","287.79","7","1","Modified","BEARING"
"2026/05/14","MATEC","K3","MN","US","DLH","VORTAC","287.8","7","2","Modified","BEARING"
"2026/04/16","MAUDY","K6","MD","US","ASO","LOC","329","10","2","Deleted",""
"2026/04/16","MAUDY","K6","MD","US","BAL","VORTAC","256.27","","2","Deleted",""
"2026/04/16","MAXIE","K3","IA","US","TNU","VOR/DME","295.84","20","2","Deleted",""
"2026/04/16","MAZPI","K3","MN","US","GPZ","VOR/DME","105.86","7","1","Modified","BEARING DISTANCE"
"2026/05/14","MAZPI","K3","MN","US","GPZ","VOR/DME","105.74","7.01","2","Modified","BEARING DISTANCE"
"2026/04/16","MEBGY","K3","MN","US","GPZ","VOR/DME","198.57","7","2","Deleted",""
"2026/04/16","MELLL","K3","MN","US","MVE","VOR/DME","148.21","20","2","Deleted",""
"2026/04/16","MEXIE","K3","SD","US","RCA","LOC","130.08","","1","Modified","BEARING"
"2026/05/14","MEXIE","K3","SD","US","RCA","LOC","130.05","","2","Modified","BEARING"
"2026/04/16","MINIE","K6","VA","US","ASO","LOC","329","6.21","2","Deleted",""
"2026/04/16","MINIE","K6","VA","US","BAL","VORTAC","248.22","","2","Deleted",""
"2026/04/16","MODGE","K3","KS","US","DDC","VORTAC","151.64","10","2","Deleted",""
"2026/04/16","MOGYU","K3","MO","US","FAM","VORTAC","165.89","7","2","Deleted",""
"2026/04/16","MOHLR","K6","WV","US","MGW","VOR/DME","91.57","12","2","Deleted",""
"2026/04/16","MOLKE","K4","TX","US","FUZ","VORTAC","218","25","1","Modified","DISTANCE"
"2026/05/14","MOLKE","K4","TX","US","FUZ","VORTAC","218","","2","Modified","DISTANCE"
"2026/04/16","MOLKE","K4","TX","US","MQP","VORTAC","99.75","25.45","1","Modified","DISTANCE"
"2026/05/14","MOLKE","K4","TX","US","MQP","VORTAC","99.75","","2","Modified","DISTANCE"
"2026/04/16","MUMOE","K5","KY","US","EWO","VOR/DME","132","23.9","2","Deleted",""
"2026/04/16","NALNE","K3","ND","US","DIK","VORTAC","183","3.57","2","Deleted",""
"2026/04/16","NEWTO","K5","IN","US","MIE","VOR/DME","193.03","","2","Deleted",""
"2026/04/16","NILOE","K4","LA","US","BAD","TACAN","145.81","17","1","Modified","BEARING"
"2026/05/14","NILOE","K4","LA","US","BAD","TACAN","148.81","17","2","Modified","BEARING"
"2026/04/16","NOKEE","K4","TX","US","FUZ","VORTAC","303.08","18.6","1","Modified","DISTANCE"
"2026/05/14","NOKEE","K4","TX","US","FUZ","VORTAC","303.08","","2","Modified","DISTANCE"
"2026/04/16","NOTTA","K4","LA","US","LFT","VORTAC","197.08","20","2","Deleted",""
"2026/04/16","NUGIY","K5","KY","US","CKV","VOR/DME","348.88","","1","Modified","BEARING"
"2026/05/14","NUGIY","K5","KY","US","CKV","VOR/DME","348.97","","2","Modified","BEARING"
"2026/04/16","NUGIY","K5","KY","US","FKP","LOC","45.21","4.79","1","Modified","BEARING DISTANCE"
"2026/05/14","NUGIY","K5","KY","US","FKP","LOC","45.19","4.8","2","Modified","BEARING DISTANCE"
"2026/04/16","NUKTY","K4","TX","US","MAF","VORTAC","231.14","10.7","2","Deleted",""
"2026/04/16","NUPDE","K3","MO","US","STL","VORTAC","27.93","6.7","2","Deleted",""
"2026/04/16","NUPKE","K4","AR","US","TXK","VORTAC","52.05","18.66","2","Deleted",""
"2026/04/16","NUTTE","K7","MS","US","HLI","VORTAC","93.68","20","2","Deleted",""
"2026/04/16","NVRTL","K5","OH","US","ACO","VOR/DME","277.5","","2","Deleted",""
"2026/04/16","NVRTL","K5","OH","US","BSV","VOR/DME","339.42","","2","Deleted",""
"2026/04/16","OBEGE","K5","MI","US","MBS","VOR/DME","102","15","2","Deleted",""
"2026/04/16","OLMEC","K3","MN","US","GPZ","VOR/DME","154.22","7","2","Deleted",""
"2026/04/16","OLMEC","K3","MN","US","HIB","VOR/DME","241.71","","2","Deleted",""
"2026/04/16","OPCAW","K3","MN","US","HIB","VOR/DME","47","6","2","Deleted",""
"2026/04/16","OPJIM","K3","SD","US","ABR","VOR/DME","224.9","16","2","Deleted",""
"2026/04/16","OPOGE","K3","SD","US","RCA","LOC","130.08","","1","Modified","BEARING"
"2026/05/14","OPOGE","K3","SD","US","RCA","LOC","130.05","","2","Modified","BEARING"
"2026/04/16","ORJIG","K3","MO","US","FAM","VORTAC","55.62","7","2","Deleted",""
"2026/04/16","OSBER","K5","IN","US","MIE","VOR/DME","43.78","","2","Deleted",""
"2026/04/16","OTAPE","K5","KY","US","LOZ","VOR/DME","205.32","4","2","Deleted",""
"2026/04/16","OWUKU","K4","TX","US","DHT","VORTAC","94.4","17","2","Deleted",""
"2026/04/16","OWXEM","K3","MO","US","FAM","VORTAC","119","7","2","Deleted",""
"2026/04/16","OWYOS","K3","IA","US","IOW","VOR/DME","185.88","15.29","2","Deleted",""
"2026/04/16","OXAGY","K3","MO","US","FAM","VORTAC","47.38","7","2","Deleted",""
"2026/04/16","OXAKY","K4","TX","US","FZT","VOR/DME","195.6","9","2","Deleted",""
"2026/04/16","OYOFY","K3","MO","US","FAM","VORTAC","299","5.6","2","Deleted",""
"2026/04/16","OZORA","K3","MO","US","FAM","VORTAC","55.62","15","2","Deleted",""
"2026/04/16","PACTS","K4","AR","US","TXK","VORTAC","52.05","23.73","2","Deleted",""
"2026/04/16","PAFEL","K2","AZ","US","SJN","VORTAC","283","7","2","Deleted",""
"2026/04/16","PANDE","K4","TX","US","AMA","OM","217.97","","1","Modified","BEARING"
"2026/05/14","PANDE","K4","TX","US","AMA","OM","","","2","Modified","BEARING"
"2026/04/16","PEAAY","K6","VA","US","ORF","LOC","226.79","6.26","1","Modified","BEARING"
"2026/05/14","PEAAY","K6","VA","US","ORF","LOC","226.78","6.26","2","Modified","BEARING"
"2026/04/16","PEDLE","K2","UT","US","BNT","LOC","","17.74","2","Deleted",""
"2026/04/16","PEDLE","K2","UT","US","UTJ","LOC","163.95","","1","Modified","DISTANCE"
"2026/05/14","PEDLE","K2","UT","US","UTJ","LOC","163.95","17.74","2","Modified","DISTANCE"
"2026/04/16","PEGTE","K7","NC","US","CLT","VOR/DME","25.45","","2","Deleted",""
"2026/04/16","PEGTE","K7","NC","US","GSO","VORTAC","245.78","39.76","2","Deleted",""
"2026/04/16","PEGTE","K7","NC","US","SVH","LOC","104.84","13.19","2","Deleted",""
"2026/04/16","PELCI","K2","NM","US","TCC","VORTAC","233.19","18","1","Modified","BEARING"
"2026/05/14","PELCI","K2","NM","US","TCC","VORTAC","233.17","18","2","Modified","BEARING"
"2026/04/16","PENDS","K5","IN","US","MIE","VOR/DME","243.86","16.93","2","Deleted",""
"2026/04/16","PENDS","K5","IN","US","MZZ","VOR/DME","187","","2","Deleted",""
"2026/04/16","PEPVY","K5","WI","US","RHI","VOR/DME","156.34","10","1","Modified","BEARING"
"2026/05/14","PEPVY","K5","WI","US","RHI","VOR/DME","156","10","2","Modified","BEARING"
"2026/04/16","PERLE","K5","IN","US","OOM","VORTAC","159","14","2","Deleted",""
"2026/04/16","PERSN","K4","TX","US","CVE","VOR/DME","33.36","22.62","2","Deleted",""
"2026/04/16","PEWLE","K5","WI","US","RHI","VOR/DME","300.5","10","1","Modified","BEARING"
"2026/05/14","PEWLE","K5","WI","US","RHI","VOR/DME","300.99","10","2","Modified","BEARING"
"2026/04/16","PIKEN","K4","LA","US","EIC","VORTAC","291","6","2","Deleted",""
"2026/04/16","POCIG","K3","ND","US","DIK","VORTAC","79.11","7","2","Deleted",""
"2026/04/16","POTOY","K3","MN","US","AEL","VOR/DME","162","5","2","Deleted",""
"2026/04/16","POXKU","K2","CA","US","PDZ","VORTAC","238.01","","1","Modified","DISTANCE"
"2026/05/14","POXKU","K2","CA","US","PDZ","VORTAC","238.01","15.17","2","Modified","DISTANCE"
"2026/04/16","POYIS","K4","LA","US","LFT","VORTAC","342.67","10","2","Deleted",""
"2026/04/16","PRISO","K4","TX","US","ELP","LOC","42","14.11","1","Modified","BEARING"
"2026/05/14","PRISO","K4","TX","US","ELP","LOC","41.99","14.11","2","Modified","BEARING"
"2026/04/16","PRISO","K4","TX","US","EWM","VORTAC","79.05","","1","Modified","BEARING DISTANCE"
"2026/05/14","PRISO","K4","TX","US","EWM","VORTAC","79.09","4.13","2","Modified","BEARING DISTANCE"
"2026/04/16","PTATO","K5","OH","US","BSV","VOR/DME","294.92","28","2","Deleted",""
"2026/04/16","PUDEE","K5","WI","US","DLL","VORTAC","207.13","23.39","2","Deleted",""
"2026/04/16","PURBE","K5","OH","US","ROD","VORTAC","68.49","11.05","2","Deleted",""
"2026/04/16","QUOTA","K5","IL","US","SPI","VORTAC","40.53","19","2","Deleted",""
"2026/04/16","RABOY","K2","AZ","US","SJN","VORTAC","283","10","2","Deleted",""
"2026/04/16","RAGUE","K5","KY","US","EWO","VOR/DME","132","19","2","Deleted",""
"2026/04/16","RANOY","K2","NM","US","GUP","VORTAC","305","9","2","Deleted",""
"2026/04/16","REBUT","K5","OH","US","FBC","VORTAC","73.39","21","2","Deleted",""
"2026/04/16","REDDS","K3","MN","US","AEL","VOR/DME","57.74","30.92","2","Deleted",""
"2026/04/16","REDDS","K3","MN","US","RST","VOR/DME","319.26","12.18","2","Deleted",""
"2026/04/16","REDKE","K5","IN","US","FWA","VORTAC","184","38.18","2","Deleted",""
"2026/04/16","REDKE","K5","IN","US","MIE","VOR/DME","63","12.51","2","Deleted",""
"2026/04/16","REEVZ","K3","MO","US","GWA","LOC","","6.2","1","Modified","BEARING DISTANCE"
"2026/05/14","REEVZ","K3","MO","US","GWA","LOC","318.78","6.45","2","Modified","BEARING DISTANCE"
"2026/04/16","REEVZ","K3","MO","US","SGF","VORTAC","245.38","","1","Modified","BEARING"
"2026/05/14","REEVZ","K3","MO","US","SGF","VORTAC","247.26","","2","Modified","BEARING"
"2026/04/16","RFOUR","K4","TX","US","FZT","VOR/DME","352.11","8.16","2","Deleted",""
"2026/04/16","RFOUR","K4","TX","US","TYR","VOR/DME","211.86","11","2","Deleted",""
"2026/04/16","RIBVE","K6","WV","US","BLF","VOR/DME","44.61","4","2","Deleted",""
"2026/04/16","RILLY","K5","IN","US","TTH","VORTAC","227.9","9","2","Deleted",""
"2026/04/16","RISEE","K5","MI","US","MOP","VOR/DME","178.38","16","2","Deleted",""
"2026/04/16","ROBOW","K5","IN","US","AI","NDB","119.44","","2","Deleted",""
"2026/04/16","ROBOW","K5","IN","US","MIE","VOR/DME","179.42","","2","Deleted",""
"2026/04/16","ROOSE","K2","CA","US","APC","LOC","185.74","2.43","2","Deleted",""
"2026/04/16","ROOSE","K2","CA","US","SGD","VORTAC","66.1","","2","Deleted",""
"2026/04/16","ROSKY","K5","WI","US","BAE","VOR/DME","246.74","14.21","2","Deleted",""
"2026/04/16","ROSKY","K5","WI","US","RYV","NDB","145.32","","2","Deleted",""
"2026/04/16","RUDIE","K5","WI","US","MWC","LOC","327.58","","1","Modified","BEARING"
"2026/05/14","RUDIE","K5","WI","US","MWC","LOC","327.57","","2","Modified","BEARING"
"2026/04/16","RUNYO","K3","ND","US","DIK","VORTAC","244.86","7","2","Deleted",""
"2026/04/16","RUSIA","K5","OH","US","DQN","VOR/DME","348","","2","Deleted",""
"2026/04/16","RUSIA","K5","OH","US","ROD","VORTAC","272.64","19.82","2","Deleted",""
"2026/04/16","RUYBO","K5","WI","US","EAU","VORTAC","130","7","2","Deleted",""
"2026/04/16","SADEN","K3","MO","US","FTZ","VORTAC","35.97","","1","Modified","BEARING"
"2026/05/14","SADEN","K3","MO","US","FTZ","VORTAC","35.98","","2","Modified","BEARING"
"2026/04/16","SAKOY","K2","AZ","US","SJN","VORTAC","283","12.62","2","Deleted",""
"2026/04/16","SALIM","K5","IN","US","GIJ","VORTAC","101.93","8.79","2","Deleted",""
"2026/04/16","SCRAN","K4","AR","US","FSM","VORTAC","90","34.58","2","Deleted",""
"2026/04/16","SCRAN","K4","AR","US","RZC","VORTAC","150.17","","1","Modified","DISTANCE"
"2026/05/14","SCRAN","K4","AR","US","RZC","VORTAC","150.17","61.84","2","Modified","DISTANCE"
"2026/04/16","SEZER","K3","KS","US","ICT","VORTAC","94.94","23","2","Deleted",""
"2026/04/16","SHEFF","K2","AZ","US","FLG","VOR/DME","56","12","2","Deleted",""
"2026/04/16","SHIRN","K3","IA","US","IOW","VOR/DME","185.88","21","2","Deleted",""
"2026/04/16","SICOT","K5","IL","US","AXC","VORTAC","294.12","","2","Deleted",""
"2026/04/16","SICOT","K5","IL","US","SPI","VORTAC","40.53","12","2","Deleted",""
"2026/04/16","SIKAE","K4","OK","US","PER","VORTAC","263.4","6.6","2","Deleted",""
"2026/04/16","SKEAT","K5","IN","US","GIJ","VORTAC","101.05","20","2","Deleted",""
"2026/04/16","SKYLA","K4","TX","US","UKW","VORTAC","174.95","16","2","Deleted",""
"2026/04/16","SLOGN","K4","LA","US","BAD","TACAN","","12.63","1","Modified","BEARING"
"2026/05/14","SLOGN","K4","LA","US","BAD","TACAN","330.28","12.63","2","Modified","BEARING"
"2026/04/16","SLUGR","K5","WI","US","BAE","VOR/DME","246.74","20.21","2","Deleted",""
"2026/04/16","SLUGR","K5","WI","US","RYV","NDB","177.92","","2","Deleted",""
"2026/04/16","SOAPS","K2","NM","US","ONM","VORTAC","345","13","2","Deleted",""
"2026/04/16","SOCCA","K3","KS","US","ICT","VORTAC","103","24","2","Deleted",""
"2026/04/16","SOCSI","K3","MN","US","MVE","VOR/DME","148.21","25","2","Deleted",""
"2026/04/16","SOMEY","K3","KS","US","BVO","VOR/DME","23","17.2","2","Deleted",""
"2026/04/16","SPERY","K6","PA","US","MXE","VORTAC","354.1","","1","Modified","BEARING"
"2026/05/14","SPERY","K6","PA","US","MXE","VORTAC","354.11","","2","Modified","BEARING"
"2026/04/16","SPERY","K6","PA","US","PTW","VORTAC","231.18","","1","Modified","BEARING"
"2026/05/14","SPERY","K6","PA","US","PTW","VORTAC","231.19","","2","Modified","BEARING"
"2026/04/16","SPOOL","K5","OH","US","AIR","VOR/DME","330.08","31","1","Modified","DISTANCE"
"2026/05/14","SPOOL","K5","OH","US","AIR","VOR/DME","330.08","31.02","2","Modified","DISTANCE"
"2026/04/16","SPWAY","K4","TX","US","FZT","VOR/DME","121.2","15","2","Deleted",""
"2026/04/16","STULL","K7","SC","US","CLT","VOR/DME","250","13","2","Deleted",""
"2026/04/16","SUDEE","K4","LA","US","BAD","TACAN","","6.62","1","Modified","BEARING DISTANCE"
"2026/05/14","SUDEE","K4","LA","US","BAD","TACAN","331.04","6.74","2","Modified","BEARING DISTANCE"
"2026/04/16","SUDEE","K4","LA","US","EIC","VORTAC","","10.98","1","Modified","BEARING DISTANCE"
"2026/05/14","SUDEE","K4","LA","US","EIC","VORTAC","150.55","10.86","2","Modified","BEARING DISTANCE"
"2026/04/16","SUDEE","K4","LA","US","JKC","LOC","329.43","","1","Modified","BEARING"
"2026/05/14","SUDEE","K4","LA","US","JKC","LOC","329.44","","2","Modified","BEARING"
"2026/04/16","SYSTR","K4","LA","US","MLU","VORTAC","266.7","28.02","2","Deleted",""
"2026/04/16","TEMPE","K7","FL","US","LAL","VORTAC","74.09","27.37","1","Modified","BEARING"
"2026/05/14","TEMPE","K7","FL","US","LAL","VORTAC","74.1","27.37","2","Modified","BEARING"
"2026/04/16","TENIS","K6","PA","US","ETG","VORTAC","8.34","","2","Deleted",""
"2026/04/16","TENIS","K6","PA","US","SLT","VORTAC","263.92","8.5","2","Deleted",""
"2026/04/16","TEPUE","K5","WI","US","EAU","VORTAC","4.17","7","2","Deleted",""
"2026/04/16","TIRED","K7","MS","US","HLI","VORTAC","93.68","10","2","Deleted",""
"2026/04/16","TOURS","K4","TX","US","ACT","VORTAC","19.92","","2","Deleted",""
"2026/04/16","TOURS","K4","TX","US","CNW","LOC","353.55","","2","Deleted",""
"2026/04/16","TRAGG","K6","PA","US","ETX","VOR/DME","211","31.36","1","Modified","BEARING"
"2026/05/14","TRAGG","K6","PA","US","ETX","VOR/DME","210.99","31.36","2","Modified","BEARING"
"2026/04/16","TRAVE","K2","NM","US","ONM","VORTAC","345","17.99","2","Deleted",""
"2026/04/16","TREAL","K7","SC","US","CLT","VOR/DME","196","129.33","2","Deleted",""
"2026/04/16","TROIS","K3","MN","US","AXN","VOR/DME","43.75","7","2","Deleted",""
"2026/04/16","TRONA","K3","ND","US","FAR","VOR/DME","283","10","2","Deleted",""
"2026/04/16","TROUP","K4","TX","US","FZT","VOR/DME","30.97","","2","Deleted",""
"2026/04/16","TROUP","K4","TX","US","TYR","VOR/DME","124.99","4.97","2","Deleted",""
"2026/04/16","UCEGA","K5","WI","US","EAU","VORTAC","254.21","7","2","Deleted",""
"2026/04/16","UNITS","K6","NY","US","GEE","VOR/DME","323.39","7.6","2","Deleted",""
"2026/04/16","UNITS","K6","NY","US","ROC","VOR/DME","226.64","","2","Deleted",""
"2026/04/16","UNNAC","K6","VA","US","CCV","VORTAC","323","67.57","2","Deleted",""
"2026/04/16","UYUJA","K3","MO","US","DGD","VORTAC","107.19","9.61","2","Deleted",""
"2026/04/16","UZSIJ","K3","IA","US","IOW","VOR/DME","207.9","27","2","Deleted",""
"2026/04/16","VALLS","K4","AR","US","HOT","VOR/DME","330.77","21.26","2","Deleted",""
"2026/04/16","VONYU","K5","IN","US","FWA","VORTAC","234","1.49","1","Modified","DISTANCE"
"2026/05/14","VONYU","K5","IN","US","FWA","VORTAC","234","1.79","2","Modified","DISTANCE"
"2026/04/16","VUDUY","K5","IN","US","MQJ","LOC","72.01","","1","Modified","BEARING"
"2026/05/14","VUDUY","K5","IN","US","MQJ","LOC","72.02","","2","Modified","BEARING"
"2026/04/16","VUDUY","K5","IN","US","SHB","VOR/DME","22.9","","1","Modified","DISTANCE"
"2026/05/14","VUDUY","K5","IN","US","SHB","VOR/DME","22.9","17.85","2","Modified","DISTANCE"
"2026/04/16","WABLA","K5","IN","US","OOM","VORTAC","159","17.2","2","Deleted",""
"2026/04/16","WANDY","K3","KS","US","ICT","VORTAC","93.22","28","2","Deleted",""
"2026/04/16","WASBI","K2","NM","US","TCC","VORTAC","255.01","18","1","Modified","BEARING"
"2026/05/14","WASBI","K2","NM","US","TCC","VORTAC","255","18","2","Modified","BEARING"
"2026/04/16","WEBIS","K4","AR","US","TXK","VORTAC","52.05","21.87","2","Deleted",""
"2026/04/16","WEEEL","K2","UT","US","BNT","LOC","","1.7","2","Deleted",""
"2026/04/16","WEEEL","K2","UT","US","UTJ","LOC","163.95","","1","Modified","DISTANCE"
"2026/05/14","WEEEL","K2","UT","US","UTJ","LOC","163.95","1.7","2","Modified","DISTANCE"
"2026/04/16","WEERD","K4","TX","US","NFW","TACAN","356","12","1","Modified","BEARING"
"2026/05/14","WEERD","K4","TX","US","NFW","TACAN","","12","2","Modified","BEARING"
"2026/04/16","WEGET","K2","UT","US","TVY","LOC","346.12","13.48","1","Modified","BEARING"
"2026/05/14","WEGET","K2","UT","US","TVY","LOC","346.11","13.48","2","Modified","BEARING"
"2026/04/16","WGNER","K5","IN","US","FWA","VORTAC","198.02","15","2","Deleted",""
"2026/04/16","WHOLE","K4","TX","US","EWM","VORTAC","79","20.87","1","Modified","BEARING"
"2026/05/14","WHOLE","K4","TX","US","EWM","VORTAC","79.01","20.87","2","Modified","BEARING"
"2026/04/16","WHOSE","K4","TX","US","FZT","VOR/DME","51.95","","2","Deleted",""
"2026/04/16","WHOSE","K4","TX","US","TYR","VOR/DME","124.99","11.34","2","Deleted",""
"2026/04/16","WIDON","K6","MA","US","EWB","LOC","234.45","2.98","1","Modified","BEARING"
"2026/05/14","WIDON","K6","MA","US","EWB","LOC","234.44","2.98","2","Modified","BEARING"
"2026/04/16","WIPLU","K4","TX","US","ACT","VORTAC","73.16","","1","Modified","BEARING"
"2026/05/14","WIPLU","K4","TX","US","ACT","VORTAC","73.13","","2","Modified","BEARING"
"2026/04/16","WIRUV","K3","MN","US","GFK","VOR/DME","97.23","18.53","2","Deleted",""
"2026/04/16","WISOT","K4","TX","US","TYR","VOR/DME","211.86","0.88","2","Deleted",""
"2026/04/16","WITSU","K5","WI","US","MWC","LOC","327.58","","1","Modified","BEARING"
"2026/05/14","WITSU","K5","WI","US","MWC","LOC","327.57","","2","Modified","BEARING"
"2026/04/16","WOKAX","K5","OH","US","ROD","VORTAC","243","13.94","2","Deleted",""
"2026/04/16","WUBIN","K3","KS","US","BUM","VORTAC","254.34","7","2","Deleted",""
"2026/04/16","WUMKU","K4","LA","US","MLU","VORTAC","94.47","10","2","Deleted",""
"2026/04/16","WYLEY","K3","MO","US","SGF","VORTAC","36.89","","2","Deleted",""
"2026/04/16","WYLEY","K3","MO","US","SHY","VOR/DME","217.04","9.78","2","Deleted",""
"2026/04/16","WYLEY","K3","MO","US","TBN","VOR","289.99","","2","Deleted",""
"2026/04/16","YABUY","K3","IA","US","IOW","VOR/DME","222.9","27","2","Deleted",""
"2026/04/16","YILUC","K5","IN","US","FWA","VORTAC","44","0.5","1","Modified","DISTANCE"
"2026/05/14","YILUC","K5","IN","US","FWA","VORTAC","44","1.07","2","Modified","DISTANCE"
"2026/04/16","YOPUR","K4","TX","US","INK","VORTAC","124.62","12","2","Deleted",""
"2026/04/16","ZAKAD","K3","KS","US","ICT","VORTAC","103","18.6","2","Deleted",""
"2026/04/16","ZAKEP","K4","TX","US","DHT","VORTAC","169.03","17","2","Deleted",""
"2026/04/16","ZANAP","K5","OH","US","DQN","VOR/DME","25","9.57","2","Deleted",""
"2026/04/16","ZASEG","K3","MN","US","TVF","VOR/DME","297","0.3","2","Deleted",""
"2026/04/16","ZASIG","K2","AZ","US","FLG","VOR/DME","56","6","2","Deleted",""
"2026/04/16","ZEGRI","K3","IA","US","IOW","VOR/DME","185.88","27","2","Deleted",""
"2026/04/16","ZELEB","K4","AR","US","TXK","VORTAC","51.76","35.48","2","Deleted",""
"2026/04/16","ZEPOG","K2","UT","US","BNT","LOC","","14.6","2","Deleted",""
"2026/04/16","ZEPOG","K2","UT","US","UTJ","LOC","163.95","","1","Modified","DISTANCE"
"2026/05/14","ZEPOG","K2","UT","US","UTJ","LOC","163.95","14.6","2","Modified","DISTANCE"
"2026/04/16","ZESRU","K5","OH","US","AIR","VOR/DME","229.46","17.2","2","Deleted",""
"2026/04/16","ZESUP","K2","AZ","US","FLG","VOR/DME","56","1","2","Deleted",""
"2026/04/16","ZILDI","K7","AL","US","BFM","VORTAC","310.04","1.76","2","Deleted",""
"2026/04/16","ZILOD","K2","UT","US","TCH","VORTAC","159.03","40","2","Deleted",""
"2026/04/16","ZIRVI","K4","TX","US","ACT","VORTAC","54.1","","1","Modified","BEARING"
"2026/05/14","ZIRVI","K4","TX","US","ACT","VORTAC","54.07","","2","Modified","BEARING"
"2026/04/16","ZMSKL","K4","TX","US","TNV","VOR/DME","75.94","32.75","1","Modified","DISTANCE"
"2026/05/14","ZMSKL","K4","TX","US","TNV","VOR/DME","75.94","32.73","2","Modified","DISTANCE"
"2026/04/16","ZOGEV","K3","MN","US","GFK","VOR/DME","97.23","23.44","2","Deleted",""
"2026/04/16","ZONAP","K4","TX","US","TYR","VOR/DME","124.99","2.17","2","Deleted",""
"2026/04/16","ZOSKI","K3","MO","US","BUM","VORTAC","171.31","7","2","Deleted",""
"2026/04/16","ZUBAX","K6","PA","US","TTN","LOC","238.48","","1","Modified","BEARING"
"2026/05/14","ZUBAX","K6","PA","US","TTN","LOC","238.49","","2","Modified","BEARING"
"2026/04/16","ZUBOD","K2","AZ","US","GUP","VORTAC","305","14.07","2","Deleted",""
"2026/04/16","ZUDKA","K3","MO","US","JAK","LOC","243.82","","1","Modified","DISTANCE"
"2026/05/14","ZUDKA","K3","MO","US","JAK","LOC","243.82","5.51","2","Modified","DISTANCE"
"2026/04/16","ZUDKA","K3","MO","US","STL","LOC","","5.51","2","Deleted",""
"2026/04/16","ZUNMU","K3","IA","US","SPW","VOR/DME","111.94","5.3","2","Deleted",""
"2026/05/14","ANDOE","K3","MN","US","LKI","TACAN","","5.59","2","Added",""
"2026/05/14","BABSY","K3","KS","US","GBD","OM","","","2","Added",""
"2026/05/14","BALLL","K5","IN","US","MIE","DME","","4.77","2","Added",""
"2026/05/14","BRNLY","PA","AK","US","EDF","TACAN","7","15","2","Added",""
"2026/05/14","BULLE","K4","LA","US","JKC","LOC","329.43","","2","Added",""
"2026/05/14","CABBI","K5","IL","US","MDH","OM","","","2","Added",""
"2026/05/14","CIKPI","K2","CA","US","PYE","VOR/DME","67.07","25.79","2","Added",""
"2026/05/14","COGOR","K4","TX","US","FUZ","VORTAC","240.87","","2","Added",""
"2026/05/14","DANIL","K4","AR","US","HOT","VOR/DME","330.77","","2","Added",""
"2026/05/14","DEBAR","K5","IN","US","MIE","DME","","19.06","2","Added",""
"2026/05/14","DOTTS","K6","VA","US","NGU","TACAN","20.09","4.11","2","Added",""
"2026/05/14","EHLUN","K5","KY","US","FKP","LOC","45.19","13.86","2","Added",""
"2026/05/14","EHLUN","K5","KY","US","HXW","TACAN","45.72","14","2","Added",""
"2026/05/14","EMMLN","K2","CA","US","PMD","VORTAC","89.94","","2","Added",""
"2026/05/14","FESAV","K2","CA","US","PYE","VOR/DME","80.19","23.75","2","Added",""
"2026/05/14","FIRES","PH","HI","US","LNY","VORTAC","163.28","","2","Added",""
"2026/05/14","FOXOR","K4","TX","US","ACT","VORTAC","15.69","","2","Added",""
"2026/05/14","FOXOR","K4","TX","US","CNW","LOC","353.55","","2","Added",""
"2026/05/14","GOULL","K2","CO","US","RLG","VOR/DME","336.06","31.63","2","Added",""
"2026/05/14","KCARP","K7","MS","US","CBM","VORTAC","330","32.99","2","Added",""
"2026/05/14","LYLEE","K4","TX","US","MQP","VORTAC","88","","2","Added",""
"2026/05/14","MADHI","K5","WI","US","DQJ","LOC","34.42","3.36","2","Added",""
"2026/05/14","MELZA","PA","AK","US","EDF","TACAN","335","15","2","Added",""
"2026/05/14","PANDE","K4","TX","US","AMA","LOC","217.97","","2","Added",""
"2026/05/14","PERSN","K4","TX","US","FUZ","VORTAC","52.05","33.26","2","Added",""
"2026/05/14","PHURN","K5","MI","US","PHN","OM","","","2","Added",""
"2026/05/14","PYKLA","K3","MN","US","DLH","OM","","","2","Added",""
"2026/05/14","SADEN","K3","MO","US","SU","NDB","5.54","","2","Added",""
"2026/05/14","SALTT","K3","KS","US","HUT","OM","","","2","Added",""
"2026/05/14","SNOOP","K3","MO","US","SUS","LOC","259.07","","2","Added",""
"2026/05/14","SNOOP","K3","MO","US","SUS","OM","","","2","Added",""
"2026/05/14","SPRET","PA","AK","US","EDF","TACAN","335","7","2","Added",""
"2026/05/14","UNNAC","K6","VA","US","CCV","TACAN","323","67.57","2","Added",""
"2026/05/14","VOHVU","K3","MO","US","GWA","LOC","318.78","3.63","2","Added",""
"2026/05/14","VOHVU","K3","MO","US","SGF","VORTAC","222.08","","2","Added",""
"2026/05/14","VRGAS","K7","FL","US","NQX","TACAN","108.87","30.9","2","Added",""
"2026/05/14","WIRSA","K3","MN","US","LKI","TACAN","","14.21","2","Added",""
"2026/05/14","WOTON","PA","AK","US","EDF","TACAN","335","1.5","2","Added",""
"2026/05/14","WUSIP","K5","KY","US","FKP","LOC","45.19","7.03","2","Added",""
"2026/05/14","ZANUP","PH","HI","US","HN","NDB","219.06","","2","Added",""
"2026/05/14","ZANUP","PH","HI","US","HNL","VORTAC","","18.55","2","Added",""
"2026/05/14","ZITOB","K5","IN","US","JNK","LOC","139.11","","2","Added",""
"2026/05/14","ZITOB","K5","IN","US","MIE","DME","","10.87","2","Added",""
"2026/05/14","ZOKUN","PH","HI","US","HN","NDB","219.06","","2","Added",""
"2026/05/14","ZOKUN","PH","HI","US","HNL","VORTAC","","12.87","2","Added",""
