"EFF_DATE","FIX_ID","ICAO_REGION_CODE","STATE_CODE","COUNTRY_CODE","CHARTING_TYPE_DESC","File","Action","Mods"
"2026/04/16","ACIGE","PA","AK","US","CONTROLLER","2","Deleted",""
"2026/04/16","ACUNO","K6","VA","US","CONTROLLER","2","Deleted",""
"2026/04/16","AGAST","K3","MO","US","IAP","2","Deleted",""
"2026/04/16","AJAYS","K5","IN","US","CONTROLLER LOW","2","Deleted",""
"2026/04/16","AJAYS","K5","IN","US","ENROUTE LOW","2","Deleted",""
"2026/04/16","AMDEE","K5","MI","US","IAP","2","Deleted",""
"2026/04/16","AMOSE","K5","OH","US","IAP","2","Deleted",""
"2026/04/16","ANARE","K4","OK","US","IAP","2","Deleted",""
"2026/04/16","ANUNE","K7","NC","US","SPECIAL DP","2","Deleted",""
"2026/04/16","ANUNE","K7","NC","US","SPECIAL IAP","2","Deleted",""
"2026/04/16","ARCAD","K5","OH","US","IAP","2","Deleted",""
"2026/04/16","AWJUB","K3","IA","US","IAP","2","Deleted",""
"2026/04/16","AYSHA","K3","IA","US","IAP","2","Deleted",""
"2026/04/16","BAABE","K5","OH","US","IAP","2","Deleted",""
"2026/04/16","BAFEL","K5","OH","US","IAP","2","Deleted",""
"2026/04/16","BAIZA","K5","IN","US","IAP","2","Deleted",""
"2026/04/16","BAKDE","K2","CA","US","SPECIAL DP","2","Deleted",""
"2026/04/16","BAKDE","K2","CA","US","SPECIAL IAP","2","Deleted",""
"2026/04/16","BALEY","K3","MN","US","IAP","2","Deleted",""
"2026/04/16","BAYJY","K2","CA","US","CONTROLLER","2","Deleted",""
"2026/04/16","BEDAY","K5","WI","US","IAP","2","Deleted",""
"2026/04/16","BETAY","K5","MI","US","CONTROLLER LOW","2","Deleted",""
"2026/04/16","BETAY","K5","MI","US","ENROUTE LOW","2","Deleted",""
"2026/04/16","BETAY","K5","MI","US","IAP","2","Deleted",""
"2026/04/16","BLOON","K3","NE","US","IAP","2","Deleted",""
"2026/04/16","BOAGY","K2","UT","US","IAP","2","Deleted",""
"2026/04/16","BOART","K1","WY","US","IAP","2","Deleted",""
"2026/04/16","BOHUW","K5","IN","US","IAP","2","Deleted",""
"2026/04/16","BONVL","K1","OR","US","CONTROLLER","2","Deleted",""
"2026/04/16","BONVL","K1","OR","US","ENROUTE LOW","2","Deleted",""
"2026/04/16","BUCRA","K5","IN","US","IAP","2","Deleted",""
"2026/04/16","BUDPY","K2","NM","US","ENROUTE LOW","2","Deleted",""
"2026/04/16","BUNTS","K6","PA","US","CONTROLLER","2","Deleted",""
"2026/04/16","BURGE","K4","TX","US","IAP","2","Deleted",""
"2026/04/16","BYRNS","K5","IL","US","IAP","2","Deleted",""
"2026/04/16","BZXIV","K1","ID","US","ENROUTE HIGH","2","Deleted",""
"2026/04/16","BZXIV","K1","ID","US","ENROUTE LOW","2","Deleted",""
"2026/04/16","CABIS","K6","PA","US","NOT REQUIRED","2","Deleted",""
"2026/04/16","CADAY","K5","OH","US","IAP","2","Deleted",""
"2026/04/16","CAGYA","K4","LA","US","IAP","2","Deleted",""
"2026/04/16","CAKRO","K4","TX","US","IAP","2","Deleted",""
"2026/04/16","CAMPO","K6","ME","US","IAP","2","Deleted",""
"2026/04/16","CASTA","K2","CA","US","CONTROLLER","2","Deleted",""
"2026/04/16","CASTY","K5","OH","US","IAP","2","Deleted",""
"2026/04/16","CASUP","K4","OK","US","IAP","2","Deleted",""
"2026/04/16","CAVOK","K5","MI","US","IAP","2","Deleted",""
"2026/04/16","CAVOX","K7","NC","US","SPECIAL DP","2","Deleted",""
"2026/04/16","CAVOX","K7","NC","US","SPECIAL IAP","2","Deleted",""
"2026/04/16","CAVRN","K4","TX","US","CONTROLLER","2","Deleted",""
"2026/04/16","CEGUL","K3","MN","US","IAP","2","Deleted",""
"2026/04/16","CEPED","K4","LA","US","IAP","2","Deleted",""
"2026/04/16","CERIN","K6","VA","US","IAP","2","Deleted",""
"2026/04/16","CEXUD","K5","IL","US","IAP","2","Deleted",""
"2026/04/16","CFBCX","K5","OH","US","IAP","2","Deleted",""
"2026/04/16","CFCDM","K5","WI","US","IAP","2","Deleted",""
"2026/04/16","CFDWQ","K6","ME","US","IAP","2","Deleted",""
"2026/04/16","CFDXS","K3","IA","US","IAP","2","Deleted",""
"2026/04/16","CFDZL","K6","ME","US","NOT REQUIRED","2","Deleted",""
"2026/04/16","CFVFZ","K5","IN","US","IAP","2","Deleted",""
"2026/04/16","CHEVY","K4","TX","US","IAP","2","Deleted",""
"2026/04/16","CHEZE","K5","OH","US","IAP","2","Deleted",""
"2026/04/16","CHOWE","K5","OH","US","IAP","2","Deleted",""
"2026/04/16","CIBAY","K3","MN","US","IAP","2","Deleted",""
"2026/04/16","CILSO","K3","MN","US","IAP","2","Deleted",""
"2026/04/16","CINDR","K2","UT","US","IAP","2","Deleted",""
"2026/04/16","CINEN","K4","TX","US","IAP","2","Deleted",""
"2026/04/16","CIPET","K4","LA","US","IAP","2","Deleted",""
"2026/04/16","CIVEG","K4","TX","US","IAP","2","Deleted",""
"2026/04/16","CLIPT","K7","NC","US","SPECIAL DP","2","Deleted",""
"2026/04/16","CLIPT","K7","NC","US","SPECIAL IAP","2","Deleted",""
"2026/04/16","CLOAK","K3","IA","US","IAP","2","Deleted",""
"2026/04/16","COALA","K5","MI","US","IAP","2","Deleted",""
"2026/04/16","COBOS","K3","MN","US","IAP","2","Deleted",""
"2026/04/16","COBUV","K2","CA","US","SPECIAL IAP","2","Deleted",""
"2026/04/16","COCDO","K4","LA","US","IAP","2","Deleted",""
"2026/04/16","COHKU","K5","IL","US","IAP","2","Deleted",""
"2026/04/16","COILD","K6","VT","US","SPECIAL DP","2","Deleted",""
"2026/04/16","COILD","K6","VT","US","SPECIAL IAP","2","Deleted",""
"2026/04/16","COLEN","K5","OH","US","IAP","2","Deleted",""
"2026/04/16","COMOT","K2","CA","US","SPECIAL DP","2","Deleted",""
"2026/04/16","COMOT","K2","CA","US","SPECIAL IAP","2","Deleted",""
"2026/04/16","COMUP","K6","VT","US","SPECIAL IAP","2","Deleted",""
"2026/04/16","CONES","K2","CA","US","CONTROLLER","2","Deleted",""
"2026/04/16","CORKS","K5","MI","US","IAP","2","Deleted",""
"2026/04/16","COXEP","K2","CA","US","SPECIAL IAP","2","Deleted",""
"2026/04/16","CRETE","K5","IN","US","IAP","2","Deleted",""
"2026/04/16","CROOZ","K6","MD","US","IAP","2","Deleted",""
"2026/04/16","CUBEL","K6","VA","US","IAP","2","Deleted",""
"2026/04/16","CUCOO","K3","MO","US","IAP","2","Deleted",""
"2026/04/16","CUDIX","K5","IN","US","SPECIAL IAP","2","Deleted",""
"2026/04/16","CUNON","K3","MO","US","IAP","2","Deleted",""
"2026/04/16","CUSDI","K6","PA","US","NOT REQUIRED","2","Deleted",""
"2026/04/16","CUTUP","K5","MI","US","IAP","2","Deleted",""
"2026/04/16","DACUG","K5","MI","US","IAP","2","Deleted",""
"2026/04/16","DAPAC","K5","WI","US","IAP","2","Deleted",""
"2026/04/16","DARIA","K5","WI","US","IAP","2","Deleted",""
"2026/04/16","DARRT","K6","NH","US","SPECIAL DP","2","Deleted",""
"2026/04/16","DARRT","K6","NH","US","SPECIAL IAP","2","Deleted",""
"2026/04/16","DASHL","K3","SD","US","IAP","2","Deleted",""
"2026/04/16","DELYE","K3","KS","US","IAP","2","Deleted",""
"2026/04/16","DEMSE","K5","KY","US","IAP","2","Deleted",""
"2026/04/16","DILLI","K4","TX","US","CONTROLLER","2","Deleted",""
"2026/04/16","DIMNI","K5","MI","US","IAP","2","Deleted",""
"2026/04/16","DIXBO","K5","MI","US","IAP","2","Deleted",""
"2026/04/16","DMGEZ","K3","MN","US","IAP","2","Deleted",""
"2026/04/16","DMMWT","K3","MN","US","IAP","2","Deleted",""
"2026/04/16","DOBYE","K4","LA","US","IAP","2","Deleted",""
"2026/04/16","DROBB","K3","MN","US","IAP","2","Deleted",""
"2026/04/16","DRUGG","K4","TX","US","IAP","2","Deleted",""
"2026/04/16","DULAC","K1","WY","US","IAP","2","Deleted",""
"2026/04/16","DUMON","K5","KY","US","IAP","2","Deleted",""
"2026/04/16","DUNEE","K6","NY","US","SECTIONAL","2","Deleted",""
"2026/04/16","DUNKI","K5","IN","US","IAP","2","Deleted",""
"2026/04/16","DUNME","K4","LA","US","IAP","2","Deleted",""
"2026/04/16","DURHE","K3","MO","US","IAP","2","Deleted",""
"2026/04/16","DUVEC","K5","OH","US","IAP","2","Deleted",""
"2026/04/16","DYKEE","K2","CA","US","IAP","2","Deleted",""
"2026/04/16","EBNOW","K3","MN","US","IAP","2","Deleted",""
"2026/04/16","ECTOR","K4","TX","US","IAP","2","Deleted",""
"2026/04/16","EGMON","K4","OK","US","IAP","2","Deleted",""
"2026/04/16","EHXIV","K4","TX","US","IAP","2","Deleted",""
"2026/04/16","EKUKS","K4","OK","US","IAP","2","Deleted",""
"2026/04/16","ELKES","K1","OR","US","CONTROLLER","2","Deleted",""
"2026/04/16","EMDEW","K3","ND","US","IAP","2","Deleted",""
"2026/04/16","EMEBY","K3","ND","US","IAP","2","Deleted",""
"2026/04/16","EMPOR","K6","PA","US","IAP","2","Deleted",""
"2026/04/16","EMUPE","K4","LA","US","IAP","2","Deleted",""
"2026/04/16","ENTUR","K4","TX","US","IAP","2","Deleted",""
"2026/04/16","EPICI","K3","KS","US","IAP","2","Deleted",""
"2026/04/16","ERROX","K7","NC","US","SPECIAL DP","2","Deleted",""
"2026/04/16","ERROX","K7","NC","US","SPECIAL IAP","2","Deleted",""
"2026/04/16","ESONE","K5","KY","US","CONTROLLER","2","Deleted",""
"2026/04/16","EUREK","K3","KS","US","IAP","2","Deleted",""
"2026/04/16","EVAPE","K6","VA","US","IAP","2","Deleted",""
"2026/04/16","EWABE","PH","HI","US","CONTROLLER LOW","2","Deleted",""
"2026/04/16","EWABE","PH","HI","US","ENROUTE LOW","2","Deleted",""
"2026/04/16","EWAWI","K5","WI","US","CONTROLLER","2","Deleted",""
"2026/04/16","FAMEX","K6","VA","US","IAP","2","Deleted",""
"2026/04/16","FAMSI","K2","CA","US","SPECIAL IAP","2","Deleted",""
"2026/04/16","FANAB","K5","IN","US","IAP","2","Deleted",""
"2026/04/16","FAVIG","K6","PA","US","SID","2","Deleted",""
"2026/04/16","FAVIG","K6","PA","US","SPECIAL IAP","2","Deleted",""
"2026/04/16","FAXIG","K5","IN","US","ENROUTE LOW","2","Deleted",""
"2026/04/16","FELIT","K5","KY","US","IAP","2","Deleted",""
"2026/04/16","FEVOM","K4","TX","US","CONTROLLER","2","Deleted",""
"2026/04/16","FEVOM","K4","TX","US","IAP","2","Deleted",""
"2026/04/16","FHRST","K6","MD","US","STAR","2","Deleted",""
"2026/04/16","FIDAR","K6","VA","US","IAP","2","Deleted",""
"2026/04/16","FIKIB","K5","MI","US","IAP","2","Deleted",""
"2026/04/16","FILKO","K5","MI","US","IAP","2","Deleted",""
"2026/04/16","FILMA","K4","TX","US","IAP","2","Deleted",""
"2026/04/16","FISBI","K2","AZ","US","IAP","2","Deleted",""
"2026/04/16","FISIX","K5","IL","US","IAP","2","Deleted",""
"2026/04/16","FIVLI","K3","KS","US","IAP","2","Deleted",""
"2026/04/16","FIVMO","K5","OH","US","SPECIAL IAP","2","Deleted",""
"2026/04/16","FIVMU","K5","IN","US","SPECIAL IAP","2","Deleted",""
"2026/04/16","FIVUD","K6","VA","US","IAP","2","Deleted",""
"2026/04/16","FLEAT","K2","CA","US","CONTROLLER","2","Deleted",""
"2026/04/16","FLIED","K5","OH","US","IAP","2","Deleted",""
"2026/04/16","FODAR","K5","MI","US","IAP","2","Deleted",""
"2026/04/16","FOODO","K5","OH","US","NOT REQUIRED","2","Deleted",""
"2026/04/16","FOOTE","K5","IN","US","CONTROLLER LOW","2","Deleted",""
"2026/04/16","FOOTE","K5","IN","US","ENROUTE LOW","2","Deleted",""
"2026/04/16","FOOTE","K5","IN","US","IAP","2","Deleted",""
"2026/04/16","FORRA","K7","FL","US","MILITARY IAP","2","Deleted",""
"2026/04/16","FRYII","K5","MI","US","IAP","2","Deleted",""
"2026/04/16","GARON","K7","AL","US","IAP","2","Deleted",""
"2026/04/16","GEBEC","K2","NM","US","IAP","2","Deleted",""
"2026/04/16","GEBEL","K3","SD","US","IAP","2","Deleted",""
"2026/04/16","GHIIA","K4","LA","US","IAP","2","Deleted",""
"2026/04/16","GILBA","K5","OH","US","IAP","2","Deleted",""
"2026/04/16","GIRSE","K5","OH","US","IAP","2","Deleted",""
"2026/04/16","GODFA","K6","NH","US","SPECIAL DP","2","Deleted",""
"2026/04/16","GODFA","K6","NH","US","SPECIAL IAP","2","Deleted",""
"2026/04/16","GOKKE","K4","LA","US","IAP","2","Deleted",""
"2026/04/16","GOMER","K4","TX","US","CONTROLLER","2","Deleted",""
"2026/04/16","GOPLY","K4","TX","US","IAP","2","Deleted",""
"2026/04/16","GOTHE","K3","MN","US","CONTROLLER","2","Deleted",""
"2026/04/16","GOVEC","K4","TX","US","IAP","2","Deleted",""
"2026/04/16","GROVY","K3","MN","US","IAP","2","Deleted",""
"2026/04/16","HADGI","K5","IL","US","IAP","2","Deleted",""
"2026/04/16","HAKRE","K3","SD","US","IAP","2","Deleted",""
"2026/04/16","HAMKI","K6","VA","US","IAP","2","Deleted",""
"2026/04/16","HARAN","K3","KS","US","CONTROLLER","2","Deleted",""
"2026/04/16","HARTZ","K5","MI","US","IAP","2","Deleted",""
"2026/04/16","HAUWK","K4","LA","US","IAP","2","Deleted",""
"2026/04/16","HAVAK","K4","OK","US","CONTROLLER","2","Deleted",""
"2026/04/16","HAZKU","K5","IN","US","IAP","2","Deleted",""
"2026/04/16","HEIST","K5","MI","US","IAP","2","Deleted",""
"2026/04/16","HEKOS","K5","OH","US","SPECIAL IAP","2","Deleted",""
"2026/04/16","HELBA","K6","VA","US","IAP","2","Deleted",""
"2026/04/16","HELOW","K5","IN","US","IAP","2","Deleted",""
"2026/04/16","HEPVA","K3","KS","US","IAP","2","Deleted",""
"2026/04/16","HESLO","K6","VA","US","IAP","2","Deleted",""
"2026/04/16","HEVNA","K2","CA","US","SPECIAL IAP","2","Deleted",""
"2026/04/16","HIBAT","K5","IN","US","SID","2","Deleted",""
"2026/04/16","HIBAT","K5","IN","US","SPECIAL IAP","2","Deleted",""
"2026/04/16","HICNY","K4","LA","US","IAP","2","Deleted",""
"2026/04/16","HIGDA","K1","WA","US","CONTROLLER","2","Deleted",""
"2026/04/16","HINES","K5","OH","US","CONTROLLER LOW","2","Deleted",""
"2026/04/16","HINES","K5","OH","US","ENROUTE LOW","2","Deleted",""
"2026/04/16","HIRUV","K2","CA","US","CONTROLLER","2","Deleted",""
"2026/04/16","HIVAX","K5","IN","US","IAP","2","Deleted",""
"2026/04/16","HIWAY","K5","IN","US","IAP","2","Deleted",""
"2026/04/16","HOGSI","K2","CA","US","SPECIAL IAP","2","Deleted",""
"2026/04/16","HOKOP","K2","CA","US","SPECIAL IAP","2","Deleted",""
"2026/04/16","HOLYO","K2","CO","US","CONTROLLER","2","Deleted",""
"2026/04/16","HORBL","K2","CA","US","SPECIAL IAP","2","Deleted",""
"2026/04/16","HOUSR","K5","OH","US","IAP","2","Deleted",""
"2026/04/16","HUDDS","K3","MN","US","IAP","2","Deleted",""
"2026/04/16","HUGUN","K2","AZ","US","IAP","2","Deleted",""
"2026/04/16","HUTIT","K7","AL","US","IAP","2","Deleted",""
"2026/04/16","IDOHY","K4","OK","US","IAP","2","Deleted",""
"2026/04/16","IKABE","K3","MN","US","IAP","2","Deleted",""
"2026/04/16","INDEP","K7","TN","US","IAP","2","Deleted",""
"2026/04/16","INDOO","K4","TX","US","CONTROLLER LOW","2","Deleted",""
"2026/04/16","INDOO","K4","TX","US","ENROUTE LOW","2","Deleted",""
"2026/04/16","INDOO","K4","TX","US","IAP","2","Deleted",""
"2026/04/16","INILE","K5","WI","US","IAP","2","Deleted",""
"2026/04/16","IVUPE","K2","CA","US","SPECIAL IAP","2","Deleted",""
"2026/04/16","IYABU","K2","CA","US","SPECIAL IAP","2","Deleted",""
"2026/04/16","IZANO","K4","AR","US","IAP","2","Deleted",""
"2026/04/16","JABOS","K1","WY","US","IAP","2","Deleted",""
"2026/04/16","JADEX","K6","VA","US","IAP","2","Deleted",""
"2026/04/16","JALEB","K2","NM","US","ENROUTE LOW","2","Deleted",""
"2026/04/16","JALEB","K2","NM","US","IAP","2","Deleted",""
"2026/04/16","JAMMS","K3","IA","US","IAP","2","Deleted",""
"2026/04/16","JAMOM","K5","OH","US","SPECIAL IAP","2","Deleted",""
"2026/04/16","JANEE","K5","OH","US","IAP","2","Deleted",""
"2026/04/16","JANLO","K5","OH","US","SPECIAL IAP","2","Deleted",""
"2026/04/16","JARAM","K5","KY","US","CONTROLLER","2","Deleted",""
"2026/04/16","JARAM","K5","KY","US","IAP","2","Deleted",""
"2026/04/16","JAROT","K5","IN","US","IAP","2","Deleted",""
"2026/04/16","JATAV","K7","GA","US","IAP","2","Deleted",""
"2026/04/16","JEBAT","K6","VA","US","IAP","2","Deleted",""
"2026/04/16","JEDOK","K2","CA","US","SPECIAL IAP","2","Deleted",""
"2026/04/16","JEDRI","K5","OH","US","IAP","2","Deleted",""
"2026/04/16","JEGUP","K3","MN","US","IAP","2","Deleted",""
"2026/04/16","JEKUM","K5","IN","US","SPECIAL IAP","2","Deleted",""
"2026/04/16","JELBI","K4","LA","US","IAP","2","Deleted",""
"2026/04/16","JERNU","K5","IL","US","IAP","2","Deleted",""
"2026/04/16","JESSI","PH","HI","US","MILITARY IAP","2","Deleted",""
"2026/04/16","JETIX","K6","CT","US","MILITARY IAP","2","Deleted",""
"2026/04/16","JEVGA","K6","VA","US","IAP","2","Deleted",""
"2026/04/16","JEXIR","K3","MN","US","IAP","2","Deleted",""
"2026/04/16","JIMMY","K6","VA","US","IAP","2","Deleted",""
"2026/04/16","JIMOB","K5","WI","US","IAP","2","Deleted",""
"2026/04/16","JITOB","K3","MN","US","IAP","2","Deleted",""
"2026/04/16","JOBAX","K3","MO","US","IAP","2","Deleted",""
"2026/04/16","JOGPU","K3","MO","US","IAP","2","Deleted",""
"2026/04/16","JOLLY","K4","TX","US","IAP","2","Deleted",""
"2026/04/16","JOLVU","K5","IN","US","CONTROLLER","2","Deleted",""
"2026/04/16","JOLVU","K5","IN","US","ENROUTE LOW","2","Deleted",""
"2026/04/16","JOLVU","K5","IN","US","IAP","2","Deleted",""
"2026/04/16","JOTED","K2","AZ","US","IAP","2","Deleted",""
"2026/04/16","JOVAR","K5","IL","US","CONTROLLER","2","Deleted",""
"2026/04/16","JOVIR","K3","MN","US","IAP","2","Deleted",""
"2026/04/16","JUGUD","K4","TX","US","CONTROLLER","2","Deleted",""
"2026/04/16","JUGUD","K4","TX","US","IAP","2","Deleted",""
"2026/04/16","JULBU","K3","MN","US","IAP","2","Deleted",""
"2026/04/16","JWASH","K6","MD","US","IAP","2","Deleted",""
"2026/04/16","KATTO","K3","MN","US","IAP","2","Deleted",""
"2026/04/16","KEBDE","K1","WY","US","IAP","2","Deleted",""
"2026/04/16","KEDLE","K5","KY","US","CONTROLLER LOW","2","Deleted",""
"2026/04/16","KEDLE","K5","KY","US","ENROUTE LOW","2","Deleted",""
"2026/04/16","KEDLE","K5","KY","US","IAP","2","Deleted",""
"2026/04/16","KEHFY","K2","NM","US","ENROUTE LOW","2","Deleted",""
"2026/04/16","KEHFY","K2","NM","US","IAP","2","Deleted",""
"2026/04/16","KENDE","K3","MN","US","IAP","2","Deleted",""
"2026/04/16","KENEC","K3","KS","US","CONTROLLER","2","Deleted",""
"2026/04/16","KEYED","K6","NY","US","SECTIONAL","2","Deleted",""
"2026/04/16","KEYLE","K3","KS","US","IAP","2","Deleted",""
"2026/04/16","KIKKE","K4","TX","US","IAP","2","Deleted",""
"2026/04/16","KLYNE","K5","OH","US","CONTROLLER","2","Deleted",""
"2026/04/16","KRAMS","K4","AR","US","CONTROLLER LOW","2","Deleted",""
"2026/04/16","KRAMS","K4","AR","US","ENROUTE LOW","2","Deleted",""
"2026/04/16","KUDDO","K3","KS","US","IAP","2","Deleted",""
"2026/04/16","KUDIC","K3","KS","US","IAP","2","Deleted",""
"2026/04/16","KUKGE","K3","MN","US","IAP","2","Deleted",""
"2026/04/16","LANIC","K2","NM","US","CONTROLLER","2","Deleted",""
"2026/04/16","LASYO","K4","LA","US","CONTROLLER","2","Deleted",""
"2026/04/16","LEASE","K6","MD","US","IAP","2","Deleted",""
"2026/04/16","LECIV","K4","LA","US","IAP","2","Deleted",""
"2026/04/16","LEKBE","K3","ND","US","IAP","2","Deleted",""
"2026/04/16","LEVEL","K4","OK","US","IAP","2","Deleted",""
"2026/04/16","LINCY","K5","IN","US","IAP","2","Deleted",""
"2026/04/16","LINCY","K5","IN","US","MILITARY IAP","2","Deleted",""
"2026/04/16","LINZZ","K5","OH","US","CONTROLLER LOW","2","Deleted",""
"2026/04/16","LINZZ","K5","OH","US","ENROUTE LOW","2","Deleted",""
"2026/04/16","LISSI","K5","WI","US","IAP","2","Deleted",""
"2026/04/16","LOINS","K3","IA","US","IAP","2","Deleted",""
"2026/04/16","LUDVG","K7","NC","US","SPECIAL IAP","2","Deleted",""
"2026/04/16","LUFFS","K4","LA","US","CONTROLLER","2","Deleted",""
"2026/04/16","LUFSY","K6","VA","US","CONTROLLER","2","Deleted",""
"2026/04/16","LUKCO","K3","MN","US","IAP","2","Deleted",""
"2026/04/16","LUYIB","K3","MN","US","IAP","2","Deleted",""
"2026/04/16","LYHNE","K4","TX","US","IAP","2","Deleted",""
"2026/04/16","MABEH","K5","MI","US","IAP","2","Deleted",""
"2026/04/16","MABGY","K3","MN","US","IAP","2","Deleted",""
"2026/04/16","MABTE","K5","MI","US","IAP","2","Deleted",""
"2026/04/16","MACCY","K5","OH","US","IAP","2","Deleted",""
"2026/04/16","MACEP","K3","MO","US","IAP","2","Deleted",""
"2026/04/16","MACHE","TJ","PR","US","MILITARY IAP","2","Deleted",""
"2026/04/16","MACJE","K2","AZ","US","IAP","2","Deleted",""
"2026/04/16","MACVE","K7","MS","US","IAP","2","Deleted",""
"2026/04/16","MADBE","K5","MI","US","IAP","2","Deleted",""
"2026/04/16","MADGE","K4","OK","US","IAP","2","Deleted",""
"2026/04/16","MADYA","K3","MN","US","IAP","2","Deleted",""
"2026/04/16","MAFAX","K3","MO","US","IAP","2","Deleted",""
"2026/04/16","MAFDY","K4","LA","US","IAP","2","Deleted",""
"2026/04/16","MAFJA","K3","MO","US","IAP","2","Deleted",""
"2026/04/16","MAFWI","K5","WI","US","IAP","2","Deleted",""
"2026/04/16","MAGOW","K7","TN","US","IAP","2","Deleted",""
"2026/04/16","MAHFI","K4","TX","US","IAP","2","Deleted",""
"2026/04/16","MAHIW","K3","IA","US","IAP","2","Deleted",""
"2026/04/16","MAHLA","K4","TX","US","IAP","2","Deleted",""
"2026/04/16","MAJAK","K4","LA","US","IAP","2","Deleted",""
"2026/04/16","MAJLO","K4","TX","US","IAP","2","Deleted",""
"2026/04/16","MAJLY","K6","NY","US","IAP","2","Deleted",""
"2026/04/16","MALDS","K5","WI","US","IAP","2","Deleted",""
"2026/04/16","MALKS","K3","MN","US","IAP","2","Deleted",""
"2026/04/16","MALNC","K3","KS","US","IAP","2","Deleted",""
"2026/04/16","MALYS","K3","MO","US","IAP","2","Deleted",""
"2026/04/16","MANGK","K3","KS","US","IAP","2","Deleted",""
"2026/04/16","MARNY","K5","KY","US","IAP","2","Deleted",""
"2026/04/16","MASWE","K3","MN","US","CONTROLLER","2","Deleted",""
"2026/04/16","MASZU","K3","MO","US","IAP","2","Deleted",""
"2026/04/16","MATEC","K3","MN","US","CONTROLLER","2","Deleted",""
"2026/04/16","MAUDY","K6","MD","US","IAP","2","Deleted",""
"2026/04/16","MAXIE","K3","IA","US","IAP","2","Deleted",""
"2026/04/16","MAZDA","K2","AZ","US","CONTROLLER","2","Deleted",""
"2026/04/16","MAZDA","K2","AZ","US","IAP","2","Deleted",""
"2026/04/16","MAZPI","K3","MN","US","IAP","2","Deleted",""
"2026/04/16","MBEMA","K6","VT","US","SPECIAL DP","2","Deleted",""
"2026/04/16","MBEMA","K6","VT","US","SPECIAL IAP","2","Deleted",""
"2026/04/16","MCKEN","K1","WA","US","CONTROLLER","2","Deleted",""
"2026/04/16","MEBGY","K3","MN","US","ENROUTE LOW","2","Deleted",""
"2026/04/16","MEBGY","K3","MN","US","IAP","2","Deleted",""
"2026/04/16","MELLL","K3","MN","US","IAP","2","Deleted",""
"2026/04/16","MIGDE","K4","TX","US","IAP","2","Deleted",""
"2026/04/16","MIKLE","K4","LA","US","CONTROLLER","2","Deleted",""
"2026/04/16","MIMGE","K2","CA","US","SPECIAL DP","2","Deleted",""
"2026/04/16","MIMGE","K2","CA","US","SPECIAL IAP","2","Deleted",""
"2026/04/16","MINIE","K6","VA","US","IAP","2","Deleted",""
"2026/04/16","MIRGE","K5","IN","US","SID","2","Deleted",""
"2026/04/16","MIRGE","K5","IN","US","SPECIAL IAP","2","Deleted",""
"2026/04/16","MODGE","K3","KS","US","IAP","2","Deleted",""
"2026/04/16","MOGYU","K3","MO","US","IAP","2","Deleted",""
"2026/04/16","MOHLR","K6","WV","US","IAP","2","Deleted",""
"2026/04/16","MOJOB","K3","MO","US","IAP","2","Deleted",""
"2026/04/16","MOPSE","K2","NM","US","CONTROLLER","2","Deleted",""
"2026/04/16","MOZZI","K6","VT","US","SPECIAL DP","2","Deleted",""
"2026/04/16","MOZZI","K6","VT","US","SPECIAL IAP","2","Deleted",""
"2026/04/16","MRION","K6","MD","US","IAP","2","Deleted",""
"2026/04/16","MUJRI","K5","IL","US","IAP","2","Deleted",""
"2026/04/16","MUMOE","K5","KY","US","IAP","2","Deleted",""
"2026/04/16","MURLY","K3","MO","US","IAP","2","Deleted",""
"2026/04/16","MURTE","K3","MO","US","IAP","2","Deleted",""
"2026/04/16","NALNE","K3","ND","US","IAP","2","Deleted",""
"2026/04/16","NEEBO","K2","UT","US","STAR","2","Deleted",""
"2026/04/16","NOFSU","K5","IL","US","IAP","2","Deleted",""
"2026/04/16","NOTTA","K4","LA","US","IAP","2","Deleted",""
"2026/04/16","NUKTY","K4","TX","US","IAP","2","Deleted",""
"2026/04/16","NUPDE","K3","MO","US","IAP","2","Deleted",""
"2026/04/16","NUPKE","K4","AR","US","IAP","2","Deleted",""
"2026/04/16","NUTTE","K7","MS","US","IAP","2","Deleted",""
"2026/04/16","NVRTL","K5","OH","US","IAP","2","Deleted",""
"2026/04/16","OBEGE","K5","MI","US","IAP","2","Deleted",""
"2026/04/16","OJACE","K5","OH","US","IAP","2","Deleted",""
"2026/04/16","OLMEC","K3","MN","US","IAP","2","Deleted",""
"2026/04/16","OPCAW","K3","MN","US","IAP","2","Deleted",""
"2026/04/16","OPJIM","K3","SD","US","IAP","2","Deleted",""
"2026/04/16","OQOSE","K5","IL","US","IAP","2","Deleted",""
"2026/04/16","ORJIG","K3","MO","US","IAP","2","Deleted",""
"2026/04/16","OSIXE","K5","IN","US","SPECIAL IAP","2","Deleted",""
"2026/04/16","OTAPE","K5","KY","US","IAP","2","Deleted",""
"2026/04/16","OTREE","K5","MI","US","IAP","2","Deleted",""
"2026/04/16","OWUKU","K4","TX","US","IAP","2","Deleted",""
"2026/04/16","OWUPO","K4","TX","US","CONTROLLER","2","Deleted",""
"2026/04/16","OWUPO","K4","TX","US","IAP","2","Deleted",""
"2026/04/16","OWWOM","K3","MO","US","IAP","2","Deleted",""
"2026/04/16","OWXEM","K3","MO","US","IAP","2","Deleted",""
"2026/04/16","OWYOS","K3","IA","US","IAP","2","Deleted",""
"2026/04/16","OXAGY","K3","MO","US","IAP","2","Deleted",""
"2026/04/16","OXAKY","K4","TX","US","CONTROLLER LOW","2","Deleted",""
"2026/04/16","OXAKY","K4","TX","US","ENROUTE LOW","2","Deleted",""
"2026/04/16","OXAKY","K4","TX","US","IAP","2","Deleted",""
"2026/04/16","OYOFY","K3","MO","US","IAP","2","Deleted",""
"2026/04/16","OZORA","K3","MO","US","IAP","2","Deleted",""
"2026/04/16","PACTS","K4","AR","US","IAP","2","Deleted",""
"2026/04/16","PAFEL","K2","AZ","US","IAP","2","Deleted",""
"2026/04/16","PATIO","K2","UT","US","CONTROLLER","2","Deleted",""
"2026/04/16","PEAJY","K6","VT","US","SPECIAL IAP","2","Deleted",""
"2026/04/16","PEGTE","K7","NC","US","CONTROLLER","2","Deleted",""
"2026/04/16","PEGTE","K7","NC","US","ENROUTE LOW","2","Deleted",""
"2026/04/16","PEPVY","K5","WI","US","CONTROLLER","2","Deleted",""
"2026/04/16","PEPVY","K5","WI","US","IAP","2","Deleted",""
"2026/04/16","PERLE","K5","IN","US","IAP","2","Deleted",""
"2026/04/16","PERRL","K2","AZ","US","IAP","2","Deleted",""
"2026/04/16","PEWLE","K5","WI","US","CONTROLLER","2","Deleted",""
"2026/04/16","PEWLE","K5","WI","US","IAP","2","Deleted",""
"2026/04/16","PICHO","K2","UT","US","CONTROLLER","2","Deleted",""
"2026/04/16","PIDPE","K2","CA","US","SPECIAL IAP","2","Deleted",""
"2026/04/16","PIKEN","K4","LA","US","IAP","2","Deleted",""
"2026/04/16","PIVPE","K2","UT","US","IAP","2","Deleted",""
"2026/04/16","PLADD","K3","MO","US","CONTROLLER","2","Deleted",""
"2026/04/16","POCIG","K3","ND","US","ENROUTE LOW","2","Deleted",""
"2026/04/16","POCIG","K3","ND","US","IAP","2","Deleted",""
"2026/04/16","POTOY","K3","MN","US","IAP","2","Deleted",""
"2026/04/16","POXKU","K2","CA","US","CONTROLLER","2","Deleted",""
"2026/04/16","POYIS","K4","LA","US","IAP","2","Deleted",""
"2026/04/16","PTATO","K5","OH","US","IAP","2","Deleted",""
"2026/04/16","PURBE","K5","OH","US","IAP","2","Deleted",""
"2026/04/16","QUOTA","K5","IL","US","IAP","2","Deleted",""
"2026/04/16","RABOY","K2","AZ","US","IAP","2","Deleted",""
"2026/04/16","RAGUE","K5","KY","US","IAP","2","Deleted",""
"2026/04/16","RANOY","K2","NM","US","IAP","2","Deleted",""
"2026/04/16","REBUT","K5","OH","US","IAP","2","Deleted",""
"2026/04/16","REDDS","K3","MN","US","IAP","2","Deleted",""
"2026/04/16","REDKE","K5","IN","US","CONTROLLER","2","Deleted",""
"2026/04/16","REDKE","K5","IN","US","ENROUTE LOW","2","Deleted",""
"2026/04/16","REDKE","K5","IN","US","IAP","2","Deleted",""
"2026/04/16","RFOUR","K4","TX","US","ENROUTE LOW","2","Deleted",""
"2026/04/16","RFOUR","K4","TX","US","IAP","2","Deleted",""
"2026/04/16","RHEUM","K6","NH","US","SPECIAL DP","2","Deleted",""
"2026/04/16","RHEUM","K6","NH","US","SPECIAL IAP","2","Deleted",""
"2026/04/16","RIBVE","K6","WV","US","IAP","2","Deleted",""
"2026/04/16","RICED","K6","NY","US","SECTIONAL","2","Deleted",""
"2026/04/16","RIIPR","K1","WY","US","CONTROLLER LOW","2","Deleted",""
"2026/04/16","RIIPR","K1","WY","US","ENROUTE LOW","2","Deleted",""
"2026/04/16","RIIPR","K1","WY","US","IAP","2","Deleted",""
"2026/04/16","RILLY","K5","IN","US","IAP","2","Deleted",""
"2026/04/16","RISEE","K5","MI","US","IAP","2","Deleted",""
"2026/04/16","ROBOW","K5","IN","US","IAP","2","Deleted",""
"2026/04/16","ROOSE","K2","CA","US","IAP","2","Deleted",""
"2026/04/16","ROSKY","K5","WI","US","IAP","2","Deleted",""
"2026/04/16","RRICH","K2","UT","US","STAR","2","Deleted",""
"2026/04/16","RUNYO","K3","ND","US","ENROUTE LOW","2","Deleted",""
"2026/04/16","RUNYO","K3","ND","US","IAP","2","Deleted",""
"2026/04/16","RUSIA","K5","OH","US","CONTROLLER LOW","2","Deleted",""
"2026/04/16","RUSIA","K5","OH","US","ENROUTE LOW","2","Deleted",""
"2026/04/16","RUSIA","K5","OH","US","IAP","2","Deleted",""
"2026/04/16","RUYBO","K5","WI","US","ENROUTE LOW","2","Deleted",""
"2026/04/16","RUYBO","K5","WI","US","IAP","2","Deleted",""
"2026/04/16","SADEN","K3","MO","US","CONTROLLER","2","Deleted",""
"2026/04/16","SAKOY","K2","AZ","US","IAP","2","Deleted",""
"2026/04/16","SALIM","K5","IN","US","IAP","2","Deleted",""
"2026/04/16","SALTA","K2","UT","US","AREA","2","Deleted",""
"2026/04/16","SEZER","K3","KS","US","IAP","2","Deleted",""
"2026/04/16","SHEAF","K1","WY","US","IAP","2","Deleted",""
"2026/04/16","SHEFF","K2","AZ","US","IAP","2","Deleted",""
"2026/04/16","SHIRN","K3","IA","US","IAP","2","Deleted",""
"2026/04/16","SICOT","K5","IL","US","IAP","2","Deleted",""
"2026/04/16","SIKAE","K4","OK","US","IAP","2","Deleted",""
"2026/04/16","SKEAT","K5","IN","US","IAP","2","Deleted",""
"2026/04/16","SKYLA","K4","TX","US","IAP","2","Deleted",""
"2026/04/16","SLUGR","K5","WI","US","IAP","2","Deleted",""
"2026/04/16","SOAPS","K2","NM","US","IAP","2","Deleted",""
"2026/04/16","SOCCA","K3","KS","US","IAP","2","Deleted",""
"2026/04/16","SOCSI","K3","MN","US","IAP","2","Deleted",""
"2026/04/16","SOMEY","K3","KS","US","IAP","2","Deleted",""
"2026/04/16","SPOOL","K5","OH","US","CONTROLLER","2","Deleted",""
"2026/04/16","SPWAY","K4","TX","US","IAP","2","Deleted",""
"2026/04/16","STUEE","K4","LA","US","IAP","2","Deleted",""
"2026/04/16","STUNK","K5","OH","US","NOT REQUIRED","2","Deleted",""
"2026/04/16","SWTHN","K1","MT","US","CONTROLLER HIGH","2","Deleted",""
"2026/04/16","SWTHN","K1","MT","US","ENROUTE HIGH","2","Deleted",""
"2026/04/16","SYSTR","K4","LA","US","IAP","2","Deleted",""
"2026/04/16","TABLL","K2","UT","US","CONTROLLER","2","Deleted",""
"2026/04/16","TAKBE","K1","WY","US","IAP","2","Deleted",""
"2026/04/16","TASUE","K5","IL","US","IAP","2","Deleted",""
"2026/04/16","TENIS","K6","PA","US","IAP","2","Deleted",""
"2026/04/16","TEPUE","K5","WI","US","IAP","2","Deleted",""
"2026/04/16","THUMP","K7","FL","US","ENROUTE HIGH","2","Deleted",""
"2026/04/16","THUMP","K7","FL","US","ENROUTE LOW","2","Deleted",""
"2026/04/16","TIRED","K7","MS","US","IAP","2","Deleted",""
"2026/04/16","TOOTR","K1","WY","US","CONTROLLER LOW","2","Deleted",""
"2026/04/16","TOOTR","K1","WY","US","ENROUTE LOW","2","Deleted",""
"2026/04/16","TOOTR","K1","WY","US","IAP","2","Deleted",""
"2026/04/16","TRAVE","K2","NM","US","IAP","2","Deleted",""
"2026/04/16","TREAL","K7","SC","US","CONTROLLER HIGH","2","Deleted",""
"2026/04/16","TREAL","K7","SC","US","CONTROLLER LOW","2","Deleted",""
"2026/04/16","TREAL","K7","SC","US","ENROUTE HIGH","2","Deleted",""
"2026/04/16","TREAL","K7","SC","US","SID","2","Deleted",""
"2026/04/16","TROIS","K3","MN","US","IAP","2","Deleted",""
"2026/04/16","TRONA","K3","ND","US","IAP","2","Deleted",""
"2026/04/16","TROUP","K4","TX","US","IAP","2","Deleted",""
"2026/04/16","UCEGA","K5","WI","US","ENROUTE LOW","2","Deleted",""
"2026/04/16","UCEGA","K5","WI","US","IAP","2","Deleted",""
"2026/04/16","UFJUV","K5","IL","US","CONTROLLER LOW","2","Deleted",""
"2026/04/16","UFJUV","K5","IL","US","ENROUTE LOW","2","Deleted",""
"2026/04/16","UFJUV","K5","IL","US","IAP","2","Deleted",""
"2026/04/16","UINTA","K2","UT","US","STAR","2","Deleted",""
"2026/04/16","UNITS","K6","NY","US","IAP","2","Deleted",""
"2026/04/16","URICH","K6","VT","US","SPECIAL DP","2","Deleted",""
"2026/04/16","URICH","K6","VT","US","SPECIAL IAP","2","Deleted",""
"2026/04/16","UYUJA","K3","MO","US","IAP","2","Deleted",""
"2026/04/16","UZSIJ","K3","IA","US","IAP","2","Deleted",""
"2026/04/16","VALLS","K4","AR","US","CONTROLLER LOW","2","Deleted",""
"2026/04/16","VALLS","K4","AR","US","ENROUTE LOW","2","Deleted",""
"2026/04/16","VERSI","K6","WV","US","CONTROLLER","2","Deleted",""
"2026/04/16","WABLA","K5","IN","US","IAP","2","Deleted",""
"2026/04/16","WADOD","K5","OH","US","SPECIAL IAP","2","Deleted",""
"2026/04/16","WAGPO","K4","LA","US","CONTROLLER","2","Deleted",""
"2026/04/16","WANDY","K3","KS","US","IAP","2","Deleted",""
"2026/04/16","WARNE","K2","CA","US","CONTROLLER","2","Deleted",""
"2026/04/16","WEBIS","K4","AR","US","IAP","2","Deleted",""
"2026/04/16","WEKED","K7","GA","US","IAP","2","Deleted",""
"2026/04/16","WETIX","K4","OK","US","CONTROLLER","2","Deleted",""
"2026/04/16","WGNER","K5","IN","US","CONTROLLER","2","Deleted",""
"2026/04/16","WHOSE","K4","TX","US","ENROUTE LOW","2","Deleted",""
"2026/04/16","WHOSE","K4","TX","US","IAP","2","Deleted",""
"2026/04/16","WIBOP","K1","WY","US","IAP","2","Deleted",""
"2026/04/16","WIMTU","K6","PA","US","SID","2","Deleted",""
"2026/04/16","WIMTU","K6","PA","US","SPECIAL IAP","2","Deleted",""
"2026/04/16","WIRUV","K3","MN","US","IAP","2","Deleted",""
"2026/04/16","WISOT","K4","TX","US","IAP","2","Deleted",""
"2026/04/16","WISVU","K2","CA","US","SPECIAL IAP","2","Deleted",""
"2026/04/16","WOGUB","K6","PA","US","NOT REQUIRED","2","Deleted",""
"2026/04/16","WOKAX","K5","OH","US","IAP","2","Deleted",""
"2026/04/16","WUBIN","K3","KS","US","IAP","2","Deleted",""
"2026/04/16","WUGTU","K6","PA","US","SID","2","Deleted",""
"2026/04/16","WUGTU","K6","PA","US","SPECIAL IAP","2","Deleted",""
"2026/04/16","WUMKU","K4","LA","US","IAP","2","Deleted",""
"2026/04/16","WYLEY","K3","MO","US","IAP","2","Deleted",""
"2026/04/16","YABUY","K3","IA","US","CONTROLLER LOW","2","Deleted",""
"2026/04/16","YABUY","K3","IA","US","ENROUTE LOW","2","Deleted",""
"2026/04/16","YABUY","K3","IA","US","IAP","2","Deleted",""
"2026/04/16","YICYU","K2","UT","US","IAP","2","Deleted",""
"2026/04/16","YIGUT","K5","IL","US","IAP","2","Deleted",""
"2026/04/16","YILUC","K5","IN","US","MILITARY IAP","2","Deleted",""
"2026/04/16","YOPUR","K4","TX","US","IAP","2","Deleted",""
"2026/04/16","YORUS","TJ","PR","US","STAR","2","Deleted",""
"2026/04/16","YUTAN","K3","NE","US","CONTROLLER","2","Deleted",""
"2026/04/16","ZABMO","K1","WY","US","IAP","2","Deleted",""
"2026/04/16","ZABTI","K2","CA","US","SPECIAL IAP","2","Deleted",""
"2026/04/16","ZAKAD","K3","KS","US","IAP","2","Deleted",""
"2026/04/16","ZAKEP","K4","TX","US","IAP","2","Deleted",""
"2026/04/16","ZAMMA","K6","VT","US","SPECIAL IAP","2","Deleted",""
"2026/04/16","ZANAP","K5","OH","US","IAP","2","Deleted",""
"2026/04/16","ZASEG","K3","MN","US","IAP","2","Deleted",""
"2026/04/16","ZASIG","K2","AZ","US","IAP","2","Deleted",""
"2026/04/16","ZEBTI","K2","CA","US","SPECIAL IAP","2","Deleted",""
"2026/04/16","ZEDAK","K3","MO","US","IAP","2","Deleted",""
"2026/04/16","ZEGRI","K3","IA","US","IAP","2","Deleted",""
"2026/04/16","ZEKAP","K2","AZ","US","IAP","2","Deleted",""
"2026/04/16","ZELEB","K4","AR","US","IAP","2","Deleted",""
"2026/04/16","ZESRU","K5","OH","US","IAP","2","Deleted",""
"2026/04/16","ZESUP","K2","AZ","US","IAP","2","Deleted",""
"2026/04/16","ZILDI","K7","AL","US","IAP","2","Deleted",""
"2026/04/16","ZILOD","K2","UT","US","IAP","2","Deleted",""
"2026/04/16","ZOEYY","K6","MD","US","STAR","2","Deleted",""
"2026/04/16","ZOGEV","K3","MN","US","IAP","2","Deleted",""
"2026/04/16","ZONAP","K4","TX","US","IAP","2","Deleted",""
"2026/04/16","ZOSKI","K3","MO","US","IAP","2","Deleted",""
"2026/04/16","ZUBOD","K2","AZ","US","IAP","2","Deleted",""
"2026/04/16","ZUDNO","PA","AK","US","CONTROLLER","2","Deleted",""
"2026/04/16","ZUMOV","K6","PA","US","NOT REQUIRED","2","Deleted",""
"2026/04/16","ZUNMU","K3","IA","US","IAP","2","Deleted",""
"2026/04/16","ZURNA","K1","WY","US","CONTROLLER","2","Deleted",""
"2026/05/14","ACETN","K1","WY","US","CONTROLLER LOW","2","Added",""
"2026/05/14","ACETN","K1","WY","US","IAP","2","Added",""
"2026/05/14","ACIGE","PA","AK","US","CONTROLLER LOW","2","Added",""
"2026/05/14","ACIGE","PA","AK","US","SPECIAL IAP","2","Added",""
"2026/05/14","ACWUR","K3","ND","US","IAP","2","Added",""
"2026/05/14","ADUMS","K5","IN","US","IAP","2","Added",""
"2026/05/14","AFFAC","K3","ND","US","IAP","2","Added",""
"2026/05/14","AFWAV","K3","ND","US","IAP","2","Added",""
"2026/05/14","AGELE","K3","ND","US","IAP","2","Added",""
"2026/05/14","AGINE","K3","ND","US","IAP","2","Added",""
"2026/05/14","ALIIN","K2","AZ","US","CONTROLLER HIGH","2","Added",""
"2026/05/14","ALIIN","K2","AZ","US","CONTROLLER LOW","2","Added",""
"2026/05/14","ALMAZ","K5","IN","US","IAP","2","Added",""
"2026/05/14","AMRMM","PA","AK","US","NOT REQUIRED","2","Added",""
"2026/05/14","ANDOE","K3","MN","US","MILITARY IAP","2","Added",""
"2026/05/14","ANMAY","K5","IN","US","IAP","2","Added",""
"2026/05/14","APPEY","K7","NC","US","SPECIAL DP","2","Added",""
"2026/05/14","APPEY","K7","NC","US","SPECIAL IAP","2","Added",""
"2026/05/14","ARCAD","K5","OH","US","NOT REQUIRED","2","Added",""
"2026/05/14","ASHLE","K4","OK","US","IAP","2","Added",""
"2026/05/14","ASHLI","K1","MT","US","CONTROLLER LOW","2","Added",""
"2026/05/14","AWISA","K6","PA","US","CONTROLLER LOW","2","Added",""
"2026/05/14","BARWS","PA","AK","US","SPECIAL IAP","2","Added",""
"2026/05/14","BASON","K1","WY","US","CONTROLLER LOW","2","Added",""
"2026/05/14","BASON","K1","WY","US","IAP","2","Added",""
"2026/05/14","BATRR","PA","AK","US","NOT REQUIRED","2","Added",""
"2026/05/14","BAYJY","K2","CA","US","CONTROLLER LOW","2","Added",""
"2026/05/14","BDOCK","K5","OH","US","CONTROLLER LOW","2","Added",""
"2026/05/14","BDOCK","K5","OH","US","ENROUTE LOW","2","Added",""
"2026/05/14","BEDNE","PA","AK","US","SPECIAL IAP","2","Added",""
"2026/05/14","BEEDS","K4","LA","US","STAR","2","Added",""
"2026/05/14","BISSL","PA","AK","US","SPECIAL IAP","2","Added",""
"2026/05/14","BISTE","K7","NC","US","SPECIAL IAP","2","Added",""
"2026/05/14","BOODN","K4","LA","US","STAR","2","Added",""
"2026/05/14","BRNLY","PA","AK","US","MILITARY IAP","2","Added",""
"2026/05/14","BTEAM","K7","FL","US","SPECIAL IAP","2","Added",""
"2026/05/14","BUCKS","K1","WY","US","SID","2","Added",""
"2026/05/14","BUNTS","K6","PA","US","CONTROLLER LOW","2","Added",""
"2026/05/14","BUYRO","K6","ME","US","IAP","2","Added",""
"2026/05/14","BYRNE","K7","NC","US","CONTROLLER LOW","2","Added",""
"2026/05/14","BYSEL","K6","MD","US","ENROUTE LOW","2","Added",""
"2026/05/14","CABOK","K5","MI","US","SPECIAL DP","2","Added",""
"2026/05/14","CABOK","K5","MI","US","SPECIAL IAP","2","Added",""
"2026/05/14","CADVI","K3","SD","US","IAP","2","Added",""
"2026/05/14","CAMPO","K6","ME","US","SECTIONAL","2","Added",""
"2026/05/14","CARKO","K3","KS","US","CONTROLLER LOW","2","Added",""
"2026/05/14","CASTA","K2","CA","US","CONTROLLER LOW","2","Added",""
"2026/05/14","CATCS","K4","LA","US","CONTROLLER LOW","2","Added",""
"2026/05/14","CAVRN","K4","TX","US","CONTROLLER HIGH","2","Added",""
"2026/05/14","CAVRN","K4","TX","US","CONTROLLER LOW","2","Added",""
"2026/05/14","CCNUT","K4","LA","US","STAR","2","Added",""
"2026/05/14","CEJAY","K1","WY","US","CONTROLLER LOW","2","Added",""
"2026/05/14","CEJAY","K1","WY","US","IAP","2","Added",""
"2026/05/14","CFBRB","K1","WY","US","IAP","2","Added",""
"2026/05/14","CFLMZ","K2","NM","US","CONTROLLER LOW","2","Added",""
"2026/05/14","CFLMZ","K2","NM","US","ENROUTE LOW","2","Added",""
"2026/05/14","CFMPC","K7","FL","US","IAP","2","Added",""
"2026/05/14","CFVBT","K6","ME","US","NOT REQUIRED","2","Added",""
"2026/05/14","CHEET","K7","NC","US","SPECIAL DP","2","Added",""
"2026/05/14","CHEET","K7","NC","US","SPECIAL IAP","2","Added",""
"2026/05/14","CHRBL","K4","LA","US","STAR","2","Added",""
"2026/05/14","CIMBA","K4","OK","US","IAP","2","Added",""
"2026/05/14","COLDU","PA","AK","US","SPECIAL IAP","2","Added",""
"2026/05/14","CONES","K2","CA","US","CONTROLLER LOW","2","Added",""
"2026/05/14","CONNE","K4","TX","US","CONTROLLER HIGH","2","Added",""
"2026/05/14","CONNE","K4","TX","US","CONTROLLER LOW","2","Added",""
"2026/05/14","CRANY","K1","WY","US","SID","2","Added",""
"2026/05/14","CRETE","K5","IN","US","CONTROLLER LOW","2","Added",""
"2026/05/14","CREWS","K7","FL","US","SPECIAL IAP","2","Added",""
"2026/05/14","CRMLT","PA","AK","US","NOT REQUIRED","2","Added",""
"2026/05/14","CRZAN","PA","AK","US","MILITARY IAP","2","Added",""
"2026/05/14","CUNON","K3","MO","US","CONTROLLER LOW","2","Added",""
"2026/05/14","CUPCK","PA","AK","US","NOT REQUIRED","2","Added",""
"2026/05/14","CUREY","PA","AK","US","CONTROLLER HIGH","2","Added",""
"2026/05/14","CUREY","PA","AK","US","CONTROLLER LOW","2","Added",""
"2026/05/14","DAYAR","K5","WI","US","MILITARY IAP","2","Added",""
"2026/05/14","DAYSY","PA","AK","US","NOT REQUIRED","2","Added",""
"2026/05/14","DEMSE","K5","KY","US","CONTROLLER LOW","2","Added",""
"2026/05/14","DGSLD","PA","AK","US","NOT REQUIRED","2","Added",""
"2026/05/14","DILLI","K4","TX","US","CONTROLLER LOW","2","Added",""
"2026/05/14","DNALT","K1","WY","US","CONTROLLER LOW","2","Added",""
"2026/05/14","DNALT","K1","WY","US","IAP","2","Added",""
"2026/05/14","DOCBA","PA","AK","US","SPECIAL IAP","2","Added",""
"2026/05/14","DOCRA","K1","WA","US","CONTROLLER LOW","2","Added",""
"2026/05/14","DOPTE","K7","SC","US","IAP","2","Added",""
"2026/05/14","DRUGG","K4","TX","US","NOT REQUIRED","2","Added",""
"2026/05/14","DUDLY","K5","IL","US","IAP","2","Added",""
"2026/05/14","DUFFS","K5","IL","US","IAP","2","Added",""
"2026/05/14","DUJFA","K6","PA","US","NOT REQUIRED","2","Added",""
"2026/05/14","EDGES","K1","ID","US","CONTROLLER HIGH","2","Added",""
"2026/05/14","EDGES","K1","ID","US","CONTROLLER LOW","2","Added",""
"2026/05/14","EDGGE","K2","CA","US","CONTROLLER LOW","2","Added",""
"2026/05/14","EDGGE","K2","CA","US","ENROUTE LOW","2","Added",""
"2026/05/14","EDGGE","K2","CA","US","SID","2","Added",""
"2026/05/14","EDIRE","K3","SD","US","IAP","2","Added",""
"2026/05/14","EGANE","K3","KS","US","CONTROLLER HIGH","2","Added",""
"2026/05/14","EGANE","K3","KS","US","CONTROLLER LOW","2","Added",""
"2026/05/14","EGANE","K3","KS","US","ENROUTE HIGH","2","Added",""
"2026/05/14","EGANE","K3","KS","US","ENROUTE LOW","2","Added",""
"2026/05/14","EHLUN","K5","KY","US","MILITARY IAP","2","Added",""
"2026/05/14","ELKES","K1","OR","US","CONTROLLER LOW","2","Added",""
"2026/05/14","ESONE","K5","KY","US","CONTROLLER LOW","2","Added",""
"2026/05/14","EWAWI","K5","WI","US","CONTROLLER LOW","2","Added",""
"2026/05/14","FAADO","PA","AK","US","NOT REQUIRED","2","Added",""
"2026/05/14","FANPI","K7","SC","US","IAP","2","Added",""
"2026/05/14","FEDEX","K6","WV","US","CONTROLLER LOW","2","Added",""
"2026/05/14","FENDR","K7","FL","US","IAP","2","Added",""
"2026/05/14","FENRI","K6","PA","US","SPECIAL DP","2","Added",""
"2026/05/14","FENRI","K6","PA","US","SPECIAL IAP","2","Added",""
"2026/05/14","FEVOM","K4","TX","US","CONTROLLER LOW","2","Added",""
"2026/05/14","FEVTA","K2","CA","US","CONTROLLER LOW","2","Added",""
"2026/05/14","FEVTA","K2","CA","US","ENROUTE LOW","2","Added",""
"2026/05/14","FILMS","K5","IN","US","CONTROLLER LOW","2","Added",""
"2026/05/14","FIMDI","PA","AK","US","SPECIAL IAP","2","Added",""
"2026/05/14","FLEAT","K2","CA","US","CONTROLLER LOW","2","Added",""
"2026/05/14","FLIRR","K1","WY","US","CONTROLLER LOW","2","Added",""
"2026/05/14","FLIRR","K1","WY","US","IAP","2","Added",""
"2026/05/14","FOODO","K5","OH","US","CONTROLLER HIGH","2","Added",""
"2026/05/14","FOODO","K5","OH","US","ENROUTE HIGH","2","Added",""
"2026/05/14","FOPTY","PA","AK","US","SPECIAL IAP","2","Added",""
"2026/05/14","FORIN","K7","NC","US","SPECIAL DP","2","Added",""
"2026/05/14","FORIN","K7","NC","US","SPECIAL IAP","2","Added",""
"2026/05/14","FOSUP","K3","MN","US","MILITARY IAP","2","Added",""
"2026/05/14","FOXOR","K4","TX","US","IAP","2","Added",""
"2026/05/14","GALIO","K4","LA","US","CONTROLLER LOW","2","Added",""
"2026/05/14","GARYS","K4","TX","US","CONTROLLER LOW","2","Added",""
"2026/05/14","GEETT","PA","AK","US","NOT REQUIRED","2","Added",""
"2026/05/14","GGUMP","PA","AK","US","NOT REQUIRED","2","Added",""
"2026/05/14","GINNY","PA","AK","US","NOT REQUIRED","2","Added",""
"2026/05/14","GINZU","K6","MD","US","STAR","2","Added",""
"2026/05/14","GOCPP","K4","LA","US","STAR","2","Added",""
"2026/05/14","GOMER","K4","TX","US","CONTROLLER LOW","2","Added",""
"2026/05/14","GOONE","K2","CA","US","CONTROLLER LOW","2","Added",""
"2026/05/14","GOONE","K2","CA","US","ENROUTE LOW","2","Added",""
"2026/05/14","GOONE","K2","CA","US","SID","2","Added",""
"2026/05/14","GOTHE","K3","MN","US","CONTROLLER LOW","2","Added",""
"2026/05/14","HAKSA","PA","AK","US","SPECIAL IAP","2","Added",""
"2026/05/14","HAMKA","K3","SD","US","IAP","2","Added",""
"2026/05/14","HARAN","K3","KS","US","CONTROLLER HIGH","2","Added",""
"2026/05/14","HARAN","K3","KS","US","CONTROLLER LOW","2","Added",""
"2026/05/14","HARAN","K3","KS","US","ENROUTE HIGH","2","Added",""
"2026/05/14","HAVAK","K4","OK","US","CONTROLLER LOW","2","Added",""
"2026/05/14","HAVAK","K4","OK","US","MILITARY IAP","2","Added",""
"2026/05/14","HAVOC","K7","FL","US","IAP","2","Added",""
"2026/05/14","HESOM","PA","AK","US","SPECIAL IAP","2","Added",""
"2026/05/14","HEXIS","K1","WY","US","CONTROLLER LOW","2","Added",""
"2026/05/14","HEXIS","K1","WY","US","IAP","2","Added",""
"2026/05/14","HIBSA","PA","AK","US","SPECIAL IAP","2","Added",""
"2026/05/14","HIGDA","K1","WA","US","CONTROLLER LOW","2","Added",""
"2026/05/14","HIGTA","PA","AK","US","SPECIAL IAP","2","Added",""
"2026/05/14","HIRUV","K2","CA","US","CONTROLLER LOW","2","Added",""
"2026/05/14","HIZER","K1","WY","US","SID","2","Added",""
"2026/05/14","HOLYO","K2","CO","US","CONTROLLER LOW","2","Added",""
"2026/05/14","HOPIN","K2","UT","US","STAR","2","Added",""
"2026/05/14","HSKIE","PA","AK","US","NOT REQUIRED","2","Added",""
"2026/05/14","HULIP","K7","NC","US","CONTROLLER LOW","2","Added",""
"2026/05/14","HUNPA","K5","MI","US","SPECIAL IAP","2","Added",""
"2026/05/14","HUPUX","K6","PA","US","SPECIAL DP","2","Added",""
"2026/05/14","HUPUX","K6","PA","US","SPECIAL IAP","2","Added",""
"2026/05/14","HURIS","K7","NC","US","SPECIAL DP","2","Added",""
"2026/05/14","HURIS","K7","NC","US","SPECIAL IAP","2","Added",""
"2026/05/14","IMIRY","K1","WY","US","CONTROLLER LOW","2","Added",""
"2026/05/14","IMIRY","K1","WY","US","IAP","2","Added",""
"2026/05/14","JALAX","PA","AK","US","SPECIAL IAP","2","Added",""
"2026/05/14","JARAM","K5","KY","US","CONTROLLER LOW","2","Added",""
"2026/05/14","JATMM","PA","AK","US","NOT REQUIRED","2","Added",""
"2026/05/14","JESSI","PH","HI","US","CONTROLLER HIGH","2","Added",""
"2026/05/14","JESSI","PH","HI","US","CONTROLLER LOW","2","Added",""
"2026/05/14","JEXOS","K1","WY","US","CONTROLLER LOW","2","Added",""
"2026/05/14","JEXOS","K1","WY","US","IAP","2","Added",""
"2026/05/14","JOBOD","K3","SD","US","CONTROLLER LOW","2","Added",""
"2026/05/14","JOBOD","K3","SD","US","ENROUTE LOW","2","Added",""
"2026/05/14","JOOSE","K5","IL","US","CONTROLLER LOW","2","Added",""
"2026/05/14","JOOSE","K5","IL","US","ENROUTE LOW","2","Added",""
"2026/05/14","JOOSE","K5","IL","US","IAP","2","Added",""
"2026/05/14","JORKK","K2","CA","US","CONTROLLER LOW","2","Added",""
"2026/05/14","JORKK","K2","CA","US","ENROUTE LOW","2","Added",""
"2026/05/14","JORKK","K2","CA","US","SID","2","Added",""
"2026/05/14","JOVAR","K5","IL","US","CONTROLLER LOW","2","Added",""
"2026/05/14","JUGUD","K4","TX","US","CONTROLLER LOW","2","Added",""
"2026/05/14","JUMOL","K1","WY","US","CONTROLLER LOW","2","Added",""
"2026/05/14","JUMOL","K1","WY","US","IAP","2","Added",""
"2026/05/14","KAHLE","K4","OK","US","IAP","2","Added",""
"2026/05/14","KAJUN","K4","LA","US","STAR","2","Added",""
"2026/05/14","KALDA","K6","VA","US","ENROUTE LOW","2","Added",""
"2026/05/14","KAMUE","PH","HI","US","CONTROLLER HIGH","2","Added",""
"2026/05/14","KAMUE","PH","HI","US","CONTROLLER LOW","2","Added",""
"2026/05/14","KAMUE","PH","HI","US","ENROUTE HIGH","2","Added",""
"2026/05/14","KAMUE","PH","HI","US","ENROUTE LOW","2","Added",""
"2026/05/14","KASSI","PA","AK","US","SPECIAL IAP","2","Added",""
"2026/05/14","KAVCO","K6","ME","US","IAP","2","Added",""
"2026/05/14","KCARP","K7","MS","US","CONTROLLER HIGH","2","Added",""
"2026/05/14","KCARP","K7","MS","US","CONTROLLER LOW","2","Added",""
"2026/05/14","KCARP","K7","MS","US","ENROUTE LOW","2","Added",""
"2026/05/14","KENEC","K3","KS","US","CONTROLLER LOW","2","Added",""
"2026/05/14","KLYNE","K5","OH","US","CONTROLLER HIGH","2","Added",""
"2026/05/14","KLYNE","K5","OH","US","CONTROLLER LOW","2","Added",""
"2026/05/14","KLYNE","K5","OH","US","ENROUTE LOW","2","Added",""
"2026/05/14","KLYNE","K5","OH","US","SID","2","Added",""
"2026/05/14","KREOL","K4","LA","US","STAR","2","Added",""
"2026/05/14","KRKWD","K2","CA","US","SID","2","Added",""
"2026/05/14","KRNVL","K4","LA","US","STAR","2","Added",""
"2026/05/14","KRSNT","K4","LA","US","STAR","2","Added",""
"2026/05/14","KUKGE","K3","MN","US","CONTROLLER LOW","2","Added",""
"2026/05/14","LANIC","K2","NM","US","CONTROLLER LOW","2","Added",""
"2026/05/14","LASYO","K4","LA","US","CONTROLLER LOW","2","Added",""
"2026/05/14","LATES","K5","IN","US","CONTROLLER LOW","2","Added",""
"2026/05/14","LEEVT","K2","UT","US","STAR","2","Added",""
"2026/05/14","LENRE","K5","WI","US","ENROUTE LOW","2","Added",""
"2026/05/14","LESLI","K4","OK","US","IAP","2","Added",""
"2026/05/14","LIMSE","K1","WY","US","CONTROLLER LOW","2","Added",""
"2026/05/14","LIMSE","K1","WY","US","IAP","2","Added",""
"2026/05/14","LITGE","PA","AK","US","SPECIAL IAP","2","Added",""
"2026/05/14","LORDB","K7","FL","US","SPECIAL IAP","2","Added",""
"2026/05/14","LUDVG","K6","VA","US","SPECIAL DP","2","Added",""
"2026/05/14","LUDVG","K6","VA","US","SPECIAL IAP","2","Added",""
"2026/05/14","LUELA","PA","AK","US","SPECIAL IAP","2","Added",""
"2026/05/14","LUFFS","K4","LA","US","CONTROLLER LOW","2","Added",""
"2026/05/14","LUIJE","K5","IN","US","CONTROLLER LOW","2","Added",""
"2026/05/14","LUIJE","K5","IN","US","ENROUTE LOW","2","Added",""
"2026/05/14","LUIJE","K5","IN","US","SID","2","Added",""
"2026/05/14","LUYJA","K6","PA","US","SPECIAL IAP","2","Added",""
"2026/05/14","MADHI","K5","WI","US","IAP","2","Added",""
"2026/05/14","MAJAT","K6","PA","US","SPECIAL IAP","2","Added",""
"2026/05/14","MANWE","K7","NC","US","CONTROLLER LOW","2","Added",""
"2026/05/14","MAREO","K5","IN","US","CONTROLLER LOW","2","Added",""
"2026/05/14","MARXX","K5","MI","US","SPECIAL DP","2","Added",""
"2026/05/14","MARXX","K5","MI","US","SPECIAL IAP","2","Added",""
"2026/05/14","MASSK","K4","LA","US","STAR","2","Added",""
"2026/05/14","MASWE","K3","MN","US","CONTROLLER LOW","2","Added",""
"2026/05/14","MASWE","K3","MN","US","MILITARY IAP","2","Added",""
"2026/05/14","MATEC","K3","MN","US","CONTROLLER LOW","2","Added",""
"2026/05/14","MATEC","K3","MN","US","MILITARY IAP","2","Added",""
"2026/05/14","MAXNI","K5","IN","US","IAP","2","Added",""
"2026/05/14","MAYFY","K4","TX","US","CONTROLLER LOW","2","Added",""
"2026/05/14","MAZDA","K2","AZ","US","CONTROLLER LOW","2","Added",""
"2026/05/14","MAZPI","K3","MN","US","CONTROLLER LOW","2","Added",""
"2026/05/14","MCKEN","K1","WA","US","CONTROLLER LOW","2","Added",""
"2026/05/14","MELZA","PA","AK","US","MILITARY IAP","2","Added",""
"2026/05/14","MIKLE","K4","LA","US","CONTROLLER LOW","2","Added",""
"2026/05/14","MIZOU","K3","MN","US","MILITARY IAP","2","Added",""
"2026/05/14","MOJOB","K3","MO","US","CONTROLLER LOW","2","Added",""
"2026/05/14","MOPSE","K2","NM","US","CONTROLLER LOW","2","Added",""
"2026/05/14","MOTKE","PA","AK","US","SPECIAL IAP","2","Added",""
"2026/05/14","MOZEE","K3","KS","US","CONTROLLER HIGH","2","Added",""
"2026/05/14","MOZEE","K3","KS","US","ENROUTE HIGH","2","Added",""
"2026/05/14","MRMIT","PA","AK","US","NOT REQUIRED","2","Added",""
"2026/05/14","MSHRR","PA","AK","US","NOT REQUIRED","2","Added",""
"2026/05/14","MUZES","K4","LA","US","STAR","2","Added",""
"2026/05/14","MYOTT","K1","WY","US","CONTROLLER LOW","2","Added",""
"2026/05/14","MYOTT","K1","WY","US","IAP","2","Added",""
"2026/05/14","NADIY","PA","AK","US","SPECIAL IAP","2","Added",""
"2026/05/14","NDYMN","K4","LA","US","STAR","2","Added",""
"2026/05/14","NEEDS","K1","WY","US","IAP","2","Added",""
"2026/05/14","NEEDS","K1","WY","US","SID","2","Added",""
"2026/05/14","NEENA","K5","IL","US","IAP","2","Added",""
"2026/05/14","NEPPO","K2","CA","US","CONTROLLER LOW","2","Added",""
"2026/05/14","NEPPO","K2","CA","US","ENROUTE LOW","2","Added",""
"2026/05/14","NEPPO","K2","CA","US","SID","2","Added",""
"2026/05/14","NEWTO","K5","IN","US","CONTROLLER LOW","2","Added",""
"2026/05/14","NICQE","K1","WY","US","SID","2","Added",""
"2026/05/14","OBBAN","K3","SD","US","IAP","2","Added",""
"2026/05/14","OJACE","K5","OH","US","CONTROLLER LOW","2","Added",""
"2026/05/14","OPILY","K3","SD","US","CONTROLLER LOW","2","Added",""
"2026/05/14","OPRUE","PA","AK","US","SPECIAL IAP","2","Added",""
"2026/05/14","OTREE","K5","MI","US","CONTROLLER LOW","2","Added",""
"2026/05/14","OTTOO","K7","FL","US","SPECIAL IAP","2","Added",""
"2026/05/14","OXLUS","K1","WY","US","CONTROLLER LOW","2","Added",""
"2026/05/14","OXLUS","K1","WY","US","IAP","2","Added",""
"2026/05/14","PATIO","K2","UT","US","CONTROLLER HIGH","2","Added",""
"2026/05/14","PELCI","K2","NM","US","CONTROLLER LOW","2","Added",""
"2026/05/14","PEPVY","K5","WI","US","CONTROLLER LOW","2","Added",""
"2026/05/14","PEWLE","K5","WI","US","CONTROLLER LOW","2","Added",""
"2026/05/14","PHAMR","K7","FL","US","SPECIAL IAP","2","Added",""
"2026/05/14","PHURN","K5","MI","US","CONTROLLER LOW","2","Added",""
"2026/05/14","PHURN","K5","MI","US","ENROUTE LOW","2","Added",""
"2026/05/14","PICHO","K2","UT","US","CONTROLLER HIGH","2","Added",""
"2026/05/14","PILES","K1","WY","US","CONTROLLER LOW","2","Added",""
"2026/05/14","PILES","K1","WY","US","IAP","2","Added",""
"2026/05/14","PLADD","K3","MO","US","CONTROLLER LOW","2","Added",""
"2026/05/14","POBOI","K4","LA","US","STAR","2","Added",""
"2026/05/14","POPIC","PA","AK","US","SPECIAL IAP","2","Added",""
"2026/05/14","POXKU","K2","CA","US","CONTROLLER LOW","2","Added",""
"2026/05/14","RACOK","K5","MI","US","SPECIAL IAP","2","Added",""
"2026/05/14","RAMPS","K4","OK","US","IAP","2","Added",""
"2026/05/14","RDBEN","K4","LA","US","STAR","2","Added",""
"2026/05/14","RDGRS","K4","OK","US","IAP","2","Added",""
"2026/05/14","RICBU","K4","OK","US","CONTROLLER LOW","2","Added",""
"2026/05/14","ROXXN","K1","WY","US","CONTROLLER LOW","2","Added",""
"2026/05/14","ROXXN","K1","WY","US","IAP","2","Added",""
"2026/05/14","RREXX","K4","LA","US","STAR","2","Added",""
"2026/05/14","RRROO","K4","LA","US","STAR","2","Added",""
"2026/05/14","RUTTY","PA","AK","US","SPECIAL IAP","2","Added",""
"2026/05/14","RYJOH","K7","FL","US","SPECIAL IAP","2","Added",""
"2026/05/14","SADEN","K3","MO","US","CONTROLLER LOW","2","Added",""
"2026/05/14","SALTA","K2","UT","US","CONTROLLER LOW","2","Added",""
"2026/05/14","SAPPE","K6","ME","US","SECTIONAL","2","Added",""
"2026/05/14","SBARR","K7","FL","US","SPECIAL IAP","2","Added",""
"2026/05/14","SBRWN","K3","ND","US","IAP","2","Added",""
"2026/05/14","SCHAW","K2","UT","US","STAR","2","Added",""
"2026/05/14","SCRUG","K1","WY","US","CONTROLLER LOW","2","Added",""
"2026/05/14","SCRUG","K1","WY","US","IAP","2","Added",""
"2026/05/14","SEAFD","K4","LA","US","STAR","2","Added",""
"2026/05/14","SEDEY","K3","ND","US","IAP","2","Added",""
"2026/05/14","SHIMP","PA","AK","US","NOT REQUIRED","2","Added",""
"2026/05/14","SNIKR","K5","IL","US","IAP","2","Added",""
"2026/05/14","SNWCH","K5","IL","US","IAP","2","Added",""
"2026/05/14","SOLDO","K4","TX","US","ENROUTE LOW","2","Added",""
"2026/05/14","SONET","K4","TX","US","CONTROLLER LOW","2","Added",""
"2026/05/14","SONET","K4","TX","US","IAP","2","Added",""
"2026/05/14","SPIEN","K1","WY","US","CONTROLLER LOW","2","Added",""
"2026/05/14","SPIEN","K1","WY","US","IAP","2","Added",""
"2026/05/14","SPOOL","K5","OH","US","CONTROLLER HIGH","2","Added",""
"2026/05/14","SPRET","PA","AK","US","MILITARY IAP","2","Added",""
"2026/05/14","SPRGE","K7","FL","US","SPECIAL IAP","2","Added",""
"2026/05/14","SRACK","K3","ND","US","IAP","2","Added",""
"2026/05/14","STGER","PA","AK","US","NOT REQUIRED","2","Added",""
"2026/05/14","STORZ","K1","MT","US","CONTROLLER HIGH","2","Added",""
"2026/05/14","STORZ","K1","MT","US","ENROUTE HIGH","2","Added",""
"2026/05/14","STUNK","K5","OH","US","CONTROLLER HIGH","2","Added",""
"2026/05/14","STUNK","K5","OH","US","ENROUTE HIGH","2","Added",""
"2026/05/14","STYXX","K4","OK","US","IAP","2","Added",""
"2026/05/14","SUBLE","K3","ND","US","IAP","2","Added",""
"2026/05/14","SUSII","K3","ND","US","IAP","2","Added",""
"2026/05/14","TABLL","K2","UT","US","CONTROLLER HIGH","2","Added",""
"2026/05/14","TAGRE","K3","SD","US","IAP","2","Added",""
"2026/05/14","TBONE","PA","AK","US","SPECIAL IAP","2","Added",""
"2026/05/14","TEAGY","K6","MD","US","CONTROLLER LOW","2","Added",""
"2026/05/14","TEAGY","K6","MD","US","ENROUTE LOW","2","Added",""
"2026/05/14","TEAGY","K6","MD","US","STAR","2","Added",""
"2026/05/14","TEGDE","PA","AK","US","CONTROLLER LOW","2","Added",""
"2026/05/14","TEGDE","PA","AK","US","SPECIAL IAP","2","Added",""
"2026/05/14","THROO","K4","LA","US","STAR","2","Added",""
"2026/05/14","TIKOE","PA","AK","US","SPECIAL IAP","2","Added",""
"2026/05/14","TOMPS","PA","AK","US","SPECIAL IAP","2","Added",""
"2026/05/14","TOWTH","K4","LA","US","STAR","2","Added",""
"2026/05/14","TRASY","K1","WY","US","CONTROLLER LOW","2","Added",""
"2026/05/14","TRASY","K1","WY","US","IAP","2","Added",""
"2026/05/14","TUZCO","K3","SD","US","CONTROLLER LOW","2","Added",""
"2026/05/14","UKATS","K5","OH","US","CONTROLLER LOW","2","Added",""
"2026/05/14","UKATS","K5","OH","US","ENROUTE LOW","2","Added",""
"2026/05/14","UKATS","K5","OH","US","SID","2","Added",""
"2026/05/14","UNIZY","K3","ND","US","CONTROLLER LOW","2","Added",""
"2026/05/14","USSEL","K1","WY","US","CONTROLLER LOW","2","Added",""
"2026/05/14","USSEL","K1","WY","US","IAP","2","Added",""
"2026/05/14","UTPOW","K6","PA","US","SPECIAL IAP","2","Added",""
"2026/05/14","UYOGI","K3","NE","US","CONTROLLER LOW","2","Added",""
"2026/05/14","UYUPE","K4","OK","US","CONTROLLER HIGH","2","Added",""
"2026/05/14","UYUPE","K4","OK","US","CONTROLLER LOW","2","Added",""
"2026/05/14","UYUPE","K4","OK","US","ENROUTE HIGH","2","Added",""
"2026/05/14","UYUPE","K4","OK","US","ENROUTE LOW","2","Added",""
"2026/05/14","VAPOR","K4","OK","US","IAP","2","Added",""
"2026/05/14","VEDTI","K1","WY","US","CONTROLLER LOW","2","Added",""
"2026/05/14","VEDTI","K1","WY","US","IAP","2","Added",""
"2026/05/14","VERSI","K6","WV","US","CONTROLLER LOW","2","Added",""
"2026/05/14","VOHVU","K3","MO","US","IAP","2","Added",""
"2026/05/14","VPMBL","PA","AK","US","NOT REQUIRED","2","Added",""
"2026/05/14","VPMCC","PA","AK","US","NOT REQUIRED","2","Added",""
"2026/05/14","VPMMS","PA","AK","US","NOT REQUIRED","2","Added",""
"2026/05/14","VPMPS","PA","AK","US","NOT REQUIRED","2","Added",""
"2026/05/14","VPMSL","PA","AK","US","NOT REQUIRED","2","Added",""
"2026/05/14","VPMWH","PA","AK","US","NOT REQUIRED","2","Added",""
"2026/05/14","WABGO","PA","AK","US","SPECIAL IAP","2","Added",""
"2026/05/14","WAGPO","K4","LA","US","CONTROLLER LOW","2","Added",""
"2026/05/14","WARNE","K2","CA","US","CONTROLLER LOW","2","Added",""
"2026/05/14","WASBI","K2","NM","US","CONTROLLER LOW","2","Added",""
"2026/05/14","WEGET","K2","UT","US","CONTROLLER LOW","2","Added",""
"2026/05/14","WETIX","K4","OK","US","CONTROLLER LOW","2","Added",""
"2026/05/14","WEXUM","K6","MD","US","STAR","2","Added",""
"2026/05/14","WGNER","K5","IN","US","CONTROLLER HIGH","2","Added",""
"2026/05/14","WGNER","K5","IN","US","CONTROLLER LOW","2","Added",""
"2026/05/14","WIDBA","K6","PA","US","SPECIAL IAP","2","Added",""
"2026/05/14","WIMSO","K5","MI","US","SPECIAL IAP","2","Added",""
"2026/05/14","WIRSA","K3","MN","US","MILITARY IAP","2","Added",""
"2026/05/14","WODIM","K1","WY","US","CONTROLLER LOW","2","Added",""
"2026/05/14","WODIM","K1","WY","US","IAP","2","Added",""
"2026/05/14","WOTON","PA","AK","US","MILITARY IAP","2","Added",""
"2026/05/14","WURTZ","PA","AK","US","SPECIAL IAP","2","Added",""
"2026/05/14","WUSIP","K5","KY","US","MILITARY IAP","2","Added",""
"2026/05/14","XPLRR","PA","AK","US","NOT REQUIRED","2","Added",""
"2026/05/14","YENUG","PA","AK","US","SPECIAL IAP","2","Added",""
"2026/05/14","YILUS","PA","AK","US","SPECIAL IAP","2","Added",""
"2026/05/14","YUTAN","K3","NE","US","CONTROLLER LOW","2","Added",""
"2026/05/14","ZAKEP","K4","TX","US","NOT REQUIRED","2","Added",""
"2026/05/14","ZANUP","PH","HI","US","IAP","2","Added",""
"2026/05/14","ZATEN","K1","WY","US","CONTROLLER LOW","2","Added",""
"2026/05/14","ZATEN","K1","WY","US","IAP","2","Added",""
"2026/05/14","ZENSA","PA","AK","US","SPECIAL IAP","2","Added",""
"2026/05/14","ZIMMM","K6","DC","US","IAP","2","Added",""
"2026/05/14","ZITOB","K5","IN","US","IAP","2","Added",""
"2026/05/14","ZOKUN","PH","HI","US","IAP","2","Added",""
"2026/05/14","ZUDNO","PA","AK","US","CONTROLLER HIGH","2","Added",""
"2026/05/14","ZUDNO","PA","AK","US","CONTROLLER LOW","2","Added",""
"2026/05/14","ZULEW","K4","LA","US","STAR","2","Added",""
"2026/05/14","ZUMOV","K6","PA","US","SPECIAL IAP","2","Added",""
"2026/05/14","ZURNA","K1","WY","US","CONTROLLER LOW","2","Added",""
"2026/05/14","ZURNA","K1","WY","US","SID","2","Added",""
"2026/05/14","ZUTOR","PA","AK","US","SPECIAL IAP","2","Added",""
