"EFF_DATE","HP_NAME","HP_NO","STATE_CODE","COUNTRY_CODE","FIX_ID","ICAO_REGION_CODE","NAV_ID","NAV_TYPE","HOLD_DIRECTION","HOLD_DEG_OR_CRS","AZIMUTH","COURSE_INBOUND_DEG","TURN_DIRECTION","LEG_LENGTH_DIST","File","Action","Mods"
"2026/04/16","ABERDEEN VOR/DME*SD","2","SD","US","","","ABR","VOR/DME","SE","125","RAD","305","R","","2","Deleted",""
"2026/04/16","AGAST INT*MO*K3","1","MO","US","AGAST","K3","HLV","VORTAC","NW","154","RAD","154","L","","2","Deleted",""
"2026/04/16","AKRON LOM*OH","2","OH","US","AKRON","K5","AK","NDB","E","69","BRG","249","R","","2","Deleted",""
"2026/04/16","ALBAS INT*CA*K2","1","CA","US","ALBAS","K2","LAX","VORTAC","S","171","RAD","351","L","","1","Modified","NAV_ID"
"2026/05/14","ALBAS INT*CA*K2","1","CA","US","ALBAS","K2","SLI","VORTAC","S","171","RAD","351","L","","2","Modified","NAV_ID"
"2026/04/16","ALBERT LEA VOR/DME*MN","1","MN","US","","","AEL","VOR/DME","S","173","RAD","353","R","","2","Deleted",""
"2026/04/16","ALBERT LEA VOR/DME*MN","2","MN","US","","","AEL","VOR/DME","N","342","RAD","162","R","","2","Deleted",""
"2026/04/16","ALLEGHENY VOR/DME*PA","6","","","","","","","SW","236","RNAV","56","R","4","1","Modified","STATE_CODE COUNTRY_CODE NAV_ID NAV_TYPE"
"2026/05/14","ALLEGHENY VOR/DME*PA","6","PA","US","","","AGC","VOR/DME","SW","236","RNAV","56","R","4","2","Modified","STATE_CODE COUNTRY_CODE NAV_ID NAV_TYPE"
"2026/04/16","AMASON NDB*TX","1","TX","US","","","CZJ","NDB","NW","337","BRG","157","R","","2","Deleted",""
"2026/04/16","AMDEE INT*MI*K5","1","MI","US","AMDEE","K5","PLN","VORTAC","S","192","RAD","12","R","4","2","Deleted",""
"2026/04/16","ATLANTA NDB*TX","1","TX","US","","","ATA","NDB","SW","233","BRG","53","L","","2","Deleted",""
"2026/04/16","BADGER VOR/DME*WI","3","WI","US","","","BAE","VOR/DME","NE","67","RAD","247","R","","1","Modified","HOLD_DIRECTION HOLD_DEG_OR_CRS AZIMUTH COURSE_INBOUND_DEG LEG_LENGTH_DIST"
"2026/05/14","BADGER VOR/DME*WI","3","WI","US","","","BAE","VOR/DME","W","270","RNAV","90","R","4","2","Modified","HOLD_DIRECTION HOLD_DEG_OR_CRS AZIMUTH COURSE_INBOUND_DEG LEG_LENGTH_DIST"
"2026/04/16","BADGER VOR/DME*WI","4","WI","US","","","BAE","VOR/DME","W","270","RNAV","90","R","4","2","Deleted",""
"2026/04/16","BAFEL INT*OH*K5","1","OH","US","BAFEL","K5","AIR","VOR/DME","E","274","RAD","274","R","","2","Deleted",""
"2026/04/16","BALEY INT*MN*K3","1","MN","US","BALEY","K3","RWF","VOR/DME","NW","332","RAD","152","R","","2","Deleted",""
"2026/04/16","BASTROP NDB*LA","1","LA","US","","","BQP","NDB","SE","150","BRG","330","R","","2","Deleted",""
"2026/04/16","BEATRICE VOR*NE","1","NE","US","","","BIE","VOR","S","170","RAD","350","R","","2","Deleted",""
"2026/04/16","BEATRICE VOR*NE","2","NE","US","","","BIE","VOR","N","356","RAD","176","R","","2","Deleted",""
"2026/04/16","BEDAY INT*WI*K5","1","WI","US","BEDAY","K5","IWD","VOR/DME","W","259","RAD","79","R","","2","Deleted",""
"2026/04/16","BEKLOF NDB*NE","1","NE","US","","","FMZ","NDB","S","185","BRG","5","R","","2","Deleted",""
"2026/04/16","BEKLOF NDB*NE","2","NE","US","","","FMZ","NDB","N","346","BRG","166","R","","2","Deleted",""
"2026/04/16","BLOON INT*NE*K3","1","NE","US","BLOON","K3","FBY","NDB","N","6","BRG","186","L","","2","Deleted",""
"2026/04/16","BRIGGS VOR/DME*OH","3","OH","US","","","BSV","VOR/DME","SE","116","RAD","296","R","","1","Modified","HOLD_DEG_OR_CRS COURSE_INBOUND_DEG"
"2026/05/14","BRIGGS VOR/DME*OH","3","OH","US","","","BSV","VOR/DME","SE","155","RAD","335","R","","2","Modified","HOLD_DEG_OR_CRS COURSE_INBOUND_DEG"
"2026/04/16","BRIGGS VOR/DME*OH","4","OH","US","","","BSV","VOR/DME","SE","155","RAD","335","R","","1","Modified","HOLD_DIRECTION HOLD_DEG_OR_CRS AZIMUTH COURSE_INBOUND_DEG LEG_LENGTH_DIST"
"2026/05/14","BRIGGS VOR/DME*OH","4","OH","US","","","BSV","VOR/DME","S","191","RNAV","11","R","4","2","Modified","HOLD_DIRECTION HOLD_DEG_OR_CRS AZIMUTH COURSE_INBOUND_DEG LEG_LENGTH_DIST"
"2026/04/16","BRIGGS VOR/DME*OH","5","OH","US","","","BSV","VOR/DME","S","191","RNAV","11","R","4","2","Deleted",""
"2026/04/16","BUDKE INT*NC*K7","1","NC","US","BUDKE","K7","CLT","VOR/DME","NW","310","RAD","130","R","","2","Deleted",""
"2026/04/16","BUDKE INT*NC*K7","2","NC","US","BUDKE","K7","BZM","VOR/DME","N","184","RAD","184","R","","1","Modified","HOLD_DEG_OR_CRS"
"2026/05/14","BUDKE INT*NC*K7","2","NC","US","BUDKE","K7","BZM","VOR/DME","N","4","RAD","184","R","","2","Modified","HOLD_DEG_OR_CRS"
"2026/04/16","BUDKE WP*NC*K7","3","NC","US","BUDKE","K7","","","NW","312","RNAV","132","R","4","2","Deleted",""
"2026/04/16","BULLE INT*LA*K4","1","LA","US","BULLE","K4","BAD","TACAN","NW","330","RAD","150","L","10","1","Modified","LEG_LENGTH_DIST"
"2026/05/14","BULLE INT*LA*K4","1","LA","US","BULLE","K4","BAD","TACAN","NW","330","RAD","150","L","9","2","Modified","LEG_LENGTH_DIST"
"2026/04/16","BUTLER VORTAC*MO","1","MO","US","","","BUM","VORTAC","E","110","RAD","290","R","","2","Deleted",""
"2026/04/16","BVRLY INT*MO*K3","1","MO","US","BVRLY","K3","GWA","LD","NW","319","CRS","139","R","4","1","Modified","LEG_LENGTH_DIST"
"2026/05/14","BVRLY INT*MO*K3","1","MO","US","BVRLY","K3","GWA","LD","NW","319","CRS","139","R","","2","Modified","LEG_LENGTH_DIST"
"2026/04/16","CAMPO WP*ME*K6","1","ME","US","CAMPO","K6","","","NE","56","RNAV","236","R","9","2","Deleted",""
"2026/04/16","CANIN INT*FL*K7","2","FL","US","CANIN","K7","NQX","TACAN","E","94","RAD","274","L","4","1","Modified","NAV_ID NAV_TYPE HOLD_DEG_OR_CRS COURSE_INBOUND_DEG LEG_LENGTH_DIST"
"2026/05/14","CANIN INT*FL*K7","2","FL","US","CANIN","K7","EYW","VORTAC","E","90","RAD","270","L","5","2","Modified","NAV_ID NAV_TYPE HOLD_DEG_OR_CRS COURSE_INBOUND_DEG LEG_LENGTH_DIST"
"2026/04/16","CANIN INT*FL*K7","4","FL","US","CANIN","K7","EYW","VORTAC","E","90","RAD","270","L","5","1","Modified","NAV_ID NAV_TYPE HOLD_DEG_OR_CRS COURSE_INBOUND_DEG LEG_LENGTH_DIST"
"2026/05/14","CANIN INT*FL*K7","4","FL","US","CANIN","K7","NQX","TACAN","E","94","RAD","274","L","4","2","Modified","NAV_ID NAV_TYPE HOLD_DEG_OR_CRS COURSE_INBOUND_DEG LEG_LENGTH_DIST"
"2026/04/16","CAPE CHARLES VORTAC*VA","1","VA","US","","","CCV","VORTAC","SW","209","RAD","29","L","","2","Deleted",""
"2026/04/16","CAVERNS NDB*VA","1","VA","US","","","LUA","NDB","NE","43","BRG","223","R","","2","Deleted",""
"2026/04/16","CEDAR RAPIDS VOR/DME*IA","2","IA","US","","","CID","VOR/DME","W","279","RAD","99","R","","2","Deleted",""
"2026/04/16","CESGE WP*CANADA*CY","1","","CA","CESGE","CY","","","NW","313","RNAV","133","R","4","1","Modified","LEG_LENGTH_DIST"
"2026/05/14","CESGE WP*CANADA*CY","1","","CA","CESGE","CY","","","NW","313","RNAV","133","R","5","2","Modified","LEG_LENGTH_DIST"
"2026/04/16","CESRU WP*NM*K2","1","NM","US","CESRU","K2","","","NE","33","RNAV","213","R","6","1","Modified","LEG_LENGTH_DIST"
"2026/05/14","CESRU WP*NM*K2","1","NM","US","CESRU","K2","","","NE","33","RNAV","213","R","5","2","Modified","LEG_LENGTH_DIST"
"2026/04/16","CHICAGO HEIGHTS VORTAC*IL","4","IL","US","","","CGT","VORTAC","W","264","RAD","84","R","","1","Modified","HOLD_DIRECTION HOLD_DEG_OR_CRS COURSE_INBOUND_DEG"
"2026/05/14","CHICAGO HEIGHTS VORTAC*IL","4","IL","US","","","CGT","VORTAC","SW","229","RAD","49","R","","2","Modified","HOLD_DIRECTION HOLD_DEG_OR_CRS COURSE_INBOUND_DEG"
"2026/04/16","CHICAGO HEIGHTS VORTAC*IL","5","IL","US","","","CGT","VORTAC","SW","229","RAD","49","R","","1","Modified","HOLD_DIRECTION HOLD_DEG_OR_CRS COURSE_INBOUND_DEG"
"2026/05/14","CHICAGO HEIGHTS VORTAC*IL","5","IL","US","","","CGT","VORTAC","NW","333","RAD","153","R","","2","Modified","HOLD_DIRECTION HOLD_DEG_OR_CRS COURSE_INBOUND_DEG"
"2026/04/16","CHICAGO HEIGHTS VORTAC*IL","6","IL","US","","","CGT","VORTAC","NW","333","RAD","153","R","","1","Modified","HOLD_DIRECTION HOLD_DEG_OR_CRS AZIMUTH COURSE_INBOUND_DEG LEG_LENGTH_DIST"
"2026/05/14","CHICAGO HEIGHTS VORTAC*IL","6","IL","US","","","CGT","VORTAC","SE","156","RNAV","336","R","4","2","Modified","HOLD_DIRECTION HOLD_DEG_OR_CRS AZIMUTH COURSE_INBOUND_DEG LEG_LENGTH_DIST"
"2026/04/16","CHICAGO HEIGHTS VORTAC*IL","7","IL","US","","","CGT","VORTAC","SE","156","RNAV","336","R","4","2","Deleted",""
"2026/04/16","CITUK WP*IN*K5","1","IN","US","CITUK","K5","","","SE","139","RNAV","319","R","5","1","Modified","LEG_LENGTH_DIST"
"2026/05/14","CITUK WP*IN*K5","1","IN","US","CITUK","K5","","","SE","139","RNAV","319","R","4","2","Modified","LEG_LENGTH_DIST"
"2026/04/16","CLANG INT*IN*K5","1","IN","US","CLANG","K5","MIE","VOR/DME","NE","244","RAD","244","L","","2","Deleted",""
"2026/04/16","CLOAK INT*IA*K3","1","IA","US","CLOAK","K3","OVR","VORTAC","W","105","RAD","105","R","","2","Deleted",""
"2026/04/16","COILD WP*VT*K6","1","VT","US","COILD","K6","","","N","13","RNAV","193","R","4","2","Deleted",""
"2026/04/16","COMUP WP*VT*K6","1","VT","US","COMUP","K6","","","NE","51","RNAV","231","R","4","2","Deleted",""
"2026/04/16","COTULLA VORTAC*TX","2","TX","US","","","COT","VORTAC","E","79","RAD","259","R","","1","Modified","HOLD_DIRECTION HOLD_DEG_OR_CRS AZIMUTH COURSE_INBOUND_DEG LEG_LENGTH_DIST"
"2026/05/14","COTULLA VORTAC*TX","2","TX","US","","","COT","VORTAC","W","280","RNAV","100","R","10","2","Modified","HOLD_DIRECTION HOLD_DEG_OR_CRS AZIMUTH COURSE_INBOUND_DEG LEG_LENGTH_DIST"
"2026/04/16","COTULLA VORTAC*TX","3","TX","US","","","COT","VORTAC","W","280","RNAV","100","R","10","2","Deleted",""
"2026/04/16","CRADD WP*VA*K6","1","VA","US","CRADD","K6","CCV","VORTAC","S","191","RNAV","11","L","4","1","Modified","NAV_ID NAV_TYPE"
"2026/05/14","CRADD WP*VA*K6","1","VA","US","CRADD","K6","","","S","191","RNAV","11","L","4","2","Modified","NAV_ID NAV_TYPE"
"2026/04/16","CULAT WP*NC*K7","1","NC","US","CULAT","K7","","","NW","323","RNAV","143","R","4","1","Modified","LEG_LENGTH_DIST"
"2026/05/14","CULAT WP*NC*K7","1","NC","US","CULAT","K7","","","NW","323","RNAV","143","R","5","2","Modified","LEG_LENGTH_DIST"
"2026/04/16","DASHL INT*SD*K3","1","SD","US","DASHL","K3","ABR","VOR/DME","NW","305","RAD","125","R","","2","Deleted",""
"2026/04/16","DODGE CITY VORTAC*KS","1","KS","US","","","DDC","VORTAC","NW","332","RAD","152","L","","1","Modified","HOLD_DIRECTION HOLD_DEG_OR_CRS COURSE_INBOUND_DEG TURN_DIRECTION"
"2026/05/14","DODGE CITY VORTAC*KS","1","KS","US","","","DDC","VORTAC","S","176","RAD","356","R","","2","Modified","HOLD_DIRECTION HOLD_DEG_OR_CRS COURSE_INBOUND_DEG TURN_DIRECTION"
"2026/04/16","DODGE CITY VORTAC*KS","2","KS","US","","","DDC","VORTAC","S","176","RAD","356","R","","2","Deleted",""
"2026/04/16","DODGE CITY VORTAC*KS","3","KS","US","","","DDC","VORTAC","NW","333","RAD","153","L","","2","Deleted",""
"2026/04/16","DYKEE INT*CA*K2","1","CA","US","DYKEE","K2","SAU","VOR/DME","S","3","RAD","3","R","","2","Deleted",""
"2026/04/16","ELYSE INT*IN*K5","1","IN","US","ELYSE","K5","MQJ","LS","E","72","CRS","252","R","","2","Deleted",""
"2026/04/16","EMPOR INT*PA*K6","1","PA","US","EMPOR","K6","SLT","VORTAC","E","264","RAD","264","R","4","2","Deleted",""
"2026/04/16","ENTUR INT*TX*K4","1","TX","US","ENTUR","K4","UKW","VORTAC","NW","137","RAD","137","R","2","2","Deleted",""
"2026/04/16","ETHER INT*CA*K2","3","CA","US","ETHER","K2","VCV","VOR/DME","E","269","RAD","269","L","","2","Deleted",""
"2026/04/16","EUREK INT*KS*K3","1","KS","US","EUREK","K3","EMP","VORTAC","N","7","RAD","187","R","","2","Deleted",""
"2026/04/16","EWABE LOM*HI","1","HI","US","","","HN","LO","W","270","BRG","90","R","","2","Deleted",""
"2026/04/16","FAMEX WP*VA*K6","1","VA","US","FAMEX","K6","","","SE","137","RNAV","317","R","4","2","Deleted",""
"2026/04/16","FARGO VOR/DME*ND","3","ND","US","","","FAR","VOR/DME","E","103","RAD","283","L","","1","Modified","HOLD_DIRECTION HOLD_DEG_OR_CRS COURSE_INBOUND_DEG TURN_DIRECTION"
"2026/05/14","FARGO VOR/DME*ND","3","ND","US","","","FAR","VOR/DME","SW","228","RAD","48","R","","2","Modified","HOLD_DIRECTION HOLD_DEG_OR_CRS COURSE_INBOUND_DEG TURN_DIRECTION"
"2026/04/16","FARGO VOR/DME*ND","4","ND","US","","","FAR","VOR/DME","SW","228","RAD","48","R","","1","Modified","HOLD_DIRECTION HOLD_DEG_OR_CRS COURSE_INBOUND_DEG"
"2026/05/14","FARGO VOR/DME*ND","4","ND","US","","","FAR","VOR/DME","NE","30","RAD","210","R","","2","Modified","HOLD_DIRECTION HOLD_DEG_OR_CRS COURSE_INBOUND_DEG"
"2026/04/16","FARGO VOR/DME*ND","5","ND","US","","","FAR","VOR/DME","NE","30","RAD","210","R","","1","Modified","HOLD_DIRECTION HOLD_DEG_OR_CRS AZIMUTH COURSE_INBOUND_DEG LEG_LENGTH_DIST"
"2026/05/14","FARGO VOR/DME*ND","5","ND","US","","","FAR","VOR/DME","SW","240","RNAV","60","R","4","2","Modified","HOLD_DIRECTION HOLD_DEG_OR_CRS AZIMUTH COURSE_INBOUND_DEG LEG_LENGTH_DIST"
"2026/04/16","FARGO VOR/DME*ND","6","ND","US","","","FAR","VOR/DME","SW","240","RNAV","60","R","4","2","Deleted",""
"2026/04/16","FARMINGTON VORTAC*MO","1","MO","US","","","FAM","VORTAC","SE","119","RAD","299","R","","2","Deleted",""
"2026/04/16","FARMINGTON VORTAC*MO","2","MO","US","","","FAM","VORTAC","NE","32","RAD","212","R","","2","Deleted",""
"2026/04/16","FIDAR WP*VA*K6","1","VA","US","FIDAR","K6","","","NW","317","RNAV","137","R","4","2","Deleted",""
"2026/04/16","FILKO INT*MI*K5","1","MI","US","FILKO","K5","MOP","VOR/DME","N","178","RAD","178","R","","2","Deleted",""
"2026/04/16","FISIX WP*IL*K5","1","IL","US","FISIX","K5","","","NW","294","RNAV","114","R","4","2","Deleted",""
"2026/04/16","FLAG CITY VORTAC*OH","3","OH","US","","","FBC","VORTAC","NE","53","RAD","233","R","","1","Modified","HOLD_DEG_OR_CRS AZIMUTH COURSE_INBOUND_DEG LEG_LENGTH_DIST"
"2026/05/14","FLAG CITY VORTAC*OH","3","OH","US","","","FBC","VORTAC","NE","56","RNAV","236","R","4","2","Modified","HOLD_DEG_OR_CRS AZIMUTH COURSE_INBOUND_DEG LEG_LENGTH_DIST"
"2026/04/16","FLAG CITY VORTAC*OH","4","OH","US","","","FBC","VORTAC","SE","118","RAD","298","R","","2","Deleted",""
"2026/04/16","FLAG CITY VORTAC*OH","5","OH","US","","","FBC","VORTAC","NE","56","RNAV","236","R","4","2","Deleted",""
"2026/04/16","FOOTE INT*IN*K5","1","IN","US","FOOTE","K5","MIE","VOR/DME","SE","143","RAD","323","R","","2","Deleted",""
"2026/04/16","FRANKSTON VOR/DME*TX","1","TX","US","","","FZT","VOR/DME","N","22","RAD","202","R","","2","Deleted",""
"2026/04/16","FRANKSTON VOR/DME*TX","2","TX","US","","","FZT","VOR/DME","NW","301","RAD","121","R","","2","Deleted",""
"2026/04/16","FRNZY WP*UT*K2","2","UT","US","FRNZY","K2","","","S","194","RNAV","14","L","10","2","Deleted",""
"2026/04/16","GALLUP VORTAC*NM","2","NM","US","","","GUP","VORTAC","SE","125","RAD","305","L","","1","Modified","HOLD_DIRECTION HOLD_DEG_OR_CRS COURSE_INBOUND_DEG"
"2026/05/14","GALLUP VORTAC*NM","2","NM","US","","","GUP","VORTAC","NE","38","RAD","218","L","","2","Modified","HOLD_DIRECTION HOLD_DEG_OR_CRS COURSE_INBOUND_DEG"
"2026/04/16","GALLUP VORTAC*NM","3","NM","US","","","GUP","VORTAC","NE","38","RAD","218","L","","1","Modified","AZIMUTH LEG_LENGTH_DIST"
"2026/05/14","GALLUP VORTAC*NM","3","NM","US","","","GUP","VORTAC","NE","38","RNAV","218","L","10","2","Modified","AZIMUTH LEG_LENGTH_DIST"
"2026/04/16","GALLUP VORTAC*NM","4","NM","US","","","GUP","VORTAC","NE","38","RNAV","218","L","10","2","Deleted",""
"2026/04/16","GARYS LOM*TX","1","TX","US","","","RU","LO","NW","305","BRG","125","L","","1","Modified","HOLD_DEG_OR_CRS COURSE_INBOUND_DEG"
"2026/05/14","GARYS LOM*TX","1","TX","US","","","RU","LO","NW","306","BRG","126","L","","2","Modified","HOLD_DEG_OR_CRS COURSE_INBOUND_DEG"
"2026/04/16","GARYS LOM*TX","2","TX","US","","","RU","LO","NW","306","BRG","126","L","","2","Deleted",""
"2026/04/16","GENESEO VOR/DME*NY","5","NY","US","","","GEE","VOR/DME","SE","143","RAD","323","R","","2","Deleted",""
"2026/04/16","GIPPER VORTAC*MI","2","MI","US","","","GIJ","VORTAC","W","282","RAD","102","R","","1","Modified","HOLD_DEG_OR_CRS COURSE_INBOUND_DEG"
"2026/05/14","GIPPER VORTAC*MI","2","MI","US","","","GIJ","VORTAC","W","270","RAD","90","R","","2","Modified","HOLD_DEG_OR_CRS COURSE_INBOUND_DEG"
"2026/04/16","GIPPER VORTAC*MI","3","MI","US","","","GIJ","VORTAC","W","270","RAD","90","R","","2","Deleted",""
"2026/04/16","GIPPER VORTAC*MI","4","MI","US","","","GIJ","VORTAC","E","90","RNAV","270","R","10","2","Deleted",""
"2026/04/16","GIPPER VORTAC*MI","5","MI","US","","","GIJ","VORTAC","SW","226","RAD","46","L","","2","Deleted",""
"2026/04/16","GORDONSVILLE VORTAC*VA","5","VA","US","","","GVE","VORTAC","W","272","RNAV","92","L","10","1","Modified","HOLD_DEG_OR_CRS COURSE_INBOUND_DEG"
"2026/05/14","GORDONSVILLE VORTAC*VA","5","VA","US","","","GVE","VORTAC","W","273","RNAV","93","L","10","2","Modified","HOLD_DEG_OR_CRS COURSE_INBOUND_DEG"
"2026/04/16","HARCUM VORTAC*VA","4","","","","","","","W","284","RNAV","104","L","10","1","Modified","STATE_CODE COUNTRY_CODE NAV_ID NAV_TYPE"
"2026/05/14","HARCUM VORTAC*VA","4","VA","US","","","HCM","VORTAC","W","284","RNAV","104","L","10","2","Modified","STATE_CODE COUNTRY_CODE NAV_ID NAV_TYPE"
"2026/04/16","HARTZ INT*MI*K5","1","MI","US","HARTZ","K5","SVM","VORTAC","SW","215","RAD","35","R","4","2","Deleted",""
"2026/04/16","HAUWK INT*LA*K4","1","LA","US","HAUWK","K4","LFT","VORTAC","S","343","RAD","343","R","","2","Deleted",""
"2026/04/16","HAZKU INT*IN*K5","1","IN","US","HAZKU","K5","FWA","VORTAC","SW","245","RAD","65","R","","2","Deleted",""
"2026/04/16","HICNY INT*LA*K4","1","LA","US","HICNY","K4","MLU","VORTAC","E","267","RAD","267","R","","2","Deleted",""
"2026/04/16","HOGSI WP*CA*K2","1","CA","US","HOGSI","K2","","","","22","RNAV","202","R","4","2","Deleted",""
"2026/04/16","HORBL WP*CA*K2","1","CA","US","HORBL","K2","","","NW","297","RNAV","117","L","4","2","Deleted",""
"2026/04/16","HOUSR INT*OH*K5","1","OH","US","HOUSR","K5","AIR","VOR/DME","NE","49","RAD","229","R","","2","Deleted",""
"2026/04/16","HUDDS INT*MN*K3","1","MN","US","HUDDS","K3","ODI","VORTAC","E","249","RAD","249","R","","2","Deleted",""
"2026/04/16","INDOO INT*TX*K4","1","TX","US","INDOO","K4","TYR","VOR/DME","NW","311","RAD","131","R","","2","Deleted",""
"2026/04/16","ISICE WP*TX*K4","1","TX","US","ISICE","K4","","","SE","133","RNAV","313","R","4","1","Modified","HOLD_DEG_OR_CRS COURSE_INBOUND_DEG"
"2026/05/14","ISICE WP*TX*K4","1","TX","US","ISICE","K4","","","SE","137","RNAV","317","R","4","2","Modified","HOLD_DEG_OR_CRS COURSE_INBOUND_DEG"
"2026/04/16","ITMOR WP*CA*K2","2","CA","US","ITMOR","K2","","","S","1","RNAV","1","L","5","2","Deleted",""
"2026/04/16","IZANO INT*AR*K4","1","AR","US","IZANO","K4","TXK","VORTAC","SW","52","RAD","52","R","","2","Deleted",""
"2026/04/16","JAMESTOWN VOR/DME*NY","1","NY","US","","","JHW","VOR/DME","E","78","RAD","258","R","","2","Deleted",""
"2026/04/16","JIMMY INT*VA*K6","1","VA","US","JIMMY","K6","ORF","VORTAC","NE","41","RAD","221","L","","2","Deleted",""
"2026/04/16","JIMMY WP*VA*K6","2","VA","US","JIMMY","K6","","","NE","41","RNAV","221","L","4","2","Deleted",""
"2026/04/16","JOGPU WP*MO*K3","1","MO","US","JOGPU","K3","","","NW","319","RNAV","139","R","4","2","Deleted",""
"2026/04/16","JOLIET VOR/DME*IL","6","","","","","","","SE","137","RNAV","317","R","4","1","Modified","STATE_CODE COUNTRY_CODE NAV_ID NAV_TYPE"
"2026/05/14","JOLIET VOR/DME*IL","6","IL","US","","","JOT","VOR/DME","SE","137","RNAV","317","R","4","2","Modified","STATE_CODE COUNTRY_CODE NAV_ID NAV_TYPE"
"2026/04/16","JOTED INT*AZ*K2","1","AZ","US","JOTED","K2","RYN","NDB","W","254","BRG","74","L","","2","Deleted",""
"2026/04/16","KATTO INT*MN*K3","1","MN","US","KATTO","K3","TVF","VOR/DME","NW","297","RAD","117","R","","2","Deleted",""
"2026/04/16","KEGLY INT*WV*K6","1","WV","US","KEGLY","K6","BLF","VOR/DME","S","340","RAD","340","L","","2","Deleted",""
"2026/04/16","KIRKSVILLE VORTAC*MO","1","MO","US","","","IRK","VORTAC","NW","314","RAD","134","R","","1","Modified","HOLD_DIRECTION HOLD_DEG_OR_CRS COURSE_INBOUND_DEG TURN_DIRECTION"
"2026/05/14","KIRKSVILLE VORTAC*MO","1","MO","US","","","IRK","VORTAC","W","248","RAD","68","L","","2","Modified","HOLD_DIRECTION HOLD_DEG_OR_CRS COURSE_INBOUND_DEG TURN_DIRECTION"
"2026/04/16","KIRKSVILLE VORTAC*MO","2","MO","US","","","IRK","VORTAC","W","248","RAD","68","L","","1","Modified","HOLD_DIRECTION HOLD_DEG_OR_CRS AZIMUTH COURSE_INBOUND_DEG LEG_LENGTH_DIST"
"2026/05/14","KIRKSVILLE VORTAC*MO","2","MO","US","","","IRK","VORTAC","SW","247","RNAV","67","L","10","2","Modified","HOLD_DIRECTION HOLD_DEG_OR_CRS AZIMUTH COURSE_INBOUND_DEG LEG_LENGTH_DIST"
"2026/04/16","KIRKSVILLE VORTAC*MO","3","MO","US","","","IRK","VORTAC","SW","247","RNAV","67","L","10","2","Deleted",""
"2026/04/16","LAANG NDB*KY","2","KY","US","","","LK","NDB","S","168","BRG","348","R","","2","Deleted",""
"2026/04/16","LAFAYETTE VORTAC*LA","1","LA","US","","","LFT","VORTAC","NE","61","RAD","241","L","","2","Deleted",""
"2026/04/16","LAZLO INT*UT*K2","1","UT","US","LAZLO","K2","DTA","VORTAC","S","358","RAD","358","R","10","1","Modified","LEG_LENGTH_DIST"
"2026/05/14","LAZLO INT*UT*K2","1","UT","US","LAZLO","K2","DTA","VORTAC","S","358","RAD","358","R","","2","Modified","LEG_LENGTH_DIST"
"2026/04/16","LISSI INT*WI*K5","1","WI","US","LISSI","K5","BAE","VOR/DME","N","360","RAD","180","R","4","2","Deleted",""
"2026/04/16","LIVINGSTON VOR/DME*TN","1","TN","US","","","LVT","VOR/DME","NW","325","RAD","145","R","","2","Deleted",""
"2026/04/16","LONDON VOR/DME*KY","2","KY","US","","","LOZ","VOR/DME","SW","205","RAD","25","R","","1","Modified","HOLD_DIRECTION HOLD_DEG_OR_CRS COURSE_INBOUND_DEG"
"2026/05/14","LONDON VOR/DME*KY","2","KY","US","","","LOZ","VOR/DME","E","89","RAD","269","R","","2","Modified","HOLD_DIRECTION HOLD_DEG_OR_CRS COURSE_INBOUND_DEG"
"2026/04/16","LONDON VOR/DME*KY","3","KY","US","","","LOZ","VOR/DME","E","89","RAD","269","R","","1","Modified","HOLD_DIRECTION HOLD_DEG_OR_CRS COURSE_INBOUND_DEG"
"2026/05/14","LONDON VOR/DME*KY","3","KY","US","","","LOZ","VOR/DME","N","20","RAD","200","R","","2","Modified","HOLD_DIRECTION HOLD_DEG_OR_CRS COURSE_INBOUND_DEG"
"2026/04/16","LONDON VOR/DME*KY","4","KY","US","","","LOZ","VOR/DME","N","20","RAD","200","R","","2","Deleted",""
"2026/04/16","MACHE INT*PR*TJ","1","PR","US","MACHE","TJ","NRR","TACAN","SW","218","RAD","38","R","10","2","Deleted",""
"2026/04/16","MANNING NDB*SC","1","SC","US","","","MNI","NDB","SW","206","BRG","26","R","","2","Deleted",""
"2026/04/16","MAYFY INT*TX*K4","1","TX","US","MAYFY","K4","EWM","VORTAC","E","79","RAD","259","R","","2","Deleted",""
"2026/04/16","MELLL INT*MN*K3","1","MN","US","MELLL","K3","MVE","VOR/DME","SE","148","RAD","328","R","","2","Deleted",""
"2026/04/16","MIKLE INT*LA*K4","1","LA","US","MIKLE","K4","AEX","VORTAC","SE","123","RAD","303","R","","2","Deleted",""
"2026/04/16","MINOT VOR/DME*ND","3","ND","US","","","MOT","VOR/DME","E","84","RAD","264","L","","2","Deleted",""
"2026/04/16","MINOT VOR/DME*ND","4","ND","US","","","MOT","VOR/DME","SW","247","RAD","67","R","","2","Deleted",""
"2026/04/16","MITCHELL VOR/DME*SD","1","SD","US","","","MHE","VOR/DME","NW","297","RAD","117","R","","1","Modified","HOLD_DIRECTION HOLD_DEG_OR_CRS COURSE_INBOUND_DEG"
"2026/05/14","MITCHELL VOR/DME*SD","1","SD","US","","","MHE","VOR/DME","SE","130","RAD","310","R","","2","Modified","HOLD_DIRECTION HOLD_DEG_OR_CRS COURSE_INBOUND_DEG"
"2026/04/16","MITCHELL VOR/DME*SD","2","SD","US","","","MHE","VOR/DME","SE","130","RAD","310","R","","2","Deleted",""
"2026/04/16","MONROE VORTAC*LA","2","LA","US","","","MLU","VORTAC","W","275","RAD","95","L","","2","Deleted",""
"2026/04/16","MOSSY NDB*LA","2","LA","US","MOSSY","K4","CWF","LS","NW","334","CRS","154","L","","1","Modified","NAV_ID NAV_TYPE"
"2026/05/14","MOSSY NDB*LA","2","LA","US","MOSSY","K4","CWCWF","NDBLS","NW","334","CRS","154","L","","2","Modified","NAV_ID NAV_TYPE"
"2026/04/16","MUNCIE VOR/DME*IN","1","IN","US","","","MIE","VOR/DME","NW","323","RAD","143","R","","2","Deleted",""
"2026/04/16","MUNCIE VOR/DME*IN","2","IN","US","","","MIE","VOR/DME","N","21","RAD","201","R","","2","Deleted",""
"2026/04/16","NEEBO WP*UT*K2","2","UT","US","NEEBO","K2","","","S","175","RNAV","355","L","10","2","Deleted",""
"2026/04/16","NEW CASTLE NDB*IN","1","IN","US","","","UWL","NDB","W","267","BRG","87","R","","2","Deleted",""
"2026/04/16","NEW HOPE VOR/DME*KY","1","KY","US","","","EWO","VOR/DME","SW","217","RAD","37","R","","1","Modified","HOLD_DEG_OR_CRS COURSE_INBOUND_DEG TURN_DIRECTION"
"2026/05/14","NEW HOPE VOR/DME*KY","1","KY","US","","","EWO","VOR/DME","SW","222","RAD","42","L","","2","Modified","HOLD_DEG_OR_CRS COURSE_INBOUND_DEG TURN_DIRECTION"
"2026/04/16","NEW HOPE VOR/DME*KY","2","KY","US","","","EWO","VOR/DME","SW","222","RAD","42","L","","1","Modified","HOLD_DIRECTION HOLD_DEG_OR_CRS COURSE_INBOUND_DEG TURN_DIRECTION"
"2026/05/14","NEW HOPE VOR/DME*KY","2","KY","US","","","EWO","VOR/DME","E","104","RAD","284","R","","2","Modified","HOLD_DIRECTION HOLD_DEG_OR_CRS COURSE_INBOUND_DEG TURN_DIRECTION"
"2026/04/16","NEW HOPE VOR/DME*KY","3","KY","US","","","EWO","VOR/DME","E","104","RAD","284","R","","2","Deleted",""
"2026/04/16","NEWTON VOR/DME*IA","3","IA","US","","","TNU","VOR/DME","SE","116","RAD","296","R","","1","Modified","HOLD_DIRECTION HOLD_DEG_OR_CRS AZIMUTH COURSE_INBOUND_DEG LEG_LENGTH_DIST"
"2026/05/14","NEWTON VOR/DME*IA","3","IA","US","","","TNU","VOR/DME","NE","47","RNAV","227","R","4","2","Modified","HOLD_DIRECTION HOLD_DEG_OR_CRS AZIMUTH COURSE_INBOUND_DEG LEG_LENGTH_DIST"
"2026/04/16","NEWTON VOR/DME*IA","4","IA","US","","","TNU","VOR/DME","NE","47","RNAV","227","R","4","2","Deleted",""
"2026/04/16","NILOE INT*LA*K4","1","LA","US","NILOE","K4","BAD","TACAN","SE","146","RAD","326","R","6","1","Modified","HOLD_DEG_OR_CRS COURSE_INBOUND_DEG"
"2026/05/14","NILOE INT*LA*K4","1","LA","US","NILOE","K4","BAD","TACAN","SE","149","RAD","329","R","6","2","Modified","HOLD_DEG_OR_CRS COURSE_INBOUND_DEG"
"2026/04/16","NOFSU WP*IL*K5","1","IL","US","NOFSU","K5","","","S","189","RNAV","9","R","4","2","Deleted",""
"2026/04/16","NORWICH VOR/DME*CT","1","CT","US","","","ORW","VOR/DME","S","158","RAD","338","R","","1","Modified","HOLD_DIRECTION HOLD_DEG_OR_CRS COURSE_INBOUND_DEG TURN_DIRECTION"
"2026/05/14","NORWICH VOR/DME*CT","1","CT","US","","","ORW","VOR/DME","SW","238","RAD","58","L","","2","Modified","HOLD_DIRECTION HOLD_DEG_OR_CRS COURSE_INBOUND_DEG TURN_DIRECTION"
"2026/04/16","NORWICH VOR/DME*CT","2","CT","US","","","ORW","VOR/DME","SW","238","RAD","58","L","","1","Modified","HOLD_DIRECTION HOLD_DEG_OR_CRS AZIMUTH COURSE_INBOUND_DEG TURN_DIRECTION LEG_LENGTH_DIST"
"2026/05/14","NORWICH VOR/DME*CT","2","CT","US","","","ORW","VOR/DME","S","158","RNAV","338","R","4","2","Modified","HOLD_DIRECTION HOLD_DEG_OR_CRS AZIMUTH COURSE_INBOUND_DEG TURN_DIRECTION LEG_LENGTH_DIST"
"2026/04/16","NORWICH VOR/DME*CT","3","CT","US","","","ORW","VOR/DME","S","158","RNAV","338","R","4","2","Deleted",""
"2026/04/16","NOTTA INT*LA*K4","1","LA","US","NOTTA","K4","LFT","VORTAC","S","197","RAD","17","R","","2","Deleted",""
"2026/04/16","NVRTL INT*OH*K5","1","OH","US","NVRTL","K5","ACO","VOR/DME","E","278","RAD","278","R","","2","Deleted",""
"2026/04/16","OJPOT WP*SD*K3","1","SD","US","OJPOT","K3","","","SE","137","RNAV","317","R","4","1","Modified","HOLD_DEG_OR_CRS COURSE_INBOUND_DEG LEG_LENGTH_DIST"
"2026/05/14","OJPOT WP*SD*K3","1","SD","US","OJPOT","K3","","","SE","141","RNAV","321","R","5","2","Modified","HOLD_DEG_OR_CRS COURSE_INBOUND_DEG LEG_LENGTH_DIST"
"2026/04/16","OLIRE WP*TX*K4","1","TX","US","OLIRE","K4","","","NW","313","RNAV","133","R","4","1","Modified","HOLD_DEG_OR_CRS COURSE_INBOUND_DEG"
"2026/05/14","OLIRE WP*TX*K4","1","TX","US","OLIRE","K4","","","NW","317","RNAV","137","R","4","2","Modified","HOLD_DEG_OR_CRS COURSE_INBOUND_DEG"
"2026/04/16","OLNEY NDB*IL","1","IL","US","","","OLY","NDB","SW","228","BRG","48","R","","2","Deleted",""
"2026/04/16","OMAHA VORTAC*IA","1","IA","US","","","OVR","VORTAC","E","104","RAD","284","R","","2","Deleted",""
"2026/04/16","OMAHA VORTAC*IA","2","IA","US","","","OVR","VORTAC","SE","133","RAD","313","R","","2","Deleted",""
"2026/04/16","OMAHA VORTAC*IA","3","IA","US","","","OVR","VORTAC","E","107","RNAV","287","R","4","2","Deleted",""
"2026/04/16","ONIDA LOM*OH","1","OH","US","","","MW","LO","W","265","BRG","85","R","","1","Modified","HOLD_DIRECTION HOLD_DEG_OR_CRS COURSE_INBOUND_DEG TURN_DIRECTION"
"2026/05/14","ONIDA LOM*OH","1","OH","US","","","MW","LO","NE","53","BRG","233","L","","2","Modified","HOLD_DIRECTION HOLD_DEG_OR_CRS COURSE_INBOUND_DEG TURN_DIRECTION"
"2026/04/16","ONIDA LOM*OH","2","OH","US","","","MW","LO","NE","53","BRG","233","L","","2","Deleted",""
"2026/04/16","OPIPE WP*ME*K6","1","ME","US","OPIPE","K6","","","E","109","RNAV","289","R","5","1","Modified","HOLD_DEG_OR_CRS COURSE_INBOUND_DEG"
"2026/05/14","OPIPE WP*ME*K6","1","ME","US","OPIPE","K6","","","E","97","RNAV","277","R","5","2","Modified","HOLD_DEG_OR_CRS COURSE_INBOUND_DEG"
"2026/04/16","ORD NDB*NE","1","NE","US","","","ODX","NDB","NW","304","BRG","124","R","","2","Deleted",""
"2026/04/16","OSIXE WP*IN*K5","1","IN","US","OSIXE","K5","","","W","270","RNAV","90","R","4","2","Deleted",""
"2026/04/16","OXONN INT*MD*K6","2","MD","US","OXONN","K6","DCA","VOR/DME","S","185","RAD","5","L","","2","Deleted",""
"2026/04/16","OXONN NDB*DC","1","DC","US","","","VQK","NDB","S","187","BRG","7","L","","2","Deleted",""
"2026/04/16","OZORA INT*MO*K3","1","MO","US","OZORA","K3","FAM","VORTAC","SW","56","RAD","56","L","","2","Deleted",""
"2026/04/16","PANDA INT*FL*K7","1","FL","US","PANDA","K7","NQX","TACAN","W","252","RAD","72","L","11","1","Modified","LEG_LENGTH_DIST"
"2026/05/14","PANDA INT*FL*K7","1","FL","US","PANDA","K7","NQX","TACAN","W","252","RAD","72","L","6","2","Modified","LEG_LENGTH_DIST"
"2026/04/16","PANDA INT*FL*K7","2","FL","US","PANDA","K7","NQX","TACAN","W","252","RAD","72","L","6","1","Modified","LEG_LENGTH_DIST"
"2026/05/14","PANDA INT*FL*K7","2","FL","US","PANDA","K7","NQX","TACAN","W","252","RAD","72","L","5","2","Modified","LEG_LENGTH_DIST"
"2026/04/16","PANDA INT*FL*K7","5","FL","US","PANDA","K7","NQX","TACAN","W","252","RAD","72","L","9","1","Modified","LEG_LENGTH_DIST"
"2026/05/14","PANDA INT*FL*K7","5","FL","US","PANDA","K7","NQX","TACAN","W","252","RAD","72","L","11","2","Modified","LEG_LENGTH_DIST"
"2026/04/16","PEGTE INT*NC*K7","2","NC","US","PEGTE","K7","SVH","LD","E","105","CRS","285","R","","2","Deleted",""
"2026/04/16","PERLE INT*IN*K5","1","IN","US","PERLE","K5","OOM","VORTAC","N","159","RAD","159","L","","2","Deleted",""
"2026/04/16","PERRYTON NDB*TX","1","TX","US","","","PYX","NDB","E","90","BRG","270","L","","2","Deleted",""
"2026/04/16","PERSN INT*TX*K4","1","TX","US","PERSN","K4","CVE","VOR/DME","SW","213","RAD","33","R","","2","Deleted",""
"2026/04/16","PERSN INT*TX*K4","2","TX","US","PERSN","K4","TTT","VOR/DME","SW","222","RAD","42","R","","1","Modified","NAV_ID NAV_TYPE HOLD_DEG_OR_CRS COURSE_INBOUND_DEG"
"2026/05/14","PERSN INT*TX*K4","2","TX","US","PERSN","K4","FUZ","VORTAC","SW","232","RAD","52","R","","2","Modified","NAV_ID NAV_TYPE HOLD_DEG_OR_CRS COURSE_INBOUND_DEG"
"2026/04/16","PERSN WP*TX*K4","3","TX","US","PERSN","K4","","","SW","215","RNAV","35","R","4","2","Deleted",""
"2026/04/16","PHURN LOM*MI","2","MI","US","","","PHN","LS","SW","223","CRS","43","R","","2","Deleted",""
"2026/04/16","PIONEER VORTAC*OK","2","OK","US","","","PER","VORTAC","E","83","RAD","263","R","","1","Modified","HOLD_DEG_OR_CRS COURSE_INBOUND_DEG"
"2026/05/14","PIONEER VORTAC*OK","2","OK","US","","","PER","VORTAC","E","90","RAD","270","R","","2","Modified","HOLD_DEG_OR_CRS COURSE_INBOUND_DEG"
"2026/04/16","PIONEER VORTAC*OK","3","OK","US","","","PER","VORTAC","S","189","RAD","9","R","","1","Modified","HOLD_DIRECTION HOLD_DEG_OR_CRS AZIMUTH COURSE_INBOUND_DEG LEG_LENGTH_DIST"
"2026/05/14","PIONEER VORTAC*OK","3","OK","US","","","PER","VORTAC","E","90","RNAV","270","R","10","2","Modified","HOLD_DIRECTION HOLD_DEG_OR_CRS AZIMUTH COURSE_INBOUND_DEG LEG_LENGTH_DIST"
"2026/04/16","PLADD INT*MO*K3","1","MO","US","PLADD","K3","SGF","VORTAC","NE","24","RAD","204","R","7","1","Modified","LEG_LENGTH_DIST"
"2026/05/14","PLADD INT*MO*K3","1","MO","US","PLADD","K3","SGF","VORTAC","NE","24","RAD","204","R","","2","Modified","LEG_LENGTH_DIST"
"2026/04/16","PLATTSMOUTH NDB*NE","2","NE","US","","","PMV","NDB","NW","335","BRG","155","L","","2","Deleted",""
"2026/04/16","PLATTSMOUTH NDB*NE","3","NE","US","","","PMV","NDB","S","177","BRG","357","L","","2","Deleted",""
"2026/04/16","POTHE INT*MO*K3","1","MO","US","POTHE","K3","SGF","VORTAC","N","16","RAD","196","R","10","1","Modified","LEG_LENGTH_DIST"
"2026/05/14","POTHE INT*MO*K3","1","MO","US","POTHE","K3","SGF","VORTAC","N","16","RAD","196","R","","2","Modified","LEG_LENGTH_DIST"
"2026/04/16","QUOTA INT*IL*K5","1","IL","US","QUOTA","K5","SPI","VORTAC","SW","41","RAD","41","R","4","2","Deleted",""
"2026/04/16","RAGUE INT*KY*K5","1","KY","US","RAGUE","K5","EWO","VOR/DME","NW","132","RAD","132","R","","2","Deleted",""
"2026/04/16","REBUT INT*OH*K5","1","OH","US","REBUT","K5","FBC","VORTAC","W","73","RAD","73","R","","2","Deleted",""
"2026/04/16","RENLY WP*ND*K3","1","ND","US","RENLY","K3","","","SE","125","RNAV","305","R","6","1","Modified","LEG_LENGTH_DIST"
"2026/05/14","RENLY WP*ND*K3","1","ND","US","RENLY","K3","","","SE","125","RNAV","305","R","5","2","Modified","LEG_LENGTH_DIST"
"2026/04/16","RHINELANDER VOR/DME*WI","2","WI","US","","","RHI","VOR/DME","W","281","RAD","101","R","","1","Modified","HOLD_DIRECTION HOLD_DEG_OR_CRS COURSE_INBOUND_DEG TURN_DIRECTION"
"2026/05/14","RHINELANDER VOR/DME*WI","2","WI","US","","","RHI","VOR/DME","S","201","RAD","21","L","","2","Modified","HOLD_DIRECTION HOLD_DEG_OR_CRS COURSE_INBOUND_DEG TURN_DIRECTION"
"2026/04/16","RHINELANDER VOR/DME*WI","3","WI","US","","","RHI","VOR/DME","S","201","RAD","21","L","","1","Modified","AZIMUTH TURN_DIRECTION LEG_LENGTH_DIST"
"2026/05/14","RHINELANDER VOR/DME*WI","3","WI","US","","","RHI","VOR/DME","S","201","RNAV","21","R","4","2","Modified","AZIMUTH TURN_DIRECTION LEG_LENGTH_DIST"
"2026/04/16","RHINELANDER VOR/DME*WI","4","WI","US","","","RHI","VOR/DME","S","201","RNAV","21","R","4","2","Deleted",""
"2026/04/16","RIPPS WP*VA*K6","1","VA","US","RIPPS","K6","CCV","VORTAC","NE","67","RNAV","247","R","4","1","Modified","NAV_ID NAV_TYPE"
"2026/05/14","RIPPS WP*VA*K6","1","VA","US","RIPPS","K6","","","NE","67","RNAV","247","R","4","2","Modified","NAV_ID NAV_TYPE"
"2026/04/16","ROBERTS VOR/DME*IL","1","IL","US","","","RBS","VOR/DME","N","346","RAD","166","R","","2","Deleted",""
"2026/04/16","ROBINSON NDB*TX","1","TX","US","","","ROB","NDB","S","176","BRG","356","R","","2","Deleted",""
"2026/04/16","ROCHESTER VOR/DME*MN","3","MN","US","","","RST","VOR/DME","SE","139","RAD","319","R","","2","Deleted",""
"2026/04/16","ROCK RIVER NDB*WI","1","WI","US","","","RYV","NDB","E","74","BRG","254","L","","2","Deleted",""
"2026/04/16","ROCK RIVER NDB*WI","2","WI","US","","","RYV","NDB","SW","219","BRG","39","R","","2","Deleted",""
"2026/04/16","ROSKY INT*WI*K5","1","WI","US","ROSKY","K5","BAE","VOR/DME","NE","247","RAD","247","R","","2","Deleted",""
"2026/04/16","ROVSE WP*NM*K2","1","NM","US","ROVSE","K2","","","E","78","RNAV","258","R","6","1","Modified","LEG_LENGTH_DIST"
"2026/05/14","ROVSE WP*NM*K2","1","NM","US","ROVSE","K2","","","E","78","RNAV","258","R","7","2","Modified","LEG_LENGTH_DIST"
"2026/04/16","RRICH WP*UT*K2","1","UT","US","RRICH","K2","","","S","175","RNAV","355","L","12","2","Deleted",""
"2026/04/16","RUUSH INT*SD*K3","1","SD","US","RUUSH","K3","RCA","TACAN","NE","43","RAD","223","R","10","1","Modified","LEG_LENGTH_DIST"
"2026/05/14","RUUSH INT*SD*K3","1","SD","US","RUUSH","K3","RCA","TACAN","NE","43","RAD","223","R","9","2","Modified","LEG_LENGTH_DIST"
"2026/04/16","RUUSH INT*SD*K3","2","SD","US","RUUSH","K3","RCA","TACAN","NE","43","RAD","223","R","10","2","Deleted",""
"2026/04/16","RYAN NDB*AZ","2","AZ","US","RYAN","K2","","","W","270","RNAV","90","R","7","1","Modified","NAV_ID NAV_TYPE HOLD_DEG_OR_CRS COURSE_INBOUND_DEG"
"2026/05/14","RYAN NDB*AZ","2","AZ","US","RYAN","K2","RYN","NDB","W","273","RNAV","93","R","7","2","Modified","NAV_ID NAV_TYPE HOLD_DEG_OR_CRS COURSE_INBOUND_DEG"
"2026/04/16","SALEM VORTAC*MI","1","MI","US","","","SVM","VORTAC","NE","33","RAD","213","R","","1","Modified","HOLD_DIRECTION HOLD_DEG_OR_CRS COURSE_INBOUND_DEG TURN_DIRECTION"
"2026/05/14","SALEM VORTAC*MI","1","MI","US","","","SVM","VORTAC","NW","294","RAD","114","L","","2","Modified","HOLD_DIRECTION HOLD_DEG_OR_CRS COURSE_INBOUND_DEG TURN_DIRECTION"
"2026/04/16","SALEM VORTAC*MI","2","MI","US","","","SVM","VORTAC","NW","294","RAD","114","L","","1","Modified","HOLD_DIRECTION HOLD_DEG_OR_CRS COURSE_INBOUND_DEG TURN_DIRECTION"
"2026/05/14","SALEM VORTAC*MI","2","MI","US","","","SVM","VORTAC","S","170","RAD","350","R","","2","Modified","HOLD_DIRECTION HOLD_DEG_OR_CRS COURSE_INBOUND_DEG TURN_DIRECTION"
"2026/04/16","SALEM VORTAC*MI","3","MI","US","","","SVM","VORTAC","S","170","RAD","350","R","","1","Modified","HOLD_DIRECTION HOLD_DEG_OR_CRS COURSE_INBOUND_DEG"
"2026/05/14","SALEM VORTAC*MI","3","MI","US","","","SVM","VORTAC","N","360","RAD","180","R","","2","Modified","HOLD_DIRECTION HOLD_DEG_OR_CRS COURSE_INBOUND_DEG"
"2026/04/16","SALEM VORTAC*MI","4","MI","US","","","SVM","VORTAC","N","360","RAD","180","R","","1","Modified","HOLD_DEG_OR_CRS COURSE_INBOUND_DEG TURN_DIRECTION"
"2026/05/14","SALEM VORTAC*MI","4","MI","US","","","SVM","VORTAC","N","344","RAD","164","L","","2","Modified","HOLD_DEG_OR_CRS COURSE_INBOUND_DEG TURN_DIRECTION"
"2026/04/16","SALEM VORTAC*MI","5","MI","US","","","SVM","VORTAC","N","344","RAD","164","L","","1","Modified","HOLD_DIRECTION HOLD_DEG_OR_CRS AZIMUTH COURSE_INBOUND_DEG LEG_LENGTH_DIST"
"2026/05/14","SALEM VORTAC*MI","5","MI","US","","","SVM","VORTAC","NW","294","RNAV","114","L","4","2","Modified","HOLD_DIRECTION HOLD_DEG_OR_CRS AZIMUTH COURSE_INBOUND_DEG LEG_LENGTH_DIST"
"2026/04/16","SALEM VORTAC*MI","6","MI","US","","","SVM","VORTAC","NE","55","RAD","235","R","","2","Deleted",""
"2026/04/16","SALEM VORTAC*MI","7","MI","US","","","SVM","VORTAC","NW","294","RNAV","114","L","4","2","Deleted",""
"2026/04/16","SCOLD INT*SD*K3","2","SD","US","SCOLD","K3","RCA","TACAN","SE","130","RAD","310","R","10","2","Deleted",""
"2026/04/16","SEZER INT*KS*K3","1","KS","US","SEZER","K3","ICT","VORTAC","E","95","RAD","275","R","","2","Deleted",""
"2026/04/16","SHELBYVILLE NDB*IL","1","IL","US","","","SYZ","NDB","S","190","BRG","10","L","","2","Deleted",""
"2026/04/16","SHIRN INT*IA*K3","1","IA","US","SHIRN","K3","IOW","VOR/DME","S","186","RAD","6","R","","2","Deleted",""
"2026/04/16","SKEAT INT*IN*K5","1","IN","US","SKEAT","K5","GIJ","VORTAC","E","101","RAD","281","R","","2","Deleted",""
"2026/04/16","SKIPP INT*FL*K7","1","FL","US","SKIPP","K7","EYW","VORTAC","W","278","RAD","98","R","4","2","Deleted",""
"2026/04/16","SKIPP WP*FL*K7","2","FL","US","SKIPP","K7","","","W","281","RNAV","101","R","4","2","Deleted",""
"2026/04/16","SKYLA INT*TX*K4","1","TX","US","SKYLA","K4","UKW","VORTAC","N","175","BRG","175","R","","2","Deleted",""
"2026/04/16","SNOOP LOM*MO","1","MO","US","","","SU","LO","W","259","CRS","79","R","","2","Deleted",""
"2026/04/16","SOCCA INT*KS*K3","1","KS","US","SOCCA","K3","ICT","VORTAC","E","103","RAD","283","L","5","2","Deleted",""
"2026/04/16","SOCORRO VORTAC*NM","1","NM","US","","","ONM","VORTAC","N","2","RAD","182","R","","1","Modified","HOLD_DEG_OR_CRS AZIMUTH COURSE_INBOUND_DEG LEG_LENGTH_DIST"
"2026/05/14","SOCORRO VORTAC*NM","1","NM","US","","","ONM","VORTAC","N","6","RNAV","186","R","7","2","Modified","HOLD_DEG_OR_CRS AZIMUTH COURSE_INBOUND_DEG LEG_LENGTH_DIST"
"2026/04/16","SOCORRO VORTAC*NM","2","NM","US","","","ONM","VORTAC","S","165","RAD","345","L","","1","Modified","HOLD_DIRECTION HOLD_DEG_OR_CRS COURSE_INBOUND_DEG TURN_DIRECTION"
"2026/05/14","SOCORRO VORTAC*NM","2","NM","US","","","ONM","VORTAC","N","2","RAD","182","R","","2","Modified","HOLD_DIRECTION HOLD_DEG_OR_CRS COURSE_INBOUND_DEG TURN_DIRECTION"
"2026/04/16","SOCORRO VORTAC*NM","3","NM","US","","","ONM","VORTAC","N","6","RNAV","186","R","7","2","Deleted",""
"2026/04/16","SOCORRO VORTAC*NM","4","NM","US","","","ONM","VORTAC","N","2","RAD","182","R","","2","Deleted",""
"2026/04/16","SPENCER VOR/DME*IA","1","IA","US","","","SPW","VOR/DME","S","185","RAD","5","R","","1","Modified","HOLD_DIRECTION HOLD_DEG_OR_CRS COURSE_INBOUND_DEG"
"2026/05/14","SPENCER VOR/DME*IA","1","IA","US","","","SPW","VOR/DME","E","105","RAD","285","R","","2","Modified","HOLD_DIRECTION HOLD_DEG_OR_CRS COURSE_INBOUND_DEG"
"2026/04/16","SPENCER VOR/DME*IA","2","IA","US","","","SPW","VOR/DME","E","105","RAD","285","R","","1","Modified","HOLD_DIRECTION HOLD_DEG_OR_CRS AZIMUTH COURSE_INBOUND_DEG LEG_LENGTH_DIST"
"2026/05/14","SPENCER VOR/DME*IA","2","IA","US","","","SPW","VOR/DME","S","185","RNAV","5","R","4","2","Modified","HOLD_DIRECTION HOLD_DEG_OR_CRS AZIMUTH COURSE_INBOUND_DEG LEG_LENGTH_DIST"
"2026/04/16","SPENCER VOR/DME*IA","3","IA","US","","","SPW","VOR/DME","S","185","RNAV","5","R","4","2","Deleted",""
"2026/04/16","STUEE INT*LA*K4","1","LA","US","STUEE","K4","MLU","VORTAC","E","89","RAD","269","R","","2","Deleted",""
"2026/04/16","STULL INT*SC*K7","1","SC","US","STULL","K7","CLT","VOR/DME","W","250","RAD","70","R","","2","Deleted",""
"2026/04/16","STULL INT*SC*K7","2","SC","US","STULL","K7","BZM","VOR/DME","N","183","RAD","183","R","","1","Modified","HOLD_DEG_OR_CRS"
"2026/05/14","STULL INT*SC*K7","2","SC","US","STULL","K7","BZM","VOR/DME","N","3","RAD","183","R","","2","Modified","HOLD_DEG_OR_CRS"
"2026/04/16","STULL WP*SC*K7","3","SC","US","STULL","K7","","","W","252","RNAV","72","R","4","2","Deleted",""
"2026/04/16","STURGIS NDB*MI","1","MI","US","","","IRS","NDB","N","345","BRG","165","L","","2","Deleted",""
"2026/04/16","STURGIS NDB*MI","2","MI","US","","","IRS","NDB","NE","56","BRG","236","R","","2","Deleted",""
"2026/04/16","SUNSHINE VOR/DME*MO","1","MO","US","","","SHY","VOR/DME","SW","217","RAD","37","R","","1","Modified","HOLD_DIRECTION HOLD_DEG_OR_CRS COURSE_INBOUND_DEG TURN_DIRECTION"
"2026/05/14","SUNSHINE VOR/DME*MO","1","MO","US","","","SHY","VOR/DME","SE","138","RAD","318","L","","2","Modified","HOLD_DIRECTION HOLD_DEG_OR_CRS COURSE_INBOUND_DEG TURN_DIRECTION"
"2026/04/16","SUNSHINE VOR/DME*MO","2","MO","US","","","SHY","VOR/DME","SE","138","RAD","318","L","","1","Modified","HOLD_DIRECTION HOLD_DEG_OR_CRS COURSE_INBOUND_DEG"
"2026/05/14","SUNSHINE VOR/DME*MO","2","MO","US","","","SHY","VOR/DME","NE","47","RAD","227","L","","2","Modified","HOLD_DIRECTION HOLD_DEG_OR_CRS COURSE_INBOUND_DEG"
"2026/04/16","SUNSHINE VOR/DME*MO","3","MO","US","","","SHY","VOR/DME","NE","47","RAD","227","L","","2","Deleted",""
"2026/04/16","TAVDE WP*FL*K7","1","FL","US","TAVDE","K7","","","SW","238","RNAV","58","L","","1","Modified","LEG_LENGTH_DIST"
"2026/05/14","TAVDE WP*FL*K7","1","FL","US","TAVDE","K7","","","SW","238","RNAV","58","L","4","2","Modified","LEG_LENGTH_DIST"
"2026/04/16","TIFFIN NDB*OH","1","OH","US","","","TII","NDB","E","70","BRG","250","R","","2","Deleted",""
"2026/04/16","TRIER WP*ME*K6","1","ME","US","TRIER","K6","","","SW","241","RNAV","61","R","7","1","Modified","HOLD_DEG_OR_CRS COURSE_INBOUND_DEG"
"2026/05/14","TRIER WP*ME*K6","1","ME","US","TRIER","K6","","","SW","245","RNAV","65","R","7","2","Modified","HOLD_DEG_OR_CRS COURSE_INBOUND_DEG"
"2026/04/16","TUCOB WP*NM*K2","1","NM","US","TUCOB","K2","","","SW","213","RNAV","33","R","6","1","Modified","LEG_LENGTH_DIST"
"2026/05/14","TUCOB WP*NM*K2","1","NM","US","TUCOB","K2","","","SW","213","RNAV","33","R","7","2","Modified","LEG_LENGTH_DIST"
"2026/04/16","UNIVERSITY NDB*OH","2","OH","US","","","UGS","NDB","NE","67","BRG","247","R","","2","Deleted",""
"2026/04/16","UNIVERSITY NDB*OH","3","OH","US","","","UGS","NDB","NE","67","BRG","247","R","","2","Deleted",""
"2026/04/16","UTUVE WP*KS*K3","1","KS","US","UTUVE","K3","","","S","176","RNAV","356","R","5","1","Modified","LEG_LENGTH_DIST"
"2026/05/14","UTUVE WP*KS*K3","1","KS","US","UTUVE","K3","","","S","176","RNAV","356","R","4","2","Modified","LEG_LENGTH_DIST"
"2026/04/16","VERSI INT*WV*K6","1","WV","US","VERSI","K6","JPU","VOR/DME","SW","207","RAD","27","R","","2","Deleted",""
"2026/04/16","WADOD WP*OH*K5","1","OH","US","WADOD","K5","","","W","280","RNAV","100","L","4","2","Deleted",""
"2026/04/16","WAHOO NDB*NE","1","NE","US","","","AHQ","NDB","NE","25","BRG","205","R","","2","Deleted",""
"2026/04/16","WANDY INT*KS*K3","1","KS","US","WANDY","K3","ICT","VORTAC","E","93","RAD","273","L","","2","Deleted",""
"2026/04/16","WAYNE COUNTY NDB*IL","1","IL","US","","","FWC","NDB","W","265","BRG","85","R","","2","Deleted",""
"2026/04/16","WEBSTER LAKE VOR*IN","1","IN","US","","","OLK","VOR","NW","294","RAD","114","R","","2","Deleted",""
"2026/04/16","WILEY POST VOR/DME*OK","1","OK","US","","","PWA","VOR/DME","W","290","RAD","110","L","","2","Deleted",""
"2026/04/16","WINK VORTAC*TX","1","TX","US","","","INK","VORTAC","NW","330","RAD","150","R","","1","Modified","HOLD_DEG_OR_CRS AZIMUTH COURSE_INBOUND_DEG TURN_DIRECTION LEG_LENGTH_DIST"
"2026/05/14","WINK VORTAC*TX","1","TX","US","","","INK","VORTAC","NW","314","RNAV","134","L","5","2","Modified","HOLD_DEG_OR_CRS AZIMUTH COURSE_INBOUND_DEG TURN_DIRECTION LEG_LENGTH_DIST"
"2026/04/16","WINK VORTAC*TX","2","TX","US","","","INK","VORTAC","NW","314","RNAV","134","L","5","2","Deleted",""
"2026/04/16","WIRUV INT*MN*K3","1","MN","US","WIRUV","K3","GFK","VOR/DME","W","97","RAD","97","R","","2","Deleted",""
"2026/04/16","YIGUT WP*IL*K5","1","IL","US","YIGUT","K5","","","SE","137","RNAV","317","R","4","2","Deleted",""
"2026/04/16","YORK NDB*NE","1","NE","US","","","JYR","NDB","NW","333","BRG","153","R","","2","Deleted",""
"2026/04/16","YORK NDB*NE","2","NE","US","","","JYR","NDB","S","182","BRG","2","L","","2","Deleted",""
"2026/04/16","ZANOR WP*NC*K7","1","NC","US","ZANOR","K7","","","SE","148","RNAV","328","R","4","1","Modified","HOLD_DIRECTION HOLD_DEG_OR_CRS COURSE_INBOUND_DEG"
"2026/05/14","ZANOR WP*NC*K7","1","NC","US","ZANOR","K7","","","S","180","RNAV","360","R","4","2","Modified","HOLD_DIRECTION HOLD_DEG_OR_CRS COURSE_INBOUND_DEG"
"2026/04/16","ZAVOV WP*KS*K3","1","KS","US","ZAVOV","K3","","","N","356","RNAV","176","R","5","1","Modified","LEG_LENGTH_DIST"
"2026/05/14","ZAVOV WP*KS*K3","1","KS","US","ZAVOV","K3","","","N","356","RNAV","176","R","4","2","Modified","LEG_LENGTH_DIST"
"2026/04/16","ZELEB INT*AR*K4","1","AR","US","ZELEB","K4","TXK","VORTAC","NE","52","RAD","232","R","","2","Deleted",""
"2026/04/16","ZILOD INT*UT*K2","1","UT","US","ZILOD","K2","TCH","VORTAC","S","159","RAD","339","R","","2","Deleted",""
"2026/04/16","ZUMOV WP*PA*K6","1","PA","US","ZUMOV","K6","","","W","259","RNAV","79","R","4","1","Modified","HOLD_DEG_OR_CRS COURSE_INBOUND_DEG"
"2026/05/14","ZUMOV WP*PA*K6","1","PA","US","ZUMOV","K6","","","W","270","RNAV","90","R","4","2","Modified","HOLD_DEG_OR_CRS COURSE_INBOUND_DEG"
"2026/04/16","ZUNMU INT*IA*K3","1","IA","US","ZUNMU","K3","SPW","VOR/DME","E","112","RAD","292","L","","2","Deleted",""
"2026/05/14","AFWAV WP*ND*K3","1","ND","US","AFWAV","K3","","","W","260","RNAV","80","R","4","2","Added",""
"2026/05/14","ALIXX WP*CT*K6","2","CT","US","ALIXX","K6","","","E","109","RNAV","289","L","4","2","Added",""
"2026/05/14","ALTUS VORTAC*OK","1","OK","US","","","LTS","VORTAC","N","21","RAD","201","R","","2","Added",""
"2026/05/14","BISTE WP*NC*K7","1","NC","US","BISTE","K7","","","E","133","RNAV","313","R","4","2","Added",""
"2026/05/14","BOUTN LOM*OH","3","","","","","","","SW","218","RNAV","38","L","4","2","Added",""
"2026/05/14","BRNLY INT*AK*PA","1","AK","US","BRNLY","PA","EDF","TACAN","N","7","RAD","187","L","4","2","Added",""
"2026/05/14","BUDKE WP*NC*K7","1","NC","US","BUDKE","K7","CLT","VOR/DME","NW","312","RNAV","132","R","4","2","Added",""
"2026/05/14","BULLE INT*LA*K4","2","LA","US","BULLE","K4","JKC","LS","NW","329","CRS","149","R","9","2","Added",""
"2026/05/14","BURLINGTON VOR/DME*IA","1","IA","US","","","BRL","VOR/DME","E","108","RAD","288","R","","2","Added",""
"2026/05/14","BURLINGTON VOR/DME*IA","2","IA","US","","","BRL","VOR/DME","NW","309","RAD","129","R","","2","Added",""
"2026/05/14","BVRLY WP*MO*K3","2","MO","US","BVRLY","K3","","","NW","319","RNAV","139","R","4","2","Added",""
"2026/05/14","CATTS INT*KS*K3","1","KS","US","CATTS","K3","MCI","VORTAC","E","95","RAD","275","R","","2","Added",""
"2026/05/14","CATTS WP*KS*K3","2","KS","US","CATTS","K3","","","E","95","RNAV","275","R","10","2","Added",""
"2026/05/14","CLANG WP*IN*K5","1","IN","US","CLANG","K5","","","NE","64","RNAV","244","L","4","2","Added",""
"2026/05/14","DACER INT*CA*K2","1","CA","US","DACER","K2","SGD","VORTAC","W","281","RAD","101","R","","2","Added",""
"2026/05/14","DOPTE WP*SC*K7","1","SC","US","DOPTE","K7","","","N","18","RNAV","198","R","4","2","Added",""
"2026/05/14","DRAWL WP*KS*K3","1","KS","US","DRAWL","K3","","","E","100","RNAV","280","R","10","2","Added",""
"2026/05/14","DUDLY WP*IL*K5","1","IL","US","DUDLY","K5","","","NW","294","RNAV","114","R","4","2","Added",""
"2026/05/14","DUFFS WP*IL*K5","1","IL","US","DUFFS","K5","","","S","189","RNAV","9","R","4","2","Added",""
"2026/05/14","EDEWO WP*OK*K4","1","OK","US","EDEWO","K4","","","E","78","RNAV","258","R","4","2","Added",""
"2026/05/14","EGANE WP*KS*K3","1","KS","US","EGANE","K3","","","E","100","RNAV","280","R","10","2","Added",""
"2026/05/14","EHLUN INT*KY*K5","1","KY","US","EHLUN","K5","HXW","TACAN","NE","46","RAD","226","R","6","2","Added",""
"2026/05/14","ELYSE OM*IN","1","IN","US","","","MQJ","LS","E","72","CRS","252","R","","2","Added",""
"2026/05/14","EWABE NDB*HI","1","HI","US","","","HN","NDB","W","270","RNAV","90","R","","2","Added",""
"2026/05/14","FOMUS WP*TN*K7","1","TN","US","FOMUS","K7","","","S","170","RNAV","350","R","4","2","Added",""
"2026/05/14","FRIANT VORTAC*CA","1","CA","US","","","FRA","VORTAC","S","170","RNAV","350","L","","2","Added",""
"2026/05/14","GARDEN CITY VORTAC*KS","4","KS","US","","","GCK","VORTAC","E","100","RNAV","280","R","10","2","Added",""
"2026/05/14","GARDEN CITY VORTAC*KS","5","KS","US","","","GCK","VORTAC","E","100","RAD","280","R","","2","Added",""
"2026/05/14","HAKSA WP*AK*PA","1","AK","US","HAKSA","PA","","","N","350","RNAV","170","R","7","2","Added",""
"2026/05/14","HARAN WP*KS*K3","1","KS","US","HARAN","K3","","","E","100","RNAV","280","R","10","2","Added",""
"2026/05/14","HIRUV WP*CA*K2","1","CA","US","HIRUV","K2","","","SW","216","RNAV","36","R","4","2","Added",""
"2026/05/14","HOPIN WP*UT*K2","1","UT","US","HOPIN","K2","","","S","170","RNAV","350","R","12","2","Added",""
"2026/05/14","HOWES INT*VT*K6","1","VT","US","HOWES","K6","ALB","VORTAC","W","71","RAD","71","R","","2","Added",""
"2026/05/14","ITMOR INT*CA*K2","2","CA","US","ITMOR","K2","RBL","VORTAC","S","357","RAD","357","L","5","2","Added",""
"2026/05/14","ITMOR WP*CA*K2","3","CA","US","ITMOR","K2","","","S","181","RNAV","1","L","5","2","Added",""
"2026/05/14","LEEVT WP*UT*K2","1","UT","US","LEEVT","K2","","","S","169","RNAV","349","R","11","2","Added",""
"2026/05/14","MOZEE WP*KS*K3","1","KS","US","MOZEE","K3","","","E","100","RNAV","280","L","10","2","Added",""
"2026/05/14","OBBAN WP*SD*K3","1","SD","US","OBBAN","K3","","","NW","310","RNAV","130","R","5","2","Added",""
"2026/05/14","OMAHA VOR/DME*IA","1","IA","US","","","OVR","VORTAC","E","104","RAD","284","R","","2","Added",""
"2026/05/14","OMAHA VOR/DME*IA","2","IA","US","","","OVR","VORTAC","SE","133","RAD","313","R","","2","Added",""
"2026/05/14","OMAHA VOR/DME*IA","3","IA","US","","","OVR","VORTAC","E","107","RNAV","287","R","4","2","Added",""
"2026/05/14","PERSN INT*TX*K4","3","TX","US","PERSN","K4","TTT","VOR/DME","SW","222","RAD","42","R","","2","Added",""
"2026/05/14","PERSN WP*TX*K4","1","TX","US","PERSN","K4","CVE","VOR/DME","SW","215","RNAV","35","R","4","2","Added",""
"2026/05/14","RACOK WP*MI*K5","1","MI","US","RACOK","K5","","","S","166","RNAV","346","R","4","2","Added",""
"2026/05/14","RDGRS WP*OK*K4","1","OK","US","RDGRS","K4","","","SE","130","RNAV","310","R","4","2","Added",""
"2026/05/14","RUTTY WP*AK*PA","1","AK","US","RUTTY","PA","","","S","196","RNAV","16","R","7","2","Added",""
"2026/05/14","SEDEY WP*ND*K3","1","ND","US","SEDEY","K3","","","E","80","RNAV","260","R","4","2","Added",""
"2026/05/14","SKIPP INT*FL*K7","2","FL","US","SKIPP","K7","EYW","VORTAC","W","278","RAD","98","R","4","2","Added",""
"2026/05/14","SKIPP WP*FL*K7","1","FL","US","SKIPP","K7","","","W","281","RNAV","101","R","4","2","Added",""
"2026/05/14","STULL WP*SC*K7","1","SC","US","STULL","K7","CLT","VOR/DME","W","252","RNAV","72","R","4","2","Added",""
"2026/05/14","TEESY WP*PA*K6","1","PA","US","TEESY","K6","","","W","285","RNAV","105","R","10","2","Added",""
"2026/05/14","THUMP INT*FL*K7","1","FL","US","THUMP","K7","NQX","TACAN","W","252","RAD","72","L","7","2","Added",""
"2026/05/14","TOTOE WP*KS*K3","1","KS","US","TOTOE","K3","","","E","100","RNAV","280","R","10","2","Added",""
"2026/05/14","UNIVERSITY NDB*OH","1","OH","US","","","UGS","NDB","NE","67","BRG","247","R","","2","Added",""
"2026/05/14","UYUPE WP*OK*K4","1","OK","US","UYUPE","K4","","","E","100","RNAV","280","R","10","2","Added",""
"2026/05/14","VAPOR WP*OK*K4","1","OK","US","VAPOR","K4","","","NW","310","RNAV","130","R","4","2","Added",""
"2026/05/14","VERSI LOM*WV","1","WV","US","","","JPU","VOR/DME","SW","207","RAD","27","R","","2","Added",""
"2026/05/14","WICHITA VORTAC*KS","3","KS","US","","","ICT","VORTAC","E","90","RNAV","270","R","10","2","Added",""
"2026/05/14","WICHITA VORTAC*KS","4","KS","US","","","ICT","VORTAC","E","90","RAD","270","R","","2","Added",""
"2026/05/14","ZANUP WP*HI*PH","1","HI","US","ZANUP","PH","","","SW","219","RNAV","39","R","","2","Added",""
"2026/05/14","ZOMGU WP*FL*K7","2","FL","US","ZOMGU","K7","","","NW","295","RNAV","115","L","4","2","Added",""
